word,length
aachen,6
aalborg,7
aalii,5
aalst,5
aalto,5
aardvark,8
aardwolf,8
aare,4
aarhus,6
aaron,5
aarp,4
aave,4
abaca,5
abacinate,9
aback,5
abactinal,9
abacus,6
abadan,6
abaft,5
abalone,7
abamp,5
abampere,8
abandon,7
abandoned,9
abandonment,11
abarticulation,14
abase,5
abasement,9
abash,5
abashed,7
abashment,9
abasia,6
abasic,6
abatable,8
abate,5
abatement,9
abatic,6
abatis,6
abator,6
abattis,7
abattoir,8
abaxial,7
abaxially,9
abaya,5
abbacy,6
abbatial,8
abbe,4
abbess,6
abbey,5
abbot,5
abbreviate,10
abbreviated,11
abbreviation,12
abbreviator,11
abcoulomb,9
abcs,4
abdias,6
abdicable,9
abdicate,8
abdication,10
abdicator,9
abdomen,7
abdominal,9
abdominoplasty,14
abdominous,10
abdominousness,14
abdominovesical,15
abduce,6
abducens,8
abducent,8
abduct,6
abducting,9
abduction,9
abductor,8
abeam,5
abecedarian,11
abecedarius,11
abed,4
abel,4
abelard,7
abele,5
abelia,6
abelmoschus,11
abelmosk,8
abenaki,7
aberdare,8
aberdeen,8
aberdonian,10
aberrance,9
aberrancy,9
aberrant,8
aberrate,8
aberration,10
abet,4
abetment,8
abettal,7
abetter,7
abettor,7
abeyance,8
abeyant,7
abfarad,7
abhenry,7
abhor,5
abhorrence,10
abhorrent,9
abhorrer,8
abidance,8
abide,5
abiding,7
abidjan,7
abience,7
abient,6
abies,5
abila,5
abilene,7
ability,7
abiogenesis,11
abiogenetic,11
abiogenist,10
abiotrophy,10
abject,6
abjection,9
abjectly,8
abjuration,10
abjure,6
abjurer,7
abkhas,6
abkhasian,9
abkhaz,6
abkhazia,8
abkhazian,9
ablactate,9
ablactation,11
ablate,6
ablated,7
ablation,8
ablative,8
ablaut,6
ablaze,6
able,4
ableism,7
ablepharia,10
ablism,6
abloom,6
abls,4
ablution,8
ablutionary,11
ably,4
abnaki,6
abnegate,8
abnegation,10
abnegator,9
abnormal,8
abnormalcy,10
abnormality,11
abnormally,10
aboard,6
abocclusion,11
abode,5
abohm,5
abolish,7
abolishable,11
abolishment,11
abolition,9
abolitionary,12
abolitionism,12
abolitionist,12
abomasal,8
abomasum,8
abominable,10
abominably,10
abominate,9
abomination,11
abominator,10
abor,4
aborad,6
aboral,6
aboriginal,10
aborigine,9
abort,5
aborticide,10
abortifacient,13
abortion,8
abortionist,11
abortive,8
abortively,10
abortus,7
aboulia,7
aboulic,7
abound,6
abounding,9
about,5
above,5
aboveboard,10
aboveground,11
abracadabra,11
abrachia,8
abradant,8
abrade,6
abrader,7
abraham,7
abramis,7
abranchial,10
abranchiate,11
abranchious,11
abrase,6
abrasion,8
abrasive,8
abrasiveness,12
abreact,7
abreaction,10
abreast,7
abridge,7
abridged,8
abridgement,11
abridger,8
abridgment,10
abroach,7
abroad,6
abrocoma,8
abrocome,8
abrogate,8
abrogation,10
abrogator,9
abronia,7
abrupt,6
abruption,9
abruptly,8
abruptness,10
abruzzi,7
abscess,7
abscessed,9
abscise,7
abscissa,8
abscission,10
abscond,7
absconder,9
abscondment,11
abseil,6
abseiler,8
absence,7
absent,6
absentee,8
absenteeism,11
absently,8
absentminded,12
absentmindedly,14
absinth,7
absinthe,8
absolute,8
absolutely,10
absoluteness,12
absolution,10
absolutism,10
absolutist,10
absolutistic,12
absolve,7
absolved,8
absolver,8
absolvitory,11
absorb,6
absorbable,10
absorbance,10
absorbate,9
absorbed,8
absorbefacient,14
absorbency,10
absorbent,9
absorber,8
absorbing,9
absorptance,11
absorption,10
absorptive,10
absorptivity,12
absquatulate,12
abstain,7
abstainer,9
abstemious,10
abstemiously,12
abstemiousness,14
abstention,10
abstentious,11
abstinence,10
abstinent,9
abstract,8
abstracted,10
abstractedly,12
abstractedness,14
abstracter,10
abstraction,11
abstractionism,14
abstractionist,14
abstractive,11
abstractly,10
abstractness,12
abstractor,10
abstruse,8
abstrusely,10
abstruseness,12
abstrusity,10
absurd,6
absurdity,9
absurdly,8
absurdness,10
abudefduf,9
abuja,5
abukir,6
abulia,6
abulic,6
abundance,9
abundant,8
abundantly,10
abuse,5
abused,6
abuser,6
abusive,7
abusively,9
abut,4
abutilon,8
abutment,8
abutter,7
abuzz,5
abvolt,6
abwatt,6
abydos,6
abye,4
abyla,5
abysm,5
abysmal,7
abysmally,9
abyss,5
abyssal,7
abyssinia,9
abyssinian,10
acacia,6
academe,7
academia,8
academic,8
academically,12
academician,11
academicianship,15
academicism,11
academism,9
academy,7
acadia,6
acadian,7
acalypha,8
acantha,7
acanthaceae,11
acanthion,9
acanthisitta,12
acanthisittidae,15
acanthocephala,14
acanthocephalan,15
acanthocereus,13
acanthocybium,13
acanthocyte,11
acanthocytosis,14
acanthoid,9
acantholysis,12
acanthoma,9
acanthophis,11
acanthopterygii,15
acanthoscelides,15
acanthosis,10
acanthotic,10
acanthous,9
acanthuridae,12
acanthurus,10
acanthus,8
acapnia,7
acapnial,8
acapnic,7
acapnotic,9
acapulco,8
acaracide,9
acardia,7
acariasis,9
acaricide,9
acarid,6
acaridae,8
acaridiasis,11
acarina,7
acarine,7
acariosis,9
acarophobia,11
acarpellous,11
acarpelous,10
acarpous,8
acarus,6
acaryote,8
acatalectic,11
acataphasia,11
acathexia,9
acathexis,9
acaudal,7
acaudate,8
acaulescent,11
accede,6
accelerando,11
accelerate,10
accelerated,11
acceleration,12
accelerative,12
accelerator,11
acceleratory,12
accelerometer,13
accent,6
accented,8
accenting,9
accentor,8
accentual,9
accentuate,10
accentuation,12
accept,6
acceptability,13
acceptable,10
acceptableness,14
acceptably,10
acceptance,10
acceptant,9
acceptation,11
accepted,8
accepting,9
acceptive,9
acceptor,8
access,6
accessary,9
accessibility,13
accessible,10
accession,9
accessional,11
accessorial,11
accessory,9
accho,5
acciaccatura,12
accidence,9
accident,8
accidental,10
accidentally,12
accipiter,9
accipitridae,12
accipitriformes,15
accipitrine,11
acclaim,7
acclamation,11
acclimate,9
acclimation,11
acclimatisation,15
acclimatise,11
acclimatization,15
acclimatize,11
acclivitous,11
acclivity,9
accolade,8
accommodate,11
accommodating,13
accommodatingly,15
accommodation,13
accommodational,15
accommodative,13
accommodator,12
accompanied,11
accompaniment,13
accompanist,11
accompany,9
accompanying,12
accompanyist,12
accomplice,10
accomplish,10
accomplishable,14
accomplished,12
accomplishment,14
accord,6
accordance,10
accordant,9
according,9
accordingly,11
accordion,9
accordionist,12
accost,6
accouchement,12
accoucheur,10
accoucheuse,11
account,7
accountability,14
accountable,11
accountancy,11
accountant,10
accountantship,14
accounting,10
accouter,8
accoutered,10
accouterment,12
accoutre,8
accoutred,9
accoutrement,12
accra,5
accredit,8
accreditation,13
accredited,10
accrete,7
accretion,9
accretionary,12
accretive,9
accroides,9
accrual,7
accrue,6
accrued,7
accruement,10
acculturate,11
acculturation,13
acculturational,15
acculturative,13
accumbent,9
accumulate,10
accumulated,11
accumulation,12
accumulative,12
accumulator,11
accuracy,8
accurate,8
accurately,10
accurse,7
accursed,8
accurst,7
accusal,7
accusation,10
accusative,10
accusatorial,12
accusatory,10
accuse,6
accused,7
accuser,7
accusing,8
accusingly,10
accusive,8
accustom,8
accustomed,10
acebutolol,10
acedia,6
acellular,9
acentric,8
acephalia,9
acephalism,10
acephalous,10
acephaly,8
acer,4
aceraceae,9
acerate,7
acerb,5
acerbate,8
acerbic,7
acerbity,8
acerola,7
acerose,7
acervate,8
acervulus,9
acetabular,10
acetabulum,10
acetal,6
acetaldehyde,12
acetaldol,9
acetamide,9
acetaminophen,13
acetanilid,10
acetanilide,11
acetate,7
acetic,6
acetify,7
acetin,6
acetone,7
acetonemia,10
acetonic,8
acetonuria,10
acetophenetidin,15
acetose,7
acetous,7
acetphenetidin,14
acetum,6
acetyl,6
acetylate,9
acetylation,11
acetylcholine,13
acetylene,9
acetylenic,10
acetylic,8
acetylise,9
acetylize,9
achaea,6
achaean,7
achaian,7
ache,4
achene,6
achenial,8
acheron,7
acheronian,10
acherontia,10
acherontic,10
acheson,7
acheta,6
achievability,13
achievable,10
achieve,7
achievement,11
achiever,8
achillea,8
achilles,8
achimenes,9
aching,6
achira,6
achlamydeous,12
achlorhydria,12
achlorhydric,12
achoerodus,10
acholia,7
achomawi,8
achondrite,10
achondritic,11
achondroplasia,14
achondroplastic,15
achondroplasty,14
achras,6
achromasia,10
achromatic,10
achromaticity,13
achromatin,10
achromatinic,12
achromatise,11
achromatism,11
achromatize,11
achromatous,11
achromia,8
achromic,8
achromous,9
achromycin,10
achy,4
achylia,7
acicula,7
acicular,8
aciculate,9
acid,4
acidemia,8
acidic,6
acidification,13
acidify,7
acidimetric,11
acidimetry,10
acidity,7
acidophil,9
acidophile,10
acidophilic,11
acidophilous,12
acidophilus,11
acidosis,8
acidotic,8
acidulate,9
acidulent,9
acidulous,9
acidulousness,13
aciduric,8
acinar,6
acinic,6
acinonyx,8
acinos,6
acinose,7
acinous,7
acinus,6
acipenser,9
acipenseridae,13
ackee,5
acknowledge,11
acknowledgeable,15
acknowledged,12
acknowledgement,15
acknowledgment,14
aclant,6
acme,4
acne,4
acned,5
acneiform,9
acnidosporidia,14
acocanthera,11
acokanthera,11
acold,5
acolyte,7
aconcagua,9
aconite,7
aconitum,8
acoraceae,9
acorea,6
acores,6
acorn,5
acorus,6
acousma,7
acoustic,8
acoustical,10
acoustically,12
acoustician,11
acousticophobia,15
acoustics,9
acquaint,8
acquaintance,12
acquainted,10
acquiesce,9
acquiescence,12
acquiescent,11
acquirable,10
acquire,7
acquired,8
acquirement,11
acquirer,8
acquiring,9
acquisition,11
acquisitive,11
acquisitiveness,15
acquit,6
acquittal,9
acquittance,11
acquitted,9
acragas,7
acrasiomycetes,14
acre,4
acreage,7
acres,5
acrid,5
acridid,7
acrididae,9
acridity,8
acridness,9
acridotheres,12
acrilan,7
acrimonious,11
acrimony,8
acris,5
acritical,9
acroanaesthesia,15
acroanesthesia,14
acrobat,7
acrobates,9
acrobatic,9
acrobatics,10
acrocarp,8
acrocarpous,11
acrocarpus,10
acrocentric,11
acrocephalus,12
acrocephaly,11
acroclinium,11
acrocomia,9
acrocyanosis,12
acrodont,8
acrogen,7
acrogenic,9
acrogenous,10
acrolein,8
acromegalia,11
acromegalic,11
acromegaly,10
acromicria,10
acromikria,10
acromion,8
acromphalus,11
acromyotonia,12
acronym,7
acronymic,9
acronymous,10
acropetal,9
acrophobia,10
acrophobic,10
acrophony,9
acropolis,9
acropora,8
acroscopic,10
acrosome,8
across,6
acrostic,8
acrostichum,11
acrylamide,10
acrylate,8
acrylic,7
acrylonitrile,13
actable,7
actaea,6
acth,4
actias,6
actifed,7
actin,5
actinal,7
actinaria,9
acting,6
actinia,7
actinian,8
actiniaria,10
actiniarian,11
actinic,7
actinide,8
actinidia,9
actinidiaceae,13
actiniopteris,13
actinism,8
actinium,8
actinoid,8
actinolite,10
actinomeris,11
actinometer,11
actinometric,12
actinometrical,14
actinometry,11
actinomorphic,13
actinomorphous,14
actinomyces,11
actinomycetal,13
actinomycetales,15
actinomycete,12
actinomycetous,14
actinomycin,11
actinomycosis,13
actinomycotic,13
actinomyxidia,13
actinomyxidian,14
actinon,7
actinopod,9
actinopoda,10
actinotherapy,13
actinozoa,9
actinozoan,10
action,6
actionable,10
actitis,7
actium,6
activase,8
activate,8
activated,9
activating,10
activation,10
activator,9
active,6
actively,8
activeness,10
activewear,10
activism,8
activist,8
activistic,10
activity,8
actomyosin,10
actor,5
actress,7
acts,4
actual,6
actualisation,13
actualise,9
actuality,9
actualization,13
actualize,9
actually,8
actuarial,9
actuary,7
actuate,7
actuated,8
actuating,9
actuation,9
actuator,8
acuate,6
acuity,6
acular,6
aculea,6
aculeate,8
aculeated,9
aculeus,7
acumen,6
acuminate,9
acupressure,11
acupuncture,11
acute,5
acutely,7
acuteness,9
acyclic,7
acyclovir,9
acyl,4
acylation,9
acylglycerol,12
adactylia,9
adactylism,10
adactylous,10
adactyly,8
adad,4
adage,5
adagio,6
adalia,6
adam,4
adamance,8
adamant,7
adamantine,10
adamantly,9
adams,5
adana,5
adansonia,9
adapa,5
adapid,6
adapin,6
adapt,5
adaptability,12
adaptable,9
adaptation,10
adaptational,12
adaptative,10
adapted,7
adapter,7
adaption,8
adaptive,8
adaptor,7
adar,4
adaxial,7
adaxially,9
addable,7
addax,5
addend,6
addendum,8
adder,5
addible,7
addict,6
addicted,8
addiction,9
addictive,9
addition,8
additional,10
additionally,12
additive,8
addle,5
addlebrained,12
addled,6
addlehead,9
addlepated,10
address,7
addressable,11
addressed,9
addressee,9
addressograph,13
adduce,6
adducent,8
adducer,7
adducing,8
adduct,6
adducting,9
adduction,9
adductive,9
adductor,8
adelaide,8
adelges,7
adelgid,7
adelgidae,9
adelie,6
aden,4
adenanthera,11
adenauer,8
adenine,7
adenitis,8
adenium,7
adenocarcinoma,14
adenohypophysis,15
adenoid,7
adenoidal,9
adenoidectomy,13
adenoma,7
adenomegaly,11
adenomyosarcoma,15
adenomyosis,11
adenopathy,10
adenosine,9
adenosis,8
adenota,7
adenovirus,10
adept,5
adeptness,9
adequacy,8
adequate,8
adequately,10
adequateness,12
adermin,7
adesite,7
adhd,4
adhere,6
adherence,9
adherent,8
adhesion,8
adhesive,8
adhesiveness,12
adhocracy,9
adiabatic,9
adiantaceae,11
adiantum,8
adience,7
adient,6
adieu,5
adige,5
adios,5
adipose,7
adiposeness,11
adiposis,8
adiposity,9
adirondacks,11
adit,4
aditi,5
aditya,6
adjacency,9
adjacent,8
adjectival,10
adjectivally,12
adjective,9
adjectively,11
adjoin,6
adjourn,7
adjournment,11
adjudge,7
adjudicate,10
adjudication,12
adjudicative,12
adjudicator,11
adjudicatory,12
adjunct,7
adjunction,10
adjunctive,10
adjuration,10
adjuratory,10
adjure,6
adjust,6
adjustable,10
adjusted,8
adjuster,8
adjustive,9
adjustment,10
adjustor,8
adjutant,8
adjuvant,8
adlumia,7
adman,5
admass,6
admeasure,9
administer,10
administrable,13
administrate,12
administration,14
administrative,14
administrator,13
administrivia,13
admirability,12
admirable,9
admirableness,13
admirably,9
admiral,7
admiralty,9
admiration,10
admire,6
admired,7
admirer,7
admiringly,10
admissibility,13
admissible,10
admission,9
admissive,9
admit,5
admittable,10
admittance,10
admittedly,10
admittible,10
admix,5
admixture,9
admonish,8
admonisher,10
admonishing,11
admonishment,12
admonition,10
admonitory,10
adnate,6
adnexa,6
adnexal,7
adnoun,6
adobe,5
adobo,5
adolesce,8
adolescence,11
adolescent,10
adonic,6
adonis,6
adopt,5
adoptable,9
adopted,7
adoptee,7
adopter,7
adoption,8
adoptive,8
adorability,11
adorable,8
adorableness,12
adorably,8
adoration,9
adore,5
adored,6
adorer,6
adoring,7
adoringly,9
adorn,5
adorned,7
adornment,9
adoxography,11
adpressed,9
adps,4
adrenal,7
adrenalectomy,13
adrenalin,9
adrenaline,10
adrenarche,10
adrenergic,10
adrenocortical,14
adrenosterone,13
adrian,6
adrianople,10
adrianopolis,12
adriatic,8
adrift,6
adroit,6
adroitly,8
adroitness,10
adscititious,12
adscript,8
adscripted,10
adsorb,6
adsorbable,10
adsorbate,9
adsorbent,9
adsorption,10
adsorptive,10
adulate,7
adulation,9
adulator,8
adulatory,9
adult,5
adulterant,10
adulterate,10
adulterated,11
adulterating,12
adulteration,12
adulterator,11
adulterer,9
adulteress,10
adulterine,10
adulterous,10
adulterously,12
adultery,8
adulthood,9
adumbrate,9
adumbration,11
adumbrative,11
adust,5
advance,7
advanced,8
advancement,11
advancer,8
advancing,9
advantage,9
advantageous,12
advantageously,14
advect,6
advection,9
advective,9
advent,6
adventism,9
adventist,9
adventitia,10
adventitial,11
adventitious,12
adventive,9
adventure,9
adventurer,10
adventuresome,13
adventuress,11
adventurism,11
adventuristic,13
adventurous,11
adventurousness,15
adverb,6
adverbial,9
adverbially,11
adversary,9
adversative,11
adverse,7
adversely,9
adversity,9
advert,6
advertence,10
advertency,10
advertent,9
advertently,11
advertise,9
advertised,10
advertisement,13
advertiser,10
advertising,11
advertize,9
advertizement,13
advertizer,10
advertizing,11
advertorial,11
advice,6
advil,5
advisability,12
advisable,9
advise,6
advised,7
advisedly,9
advisee,7
advisement,10
adviser,7
advisor,7
advisory,8
advocacy,8
advocate,8
advocator,9
advowson,8
adynamia,8
adynamic,8
adze,4
adzhar,6
adzharia,8
aecial,6
aeciospore,10
aecium,6
aedes,5
aegates,7
aegean,6
aegiceras,9
aegilops,8
aegina,6
aegir,5
aegis,5
aegisthus,9
aegospotami,11
aegospotamos,12
aegypiidae,10
aegypius,8
aegyptopithecus,15
aeneas,6
aeneid,6
aengus,6
aeolia,6
aeolian,7
aeolic,6
aeolis,6
aeolotropic,11
aeolus,6
aeon,4
aeonian,7
aeonium,7
aepyceros,9
aepyornidae,11
aepyorniformes,14
aepyornis,9
aerate,6
aerated,7
aeration,8
aerator,7
aerial,6
aerialist,9
aerially,8
aerides,7
aerie,5
aeriferous,10
aeriform,8
aerify,6
aerobacter,10
aerobatics,10
aerobe,6
aerobic,7
aerobics,8
aerobiosis,10
aerobiotic,10
aerodontalgia,13
aerodrome,9
aerodynamic,11
aerodynamics,12
aeroembolism,12
aerofoil,8
aerogenerator,13
aerogram,8
aerogramme,10
aerolite,8
aerolitic,9
aerological,11
aerology,8
aeromechanic,12
aeromechanics,13
aeromedical,11
aeromedicine,12
aeronaut,8
aeronautic,10
aeronautical,12
aeronautics,11
aerophagia,10
aerophilatelic,14
aerophilately,13
aerophile,9
aerophilic,10
aerophilous,11
aerophyte,9
aeroplane,9
aerosol,7
aerosolise,10
aerosolised,11
aerosolize,10
aerosolized,11
aerospace,9
aertex,6
aery,4
aeschylean,10
aeschylus,9
aeschynanthus,13
aesculapian,11
aesculapius,11
aesculus,8
aesir,5
aesop,5
aesthesia,9
aesthesis,9
aesthete,8
aesthetic,9
aesthetical,11
aesthetically,13
aesthetician,12
aesthetics,10
aestival,8
aestivate,9
aestivation,11
aether,6
aethionema,10
aethusa,7
aetiologic,10
aetiological,12
aetiologist,11
aetiology,9
aetobatus,9
afar,4
afeard,6
afeared,7
afebrile,8
affability,10
affable,7
affableness,11
affably,7
affair,6
affaire,7
affairs,7
affect,6
affectation,11
affected,8
affectedly,10
affectedness,12
affecting,9
affectingly,11
affection,9
affectional,11
affectionate,12
affectionately,14
affective,9
affenpinscher,13
afferent,8
affiance,8
affiant,7
affidavit,9
affiliate,9
affiliated,10
affiliation,11
affinal,7
affine,6
affined,7
affinity,8
affirm,6
affirmable,10
affirmation,11
affirmative,11
affirmatively,13
affirmativeness,15
affirmatory,11
affirmed,8
affirmer,8
affix,5
affixal,7
affixation,10
affixed,7
affixial,8
afflatus,8
afflict,7
afflicted,9
affliction,10
afflictive,10
affluence,9
affluent,8
afford,6
affordable,10
afforest,8
afforestation,13
affranchise,11
affray,6
affricate,9
affrication,11
affricative,11
affright,8
affront,7
affusion,8
afghan,6
afghani,7
afghanistan,11
afghanistani,12
afibrinogenemia,15
aficionado,10
afield,6
afire,5
afisr,5
aflame,6
aflare,6
aflatoxin,9
aflaxen,7
aflicker,8
afloat,6
aflutter,8
afoot,5
aforementioned,14
aforesaid,9
aforethought,12
afoul,5
afraid,6
aframomum,9
afrasian,8
afresh,6
africa,6
african,7
africander,10
afrikaans,9
afrikander,10
afrikaner,9
afrl,4
afro,4
afroasiatic,11
afrocarpus,10
afropavo,8
afspc,5
after,5
afterbirth,10
afterburner,11
aftercare,9
afterdamp,9
afterdeck,9
aftereffect,11
afterglow,9
afterimage,10
afterlife,9
aftermath,9
aftermost,9
afternoon,9
afterpains,10
afterpiece,10
afters,6
aftersensation,14
aftershaft,10
aftershafted,12
aftershock,10
aftertaste,10
afterthought,12
afterward,9
afterwards,10
afterworld,10
again,5
agal,4
agalactia,9
agalactosis,11
agalinis,8
agama,5
agamemnon,9
agamete,7
agamic,6
agamid,6
agamidae,8
agamogenesis,12
agamogenetic,12
agamous,7
agapanthus,10
agape,5
agapornis,9
agar,4
agaric,6
agaricaceae,11
agaricales,10
agaricus,8
agassiz,7
agastache,9
agate,5
agateware,9
agathis,7
agavaceae,9
agave,5
agaze,5
agdestis,8
agdistis,8
aged,4
agedness,8
agee,4
ageing,6
ageism,6
agelaius,8
ageless,7
agelessness,11
agelong,7
agency,6
agenda,6
agendum,7
agene,5
agenesia,8
agenesis,8
agenise,7
agenize,7
agent,5
agential,8
agerasia,8
ageratina,9
ageratum,8
aggeus,6
agglomerate,11
agglomerated,12
agglomeration,13
agglomerative,13
agglomerator,12
agglutinate,11
agglutination,13
agglutinative,13
agglutinin,10
agglutinogen,12
aggrade,7
aggrandise,10
aggrandisement,14
aggrandize,10
aggrandizement,14
aggravate,9
aggravated,10
aggravating,11
aggravatingly,13
aggravation,11
aggravator,10
aggregate,9
aggregated,10
aggregation,11
aggregative,11
aggregator,10
aggress,7
aggression,10
aggressive,10
aggressively,12
aggressiveness,14
aggressor,9
aggrieve,8
aggro,5
aggroup,7
agha,4
aghan,5
aghast,6
agile,5
agilely,7
agility,7
agincourt,9
aging,5
agio,4
agiotage,8
agism,5
agitate,7
agitated,8
agitating,9
agitation,9
agitative,9
agitator,8
agitprop,8
agkistrodon,11
aglaia,6
aglaomorpha,11
aglaonema,9
agleam,6
aglet,5
aglitter,8
aglow,5
agnail,6
agnate,6
agnatha,7
agnathan,8
agnatic,7
agnation,8
agni,4
agnise,6
agnize,6
agnomen,7
agnosia,7
agnostic,8
agnostical,10
agnosticism,11
agog,4
agon,4
agonadal,8
agonal,6
agone,5
agonidae,8
agonise,7
agonised,8
agonising,9
agonist,7
agonistic,9
agonistical,11
agonize,7
agonized,8
agonizing,9
agonizingly,11
agonus,6
agony,5
agora,5
agoraphobia,11
agoraphobic,11
agouti,6
agra,4
agranulocytic,13
agranulocytosis,15
agranulosis,11
agrapha,7
agraphia,8
agraphic,8
agrarian,8
agree,5
agreeability,12
agreeable,9
agreeableness,13
agreeably,9
agreed,6
agreement,9
agrestic,8
agribusiness,12
agricola,8
agricultural,12
agriculturalist,15
agriculture,11
agriculturist,13
agrigento,9
agrimonia,9
agrimony,8
agriocharis,11
agrippa,7
agrippina,9
agrobacterium,13
agrobiologic,12
agrobiological,14
agrobiology,11
agrologic,9
agrological,11
agrology,8
agromania,9
agronomic,9
agronomical,11
agronomist,10
agronomy,8
agropyron,9
agrostemma,10
agrostis,8
aground,7
agrypnia,8
agrypnotic,10
agua,4
aguacate,8
ague,4
agueweed,8
aguish,6
ahab,4
ahead,5
ahem,4
ahimsa,6
ahistorical,11
ahorse,6
ahorseback,10
ahpcrc,6
ahriman,7
ahuehuete,9
ahura,5
ahvenanmaa,10
aiai,4
aide,4
aided,5
aides,5
aidoneus,8
aids,4
aigina,6
aiglet,6
aigret,6
aigrette,8
aiguilette,10
aiken,5
aikido,6
ailanthus,9
aileron,7
ailey,5
ailing,6
ailment,7
ailurophobia,12
ailuropoda,10
ailuropodidae,13
ailurus,7
aimless,7
aimlessly,9
aimlessness,11
aioli,5
airborne,8
airbrake,8
airbrush,8
airburst,8
airbus,6
aircraft,8
aircraftman,11
aircraftsman,12
aircrew,7
aircrewman,10
airdock,7
airdrome,8
airdrop,7
aire,4
aired,5
airedale,8
airfare,7
airfield,8
airflow,7
airfoil,7
airforce,8
airframe,8
airfreight,10
airgun,6
airhead,7
airheaded,9
airily,6
airiness,8
airing,6
airless,7
airlift,7
airlike,7
airline,7
airliner,8
airlock,7
airmail,7
airmailer,9
airman,6
airmanship,10
airplane,8
airport,7
airpost,7
airs,4
airscrew,8
airship,7
airsick,7
airsickness,11
airspace,8
airspeed,8
airstream,9
airstrip,8
airt,4
airtight,8
airwave,7
airway,6
airwoman,8
airworthiness,13
airworthy,9
airy,4
aisle,5
aitchbone,9
aizoaceae,9
ajaia,5
ajar,4
ajax,4
ajuga,5
akaba,5
akan,4
akaryocyte,10
akaryote,8
akee,4
aken,4
akeridae,8
akha,4
akhbari,7
akhenaten,9
akhenaton,9
akimbo,6
akin,4
akinesia,8
akinesis,8
akka,4
akkadian,8
akko,4
akmola,6
akron,5
akvavit,7
alabama,7
alabaman,8
alabamian,9
alabaster,9
alabastrine,11
alacritous,10
alacrity,8
aladdin,7
alalia,6
alamo,5
alanine,7
alar,4
alaric,6
alarm,5
alarmed,7
alarming,8
alarmingly,10
alarmism,8
alarmist,8
alarum,6
alary,5
alas,4
alaska,6
alaskan,7
alastrim,8
alate,5
alated,6
alauda,6
alaudidae,9
albacore,8
albania,7
albanian,8
albany,6
albatrellus,11
albatross,9
albedo,6
albee,5
albers,6
albert,6
alberta,7
alberti,7
albescent,9
albigenses,10
albigensian,11
albigensianism,14
albinal,7
albinic,7
albinism,8
albinistic,10
albino,6
albinotic,9
albion,6
albite,6
albitic,7
albizia,7
albizzia,8
alborg,6
albuca,6
albuginaceae,12
albuginea,9
albugo,6
albula,6
albulidae,9
album,5
albumen,7
albumin,7
albuminoid,10
albuminous,10
albuminuria,11
albuminuric,11
albuquerque,11
albuterol,9
alca,4
alcaeus,7
alcahest,8
alcaic,6
alcalde,7
alcalescent,11
alcapton,8
alcaptonuria,12
alcazar,7
alcea,5
alcedinidae,11
alcedo,6
alcelaphus,10
alces,5
alchemic,8
alchemical,10
alchemise,9
alchemist,9
alchemistic,11
alchemistical,13
alchemize,9
alchemy,7
alcibiades,10
alcidae,7
alcides,7
alcohol,7
alcoholic,9
alcoholise,10
alcoholism,10
alcoholize,10
alcott,6
alcove,6
alcyonacea,10
alcyonaria,10
alcyone,7
aldactone,9
aldebaran,9
aldehyde,8
aldehydic,9
alder,5
alderfly,8
alderman,8
aldermanic,10
aldermanly,10
aldohexose,10
aldol,5
aldomet,7
aldose,6
aldosterone,11
aldosteronism,13
aldrovanda,10
aleatory,8
alecost,7
alectis,7
alecto,6
alectoria,9
alectoris,9
alectura,8
alee,4
alehoof,7
alehouse,8
alembic,7
alendronate,11
alep,4
aleph,5
alepisaurus,11
aleppo,6
alert,5
alerting,8
alertly,7
alertness,9
aletris,7
aleurites,9
aleurone,8
aleuronic,9
aleut,5
aleutian,8
aleutians,9
aleve,5
alewife,7
alexander,9
alexanders,10
alexandria,10
alexandrian,11
alexandrine,11
alexandrite,11
alexia,6
alexic,6
aleyrodes,9
aleyrodidae,11
alfalfa,7
alfilaria,9
alfileria,9
alfred,6
alfresco,8
alga,4
algae,5
algal,5
algarobilla,11
algarroba,9
algarrobilla,12
algebra,7
algebraic,9
algebraical,11
algebraically,13
algebraist,10
alger,5
algeria,7
algerian,8
algerie,7
algeripithecus,14
algid,5
algidity,8
algiers,7
algin,5
algoid,6
algol,5
algolagnia,10
algolagnic,10
algology,8
algometer,9
algometric,10
algometrical,12
algometry,9
algonkian,9
algonkin,8
algonquian,10
algonquin,9
algophilia,10
algophobia,10
algophobic,10
algorism,8
algorithm,9
algorithmic,11
algren,6
alhacen,7
alhambra,8
alhazen,7
alias,5
alibi,5
alidad,6
alidade,7
alien,5
alienable,9
alienage,8
alienate,8
alienated,9
alienating,10
alienation,10
alienator,9
alienee,7
alienism,8
alienist,8
alienor,7
aliform,7
alight,6
align,5
aligned,7
aligning,8
alignment,9
alike,5
alikeness,9
aliment,7
alimental,9
alimentary,10
alimentation,12
alimentative,12
alimony,7
aline,5
alinement,9
aliphatic,9
aliquant,8
aliquot,7
alir,4
alisma,6
alismales,9
alismataceae,12
alismatidae,11
aliterate,9
alive,5
aliveness,9
aliyah,6
alizarin,8
alizarine,9
alkahest,8
alkahestic,10
alkalemia,9
alkalescent,11
alkali,6
alkalic,7
alkalify,8
alkalimetry,11
alkaline,8
alkalinise,10
alkalinity,10
alkalinize,10
alkalinuria,11
alkalise,8
alkaliser,9
alkalize,8
alkalizer,9
alkaloid,8
alkaloidal,10
alkalosis,9
alkalotic,9
alkaluria,9
alkane,6
alkanet,7
alkapton,8
alkaptonuria,12
alkene,6
alkeran,7
alky,4
alkyd,5
alkyl,5
alkylbenzene,12
alkylic,7
alkyne,6
allah,5
allamanda,9
allantoic,9
allantoid,9
allantois,9
allargando,10
allay,5
allayer,7
allegation,10
allege,6
alleged,7
allegedly,9
allegement,10
alleghenies,11
allegheny,9
allegiance,10
allegiant,9
allegoric,9
allegorical,11
allegorically,13
allegorise,10
allegoriser,11
allegorize,10
allegorizer,11
allegory,8
allegretto,10
allegro,7
allele,6
allelic,7
allelomorph,11
allelomorphic,13
allemande,9
allen,5
allentown,9
allergen,8
allergenic,10
allergic,8
allergist,9
allergology,11
allergy,7
alleviant,9
alleviate,9
alleviated,10
alleviation,11
alleviative,11
alleviator,10
alleviatory,11
alley,5
alleyway,8
allgood,7
allhallows,10
allhallowtide,13
alliaceae,9
alliaceous,10
alliance,8
alliaria,8
allice,6
allied,6
allies,6
alligator,9
alligatored,11
alligatorfish,13
alligatoridae,13
allionia,8
allioniaceae,12
allis,5
alliterate,10
alliteration,12
alliterative,12
alliteratively,14
alliterator,11
allium,6
allmouth,8
alloantibody,12
allocable,9
allocatable,11
allocate,8
allocation,10
allocator,9
allochronic,11
allochthonous,13
allocution,10
allogamous,10
allogamy,8
allogeneic,10
allograft,9
allograph,9
allographic,11
allomerism,10
allomerous,10
allometric,10
allometry,9
allomorph,9
allomorphic,11
allopathic,10
allopathy,9
allopatric,10
allopatry,9
allophone,9
allophonic,10
allopurinol,11
allosaur,8
allosaurus,10
allot,5
allotment,9
allotrope,9
allotropic,10
allotropical,12
allotropism,11
allotropy,9
allotted,8
allover,7
allow,5
allowable,9
allowably,9
allowance,9
alloy,5
alloyed,7
allspice,8
allude,6
allure,6
allurement,10
alluring,8
allusion,8
allusive,8
allusiveness,12
alluvial,8
alluviation,11
alluvion,8
alluvium,8
ally,4
allyl,5
allylic,7
almanac,7
almandine,9
almandite,9
almaty,6
almighty,8
almond,6
almoner,7
almoravid,9
almost,6
alms,4
almsgiver,9
almsgiving,10
alnico,6
alnus,5
alocasia,8
aloe,4
aloeaceae,9
aloes,5
aloft,5
aloha,5
alone,5
aloneness,9
along,5
alongside,9
alonso,6
aloof,5
aloofness,9
alopecia,8
alopecic,8
alopecurus,10
alopex,6
alopiidae,9
alopius,7
alosa,5
alouatta,8
aloud,5
alpaca,6
alpena,6
alpenstock,10
alpestrine,10
alpha,5
alphabet,8
alphabetic,10
alphabetical,12
alphabetically,14
alphabetisation,15
alphabetise,11
alphabetised,12
alphabetiser,12
alphabetization,15
alphabetize,11
alphabetized,12
alphabetizer,12
alphameric,10
alphamerical,12
alphanumeric,12
alphanumerical,14
alphanumerics,13
alphavirus,10
alpine,6
alpinia,7
alpinism,8
alpinist,8
alprazolam,10
alps,4
already,7
alright,7
alsace,6
alsatia,7
alsatian,8
also,4
alsobia,7
alsophila,9
alstonia,8
alstroemeria,12
altace,6
altaic,6
altair,6
altar,5
altarpiece,10
altazimuth,10
alter,5
alterability,12
alterable,9
alteration,10
alterative,10
altercate,9
altercation,11
altered,7
altering,8
alternanthera,13
alternate,9
alternately,11
alternating,11
alternation,11
alternative,11
alternatively,13
alternator,10
althaea,7
althea,6
altimeter,9
altissimo,9
altitude,8
altitudinal,11
altitudinous,12
alto,4
altocumulus,11
altogether,10
altoist,7
altoona,7
altostratus,11
altricial,9
altruism,8
altruist,8
altruistic,10
altruistically,14
alula,5
alular,6
alum,4
alumbloom,9
alumina,7
aluminate,9
aluminiferous,13
aluminise,9
aluminium,9
aluminize,9
aluminous,9
aluminum,8
alumna,6
alumnus,7
alumroot,8
alundum,7
alupent,7
alveolar,8
alveolate,9
alveolitis,10
alveolus,8
alvine,6
always,6
alyssum,7
alytes,6
alzheimers,10
amadavat,8
amaethon,8
amah,4
amain,5
amalgam,7
amalgamate,10
amalgamated,11
amalgamation,12
amalgamative,12
amalgamator,11
amanita,7
amanuensis,10
amaranth,8
amaranthaceae,13
amaranthine,11
amaranthus,10
amarelle,8
amaretto,8
amarillo,8
amaryllidaceae,14
amaryllis,9
amass,5
amastia,7
amaterasu,9
amateur,7
amateurish,10
amateurishly,12
amateurishness,14
amateurism,10
amati,5
amative,7
amativeness,11
amatory,7
amatungulu,10
amauropelta,11
amaurosis,9
amaurotic,9
amaze,5
amazed,6
amazement,9
amazing,7
amazingly,9
amazon,6
amazona,7
ambage,6
ambages,7
ambagious,9
ambassador,10
ambassadorial,13
ambassadorship,14
ambassadress,12
amber,5
amberbell,9
amberboa,8
amberfish,9
ambergris,9
amberjack,9
ambiance,8
ambidexterity,13
ambidextrous,12
ambience,8
ambient,7
ambiguity,9
ambiguous,9
ambiguously,11
ambit,5
ambition,8
ambitionless,12
ambitious,9
ambitiously,11
ambitiousness,13
ambivalence,11
ambivalency,11
ambivalent,10
ambiversion,11
ambiversive,11
amble,5
ambler,6
ambloplites,11
amblygonite,11
amblyopia,9
amblyopic,9
amblyrhynchus,13
ambo,4
amboyna,7
ambrose,7
ambrosia,8
ambrosiaceae,12
ambrosial,9
ambrosian,9
ambulacral,10
ambulacrum,10
ambulance,9
ambulant,8
ambulate,8
ambulation,10
ambulatory,10
ambuscade,9
ambush,6
ambusher,8
ambystoma,9
ambystomatidae,14
ambystomid,10
ameba,5
ameban,6
amebiasis,9
amebic,6
amebiosis,9
ameboid,7
amebous,7
ameer,5
ameiuridae,10
ameiurus,8
amelanchier,11
amelia,6
ameliorate,10
ameliorating,12
amelioration,12
ameliorative,12
amelioratory,12
ameloblast,10
amelogenesis,12
amen,4
amenability,11
amenable,8
amenableness,12
amend,5
amendable,9
amendatory,10
amended,7
amendment,9
amends,6
amenia,6
amenities,9
amenity,7
amenorrhea,10
amenorrheal,11
amenorrheic,11
amenorrhoea,11
amenorrhoeal,12
amenorrhoeic,12
ament,5
amentaceous,11
amentia,7
amentiferae,11
amentiferous,12
amerce,6
amercement,10
amerciable,10
america,7
american,8
americana,9
americanisation,15
americanise,11
americanism,11
americanization,15
americanize,11
americium,9
amerind,7
amerindian,10
amerindic,9
ametabolic,10
ametabolous,11
amethopterin,12
amethyst,8
amethystine,11
ametria,7
ametropia,9
ametropic,9
amex,4
amhara,6
amharic,7
amia,4
amiability,10
amiable,7
amiableness,11
amiably,7
amianthum,9
amicability,11
amicable,8
amicableness,12
amicably,8
amide,5
amidopyrine,11
amidship,8
amidships,9
amigo,5
amiidae,7
amine,5
aminic,6
amino,5
aminoaciduria,13
aminoalkane,11
aminobenzine,12
aminomethane,12
aminopherase,12
aminophylline,13
aminoplast,10
aminopyrine,11
amiodarone,10
amir,4
amish,5
amiss,5
amitosis,8
amitotic,8
amitriptyline,13
amity,5
amman,5
ammeter,7
ammine,6
ammino,6
ammo,4
ammobium,8
ammodytes,9
ammodytidae,11
ammonia,7
ammoniac,8
ammoniacal,10
ammoniate,9
ammoniated,10
ammonification,14
ammonify,8
ammonite,8
ammonitic,9
ammonium,8
ammoniuria,10
ammonoid,8
ammotragus,10
ammunition,10
amnesia,7
amnesiac,8
amnesic,7
amnestic,8
amnesty,7
amnic,5
amnio,5
amniocentesis,13
amnion,6
amnionic,8
amnios,6
amniota,7
amniote,7
amniotic,8
amobarbital,11
amoeba,6
amoeban,7
amoebiasis,10
amoebic,7
amoebida,8
amoebina,8
amoebiosis,10
amoeboid,8
amoebous,8
amok,4
amon,4
amontillado,11
amor,4
amora,5
amoralism,9
amoralist,9
amorality,9
amorally,8
amorist,7
amoristic,9
amorous,7
amorously,9
amorousness,11
amorpha,7
amorphophallus,14
amorphous,9
amort,5
amortisation,12
amortise,8
amortization,12
amortize,8
amos,4
amount,6
amour,5
amoxicillin,11
amoxil,6
amoy,4
amperage,8
ampere,6
ampersand,9
amphetamine,11
amphibia,8
amphibian,9
amphibiotic,11
amphibious,10
amphibole,9
amphibolips,11
amphibolite,11
amphibology,11
amphiboly,9
amphibrach,10
amphicarpa,10
amphicarpaea,12
amphictyony,11
amphidiploid,12
amphidiploidy,13
amphigory,9
amphimixis,10
amphineura,10
amphioxidae,11
amphioxus,9
amphipod,8
amphipoda,9
amphiprion,10
amphiprostylar,14
amphiprostyle,13
amphiprotic,11
amphisbaena,11
amphisbaenia,12
amphisbaenidae,14
amphistylar,11
amphitheater,12
amphitheatre,12
amphitheatric,13
amphitheatrical,15
amphitropous,12
amphiuma,8
amphiumidae,11
amphora,7
amphoric,8
amphoteric,10
amphotericin,12
ampicillin,10
ample,5
ampleness,9
amplification,13
amplifier,9
amplify,7
amplitude,9
amply,5
ampoule,7
ampul,5
ampule,6
ampulla,7
ampullar,8
ampullary,9
amputate,8
amputation,10
amputator,9
amputee,7
amrinone,8
amsinckia,9
amsonia,7
amsterdam,9
amuck,5
amulet,6
amun,4
amundsen,8
amur,4
amusd,5
amuse,5
amused,6
amusement,9
amusing,7
amusingly,9
amusive,7
amygdala,8
amygdalaceae,12
amygdaliform,12
amygdalin,9
amygdaline,10
amygdaloid,10
amygdaloidal,12
amygdalotomy,12
amygdalus,9
amyl,4
amylaceous,10
amylase,7
amyloid,7
amyloidal,9
amyloidosis,11
amylolysis,10
amylolytic,10
amylum,6
amyotonia,9
amyotrophia,11
amyotrophy,10
amytal,6
amyxia,6
anabantidae,11
anabaptism,10
anabaptist,10
anabas,6
anabatic,8
anabiosis,9
anabiotic,9
anabolic,8
anabolism,9
anabrus,7
anacanthini,11
anacardiaceae,13
anacardium,10
anachronic,10
anachronism,11
anachronistic,13
anachronous,11
anaclinal,9
anaclisis,9
anaclitic,9
anacoluthia,11
anacoluthic,11
anacoluthon,11
anaconda,8
anacyclus,9
anadenanthera,13
anadiplosis,11
anadromous,10
anaemia,7
anaemic,7
anaerobe,8
anaerobic,9
anaerobiotic,12
anaesthesia,11
anaesthetic,11
anaesthetise,12
anaesthetist,12
anaesthetize,12
anagallis,9
anagasta,8
anaglyph,8
anaglyphic,10
anaglyphical,12
anaglyphy,9
anaglyptic,10
anaglyptical,12
anagnost,8
anagoge,7
anagogic,8
anagogical,10
anagram,7
anagrammatic,12
anagrammatical,14
anagrammatise,13
anagrammatize,13
anagrams,8
anagyris,8
anaheim,7
anal,4
analbuminemia,13
analecta,8
analects,8
analeptic,9
analgesia,9
analgesic,9
analgetic,9
analog,6
analogical,10
analogise,9
analogist,9
analogize,9
analogous,9
analogously,11
analogue,8
analogy,7
analphabet,10
analphabetic,12
analphabetism,13
analysand,9
analyse,7
analyser,8
analysis,8
analyst,7
analytic,8
analytical,10
analytically,12
analyticity,11
analyzable,10
analyze,7
analyzed,8
analyzer,8
anamnesis,9
anamnestic,10
anamorphic,10
anamorphism,11
anamorphosis,12
ananas,6
ananias,7
anapaest,8
anapaestic,10
anapest,7
anapestic,9
anaphalis,9
anaphase,8
anaphasic,9
anaphor,7
anaphora,8
anaphoric,9
anaphrodisia,12
anaphrodisiac,13
anaphylactic,12
anaphylaxis,11
anaplasia,9
anaplasmosis,12
anaplastic,10
anaplasty,9
anaprox,7
anapsid,7
anapsida,8
anapurna,8
anarchic,8
anarchical,10
anarchically,12
anarchism,9
anarchist,9
anarchistic,11
anarchy,7
anarhichadidae,14
anarhichas,10
anarthria,9
anas,4
anasa,5
anasarca,8
anasarcous,10
anasazi,7
anaspid,7
anaspida,8
anastalsis,10
anastatica,10
anastigmat,10
anastigmatic,12
anastomose,10
anastomosis,11
anastomotic,11
anastomus,9
anastrophe,10
anastylosis,11
anathema,8
anathematise,12
anathematize,12
anathemise,10
anathemize,10
anatidae,8
anatolia,8
anatolian,9
anatomic,8
anatomical,10
anatomically,12
anatomise,9
anatomist,9
anatomize,9
anatomy,7
anatotitan,10
anatoxin,8
anatropous,10
anaxagoras,10
anaximander,11
anaximenes,10
ancestor,8
ancestral,9
ancestress,10
ancestry,8
anchor,6
anchorage,9
anchorite,9
anchoritic,10
anchorman,9
anchorperson,12
anchovy,7
anchusa,7
anchylosis,10
ancient,7
anciently,9
ancientness,11
ancients,8
ancillary,9
ancistrodon,11
ancohuma,8
ancylidae,9
ancylose,8
ancylus,7
andalucia,9
andalusia,9
andalusian,10
andante,7
andantino,9
andean,6
andelmin,8
andersen,8
anderson,8
andes,5
andesite,8
andira,6
andiron,7
andorra,7
andorran,8
andradite,9
andreaea,8
andreaeales,11
andrena,7
andrenid,8
andrenidae,10
andrew,6
andrews,7
andricus,8
androecium,10
androgen,8
androgenesis,12
androgenetic,12
androgenic,10
androgenous,11
androgeny,9
androglossia,12
androgyne,9
androgynous,11
androgyny,9
android,7
andromeda,9
androphobia,11
andropogon,10
androsterone,12
andryala,8
andvari,7
anecdotal,9
anecdote,8
anecdotic,9
anecdotical,11
anecdotist,10
anechoic,8
aneides,7
anele,5
anemia,6
anemic,6
anemographic,12
anemography,11
anemometer,10
anemometric,11
anemometrical,13
anemometry,10
anemone,7
anemonella,10
anemophilous,12
anemopsis,9
anencephalia,12
anencephalic,12
anencephalous,13
anencephaly,11
anergy,6
aneroid,7
anesthesia,10
anesthesiology,14
anesthetic,10
anesthetise,11
anesthetist,11
anesthetize,11
anesthyl,8
anestric,8
anestrous,9
anestrum,8
anestrus,8
anethum,7
aneuploid,9
aneuploidy,10
aneurin,7
aneurism,8
aneurismal,10
aneurismatic,12
aneurysm,8
aneurysmal,10
aneurysmatic,12
anew,4
anfractuous,11
angara,6
angas,5
angel,5
angelfish,9
angelic,7
angelica,8
angelical,9
angelically,11
angelim,7
angelique,9
angelology,10
angelus,7
anger,5
angered,7
angevin,7
angevine,8
angiitis,8
angina,6
anginal,7
anginose,8
anginous,8
angiocardiogram,15
angiocarp,9
angiocarpic,11
angiocarpous,12
angioedema,10
angiogenesis,12
angiogram,9
angiography,11
angiohemophilia,15
angiologist,11
angiology,9
angioma,7
angiomatous,11
angiopathy,10
angioplasty,11
angiopteris,11
angiosarcoma,12
angioscope,10
angiosperm,10
angiospermae,12
angiospermous,13
angiotelectasia,15
angiotensin,11
angiotonin,10
angle,5
angled,6
angledozer,10
angler,6
anglerfish,10
anglesea,8
anglesey,8
anglewing,9
angleworm,9
anglia,6
anglian,7
anglican,8
anglicanism,11
anglicisation,13
anglicise,9
anglicism,9
anglicization,13
anglicize,9
angling,7
anglomania,10
anglophil,9
anglophile,10
anglophilia,11
anglophilic,11
anglophobe,10
anglophobia,11
anglophobic,11
angola,6
angolan,7
angolese,8
angora,6
angostura,9
angraecum,9
angrecum,8
angrily,7
angriness,9
angry,5
angst,5
angstrom,8
anguidae,8
anguilla,8
anguillan,9
anguillidae,11
anguilliformes,14
anguillula,10
anguine,7
anguis,6
anguish,7
anguished,9
angular,7
angularity,10
angulate,8
angulation,10
angus,5
angwantibo,10
anhedonia,9
anhidrosis,10
anhima,6
anhimidae,9
anhinga,7
anhingidae,10
anhydride,9
anhydrosis,10
anhydrous,9
anicteric,9
anigozanthus,12
anil,4
anile,5
aniline,7
anima,5
animadversion,13
animadvert,10
animal,6
animalcule,10
animalculum,11
animalia,8
animalisation,13
animalise,9
animalism,9
animalistic,11
animality,9
animalization,13
animalize,9
animate,7
animated,8
animatedly,10
animateness,11
animating,9
animation,9
animatism,9
animatistic,11
animator,8
animatronics,12
anime,5
animise,7
animism,7
animist,7
animistic,9
animize,7
animosity,9
animus,6
anion,5
anionic,7
anise,5
aniseed,7
aniseikonia,11
aniseikonic,11
anisette,8
anisogamete,11
anisogametic,12
anisogamic,10
anisogamous,11
anisogamy,9
anisometric,11
anisometropia,13
anisometropic,13
anisoptera,10
anisotremus,11
anisotropic,11
anisotropically,15
anisotropy,10
anjou,5
ankara,6
ankle,5
anklebone,9
anklet,6
anklets,7
ankus,5
ankyloglossia,13
ankylosaur,10
ankylosaurus,12
ankylose,8
ankylosis,9
ankylotic,9
anlage,6
anna,4
annaba,6
annalist,8
annalistic,10
annals,6
annam,5
annamese,8
annamite,8
annapolis,9
annapurna,9
anne,4
anneal,6
annealing,9
annelid,7
annelida,8
annelidan,9
annex,5
annexa,6
annexal,7
annexation,10
annexational,12
annexe,6
anniellidae,11
annihilate,10
annihilated,11
annihilating,12
annihilation,12
annihilative,12
annihilator,11
anniversary,11
annon,5
annona,6
annonaceae,10
annotate,8
annotating,10
annotation,10
annotator,9
announce,8
announced,9
announcement,12
announcer,9
annoy,5
annoyance,9
annoyed,7
annoyer,7
annoying,8
annoyingly,10
annual,6
annually,8
annualry,8
annuitant,9
annuity,7
annul,5
annular,7
annulate,8
annulated,9
annulet,7
annulment,9
annulus,7
annum,5
annunciate,10
annunciation,12
annunciator,11
annunciatory,12
annwfn,6
annwn,5
anoa,4
anobiidae,9
anodal,6
anode,5
anodic,6
anodise,7
anodize,7
anodonta,8
anodyne,7
anoectochilus,13
anoestrous,10
anoestrum,9
anoestrus,9
anogramma,9
anoint,6
anointer,8
anointing,9
anointment,10
anole,5
anolis,6
anomala,7
anomalist,9
anomalopidae,12
anomalops,9
anomalopteryx,13
anomalous,9
anomalously,11
anomalousness,13
anomaly,7
anomia,6
anomic,6
anomie,6
anomiidae,9
anomy,5
anon,4
anonym,6
anonymity,9
anonymous,9
anonymously,11
anoperineal,11
anopheles,9
anopheline,10
anopia,6
anoplura,8
anorak,6
anorchia,8
anorchidism,11
anorchism,9
anorectal,9
anorectic,9
anorexia,8
anorexic,8
anorexigenic,12
anorgasmia,10
anorthic,8
anorthite,9
anorthitic,10
anorthography,13
anorthopia,10
anosmatic,9
anosmia,7
anosmic,7
anostraca,9
another,7
anouilh,7
anova,5
anovulant,9
anovulation,11
anoxemia,8
anoxemic,8
anoxia,6
anoxic,6
anpu,4
ansaid,6
anselm,6
anser,5
anseres,7
anseriformes,12
anserinae,9
anserine,8
anshar,6
answer,6
answerability,13
answerable,10
answerableness,14
answerer,8
answering,9
antabuse,8
antacid,7
antagonise,10
antagonism,10
antagonist,10
antagonistic,12
antagonize,10
antakiya,8
antakya,7
antalya,7
antananarivo,12
antapex,7
antarctic,9
antarctica,10
antares,7
antbird,7
ante,4
anteater,8
antebellum,10
antecede,8
antecedence,11
antecedency,11
antecedent,10
antecedently,12
antechamber,11
antecubital,11
antedate,8
antediluvial,12
antediluvian,12
antedon,7
antedonidae,11
antefix,7
antelope,8
antemeridian,12
antemortem,10
antenatal,9
antenna,7
antennal,8
antennaria,10
antennariidae,13
antennary,9
antenuptial,11
antepartum,10
antepenult,10
antepenultima,13
antepenultimate,15
anterior,8
anteriority,11
anteriorly,10
anterograde,11
anteroom,8
anthelminthic,13
anthelmintic,12
anthem,6
anthemis,8
anther,6
antheraea,9
antheral,8
anthericum,10
antheridial,11
antheridiophore,15
antheridium,11
antheropeas,11
antherozoid,11
anthesis,8
anthidium,9
anthill,7
anthoceropsida,14
anthoceros,10
anthocerotaceae,15
anthocerotales,14
anthologise,11
anthologist,11
anthologize,11
anthology,9
anthonomus,10
anthony,7
anthophagous,12
anthophilous,12
anthophyllite,13
anthophyta,10
anthozoa,8
anthozoan,9
anthracite,10
anthracitic,11
anthracosis,11
anthrax,7
anthriscus,10
anthropic,9
anthropical,11
anthropocentric,15
anthropogenesis,15
anthropogenetic,15
anthropogenic,13
anthropogeny,12
anthropoid,10
anthropoidal,12
anthropoidea,12
anthropolatry,13
anthropological,15
anthropologist,14
anthropology,12
anthropometric,14
anthropometry,13
anthropomorphic,15
anthropophagite,15
anthropophagous,15
anthropophagus,14
anthropophagy,13
anthroposophy,13
anthurium,9
anthus,6
anthyllis,9
anti,4
antiacid,8
antiadrenergic,14
antiaircraft,12
antialiasing,12
antiapartheid,13
antiarrhythmic,14
antibacterial,13
antibaryon,10
antibiosis,10
antibiotic,10
antiblack,9
antibody,8
antic,5
anticancer,10
anticatalyst,12
anticholinergic,15
antichrist,10
anticipant,10
anticipate,10
anticipated,11
anticipation,12
anticipative,12
anticipator,11
anticipatory,12
anticlimactic,13
anticlimactical,15
anticlimax,10
anticlinal,10
anticlockwise,13
anticoagulant,13
anticoagulation,15
anticoagulative,15
anticonvulsant,14
anticyclone,11
anticyclonic,12
antidepressant,14
antidiabetic,12
antidiarrheal,13
antidiuretic,12
antido,6
antidorcas,10
antidotal,9
antidote,8
antidromic,10
antielectron,12
antiemetic,10
antiepileptic,13
antifeminism,12
antifeminist,12
antifertility,13
antiflatulent,13
antifreeze,10
antifungal,10
antigen,7
antigenic,9
antigone,8
antigonia,9
antigonus,9
antigram,8
antigua,7
antiguan,8
antiheretical,13
antihero,8
antihistamine,13
antiknock,9
antiknocking,12
antilepton,10
antilles,8
antilocapra,11
antilocapridae,14
antilog,7
antilogarithm,13
antilope,8
antimacassar,12
antimagnetic,12
antimalarial,12
antimatter,10
antimeson,9
antimetabolite,14
antimicrobial,13
antimicrobic,12
antimonial,10
antimonic,9
antimonious,11
antimonopoly,12
antimony,8
antimuon,8
antimycin,9
antimycotic,11
antineoplastic,14
antineutrino,12
antineutron,11
antinode,8
antinomasia,11
antinomian,10
antinomianism,13
antinomy,8
antioch,7
antioxidant,11
antiparallel,12
antiparticle,12
antipasto,9
antipathetic,12
antipathetical,14
antipathy,9
antipersonnel,13
antiperspirant,14
antiphlogistic,14
antiphon,8
antiphonal,10
antiphonary,11
antiphony,9
antiphrasis,11
antipodal,9
antipode,8
antipodean,10
antipodes,9
antipollution,13
antipope,8
antiproton,10
antiprotozoal,13
antipruritic,12
antipsychotic,13
antipyresis,11
antipyretic,11
antiquarian,11
antiquark,9
antiquary,9
antiquate,9
antiquated,10
antique,7
antiquity,9
antirrhinum,11
antisatellite,13
antisemitic,11
antisemitism,12
antisepsis,10
antiseptic,10
antisepticize,13
antiserum,9
antisocial,10
antispasmodic,13
antistrophe,11
antistrophic,12
antisubmarine,13
antisyphilitic,14
antitank,8
antitauon,9
antithesis,10
antithetic,10
antithetical,12
antithetically,14
antithyroid,11
antitoxic,9
antitoxin,9
antitrade,9
antitrades,10
antitrust,9
antitumor,9
antitumour,10
antitussive,11
antitype,8
antitypic,9
antitypical,11
antivenene,10
antivenin,9
antivert,8
antiviral,9
antler,6
antlered,8
antlia,6
antlion,7
antofagasta,11
antoninus,9
antonius,8
antony,6
antonym,7
antonymous,10
antonymy,8
antrorse,8
antrozous,9
antrum,6
antsy,5
antum,5
antwerp,7
antwerpen,9
anubis,6
anunnaki,8
anura,5
anuran,6
anuresis,8
anuretic,8
anuria,6
anuric,6
anurous,7
anus,4
anvers,6
anvil,5
anxiety,7
anxiolytic,10
anxious,7
anxiously,9
anxiousness,11
anyhow,6
anymore,7
anyplace,8
anyway,6
anyways,7
anywhere,8
anzac,5
anzio,5
aorist,6
aoristic,8
aorta,5
aortal,6
aortic,6
aortitis,8
aotus,5
aoudad,6
apace,5
apache,6
apadana,7
apalachicola,12
apanage,7
apar,4
apart,5
apartheid,9
apartment,9
apathetic,9
apathetically,13
apathy,6
apatite,7
apatosaur,9
apatosaurus,11
apatura,7
apeldoorn,9
apelike,7
apennines,9
aper,4
apercu,6
aperea,6
aperient,8
aperiodic,9
aperitif,8
aperture,8
apery,5
apetalous,9
apex,4
aphaeresis,10
aphaeretic,10
aphagia,7
aphakia,7
aphakic,7
aphanite,8
aphanitic,9
aphasia,7
aphasic,7
aphasmidia,10
aphelion,8
apheresis,9
apheretic,9
aphesis,7
aphetic,7
aphid,5
aphididae,9
aphidoidea,10
aphis,5
aphonia,7
aphonic,7
aphorise,8
aphorism,8
aphorist,8
aphoristic,10
aphorize,8
aphotic,7
aphriza,7
aphrodisia,10
aphrodisiac,11
aphrodisiacal,13
aphrodite,9
aphrophora,10
aphyllanthaceae,15
aphyllanthes,12
aphyllophorales,15
aphyllous,9
apia,4
apiaceae,8
apian,5
apiarian,8
apiarist,8
apiary,6
apical,6
apiculate,9
apicultural,11
apiculture,10
apiculturist,12
apidae,6
apiece,6
apios,5
apis,4
apish,5
apishamore,10
apium,5
apivorous,9
aplacental,10
aplacophora,11
aplacophoran,12
aplanatic,9
aplasia,7
aplectrum,9
aplite,6
aplitic,7
aplodontia,10
aplodontiidae,13
aplomb,6
aplysia,7
aplysiidae,10
apnea,5
apneic,6
apnoeic,7
apoapsis,8
apocalypse,10
apocalyptic,11
apocalyptical,13
apocarpous,10
apochromatic,12
apocope,7
apocrine,8
apocrypha,9
apocryphal,10
apocynaceae,11
apocynaceous,12
apocynum,8
apodal,6
apodeictic,10
apodeme,7
apodemus,8
apodictic,9
apodidae,8
apodiformes,11
apodous,7
apoenzyme,9
apogametic,10
apogamic,8
apogamous,9
apogamy,7
apogean,7
apogee,6
apogon,6
apogonidae,10
apoidea,7
apojove,7
apolemia,8
apolitical,10
apollinaire,11
apollo,6
apologetic,10
apologetically,14
apologetics,11
apologia,8
apologise,9
apologist,9
apologize,9
apologue,8
apology,7
apolune,7
apomict,7
apomictic,9
apomictical,11
apomixis,8
apomorphine,11
aponeurosis,11
aponeurotic,11
apopemptic,10
apophasis,9
apophatic,9
apophatism,10
apophthegm,10
apophyseal,10
apophysis,9
apoplectic,10
apoplectiform,13
apoplectoid,11
apoplexy,8
apoptosis,9
aporocactus,11
aposelene,9
aposiopesis,11
aposiopetic,11
apostasy,8
apostate,8
apostatise,10
apostatize,10
apostle,7
apostleship,11
apostolic,9
apostolical,11
apostrophe,10
apostrophic,11
apostrophise,12
apostrophize,12
apothecary,10
apothecial,10
apothecium,10
apothegm,8
apothegmatic,12
apothegmatical,14
apotheose,9
apotheosis,10
apotheosise,11
apotheosize,11
apotropaic,10
appal,5
appalachia,10
appalachian,11
appalachians,12
appall,6
appalled,8
appalling,9
appallingly,11
appaloosa,9
appanage,8
apparatchik,11
apparatus,9
apparel,7
appareled,9
apparency,9
apparent,8
apparently,10
apparentness,12
apparition,10
apparitional,12
appeal,6
appealable,10
appealing,9
appealingly,11
appealingness,13
appear,6
appearance,10
appearing,9
appeasable,10
appease,7
appeasement,11
appeaser,8
appeasing,9
appellant,9
appellate,9
appellation,11
appellative,11
append,6
appendage,9
appendaged,10
appendant,9
appendectomy,12
appendicectomy,14
appendicitis,12
appendicle,10
appendicular,12
appendicularia,14
appendix,8
appenzeller,11
apperceive,10
apperception,12
apperceptive,12
appertain,9
appetence,9
appetency,9
appetent,8
appetiser,9
appetising,10
appetisingness,14
appetite,8
appetitive,10
appetizer,9
appetizing,10
appetizingness,14
applaud,7
applaudable,11
applauder,9
applause,8
apple,5
applecart,9
applejack,9
applemint,9
applesauce,10
applet,6
appleton,8
applewood,9
appliance,9
applicability,13
applicable,10
applicant,9
application,11
applicative,11
applicator,10
applicatory,11
applied,7
applier,7
applique,8
apply,5
appoggiatura,12
appoint,7
appointed,9
appointee,9
appointive,10
appointment,11
apportion,9
apportionable,13
apportioned,11
apportioning,12
apportionment,13
apposable,9
appose,6
apposite,8
appositeness,12
apposition,10
appositional,12
appositive,10
appositively,12
appraisal,9
appraise,8
appraiser,9
appraising,10
appreciable,11
appreciably,11
appreciate,10
appreciated,11
appreciation,12
appreciative,12
appreciatively,14
appreciator,11
apprehend,9
apprehended,11
apprehender,11
apprehensible,13
apprehension,12
apprehensive,12
apprehensively,14
apprentice,10
apprenticed,11
apprenticeship,14
appressed,9
apprisal,8
apprise,7
apprize,7
appro,5
approach,8
approachability,15
approachable,12
approaching,11
approbate,9
approbation,11
approbative,11
approbatory,11
appropriable,12
appropriate,11
appropriately,13
appropriateness,15
appropriation,13
appropriative,13
appropriator,12
approval,8
approve,7
approved,8
approver,8
approving,9
approvingly,11
approximate,11
approximately,13
approximation,13
approximative,13
appurtenance,12
appurtenant,11
apractic,8
apraxia,7
apraxic,7
apresoline,10
apricot,7
april,5
apron,5
apropos,7
apse,4
apsidal,7
apsis,5
apsu,4
aptenodytes,11
apteral,7
apterous,8
apterygidae,11
apterygiformes,14
apteryx,7
aptitude,8
aptitudinal,11
aptly,5
aptness,7
apulia,6
apus,4
aqaba,5
aqua,4
aquacultural,12
aquaculture,11
aqualung,8
aquamarine,10
aquanaut,8
aquaphobia,10
aquaphobic,10
aquaplane,9
aquarium,8
aquarius,8
aquatic,7
aquatics,8
aquatint,8
aquavit,7
aqueduct,8
aqueous,7
aquicultural,12
aquiculture,11
aquifer,7
aquiferous,10
aquifoliaceae,13
aquila,6
aquilege,8
aquilegia,9
aquiline,8
aquinas,7
aquitaine,9
aquitania,9
arab,4
arabesque,9
arabia,6
arabian,7
arabic,6
arabidopsis,11
arability,9
arabis,6
arabist,7
arable,6
araceae,7
araceous,8
arachis,7
arachnid,8
arachnida,9
arachnidian,11
arachnoid,9
arachnophobia,13
arafat,6
aragon,6
aragonite,9
araguaia,8
araguaya,8
arak,4
arales,6
aralia,6
araliaceae,10
aram,4
aramaean,8
aramaic,7
arame,5
aramean,7
aramus,6
aranea,6
araneae,7
araneida,8
araneidal,9
araneidan,9
araneus,7
aranyaka,8
arapaho,7
arapahoe,8
ararat,6
arariba,7
araroba,7
aras,4
arauca,6
araucaria,9
araucariaceae,13
araujia,7
arava,5
arawak,6
arawakan,8
arawn,5
araxes,6
arbalest,8
arbalist,8
arbiter,7
arbitrable,10
arbitrage,9
arbitrager,10
arbitrageur,11
arbitral,8
arbitrament,11
arbitrarily,11
arbitrariness,13
arbitrary,9
arbitrate,9
arbitration,11
arbitrational,13
arbitrative,11
arbitrator,10
arbitrement,11
arbor,5
arboraceous,11
arborary,8
arboreal,8
arboreous,9
arborescent,11
arboresque,10
arboretum,9
arborical,9
arboriculture,13
arboriculturist,15
arboriform,10
arborise,8
arborist,8
arborize,8
arborolatry,11
arborous,8
arborvirus,10
arborvitae,10
arbour,6
arbovirus,9
arbutus,7
arca,4
arcade,6
arcadia,7
arcadian,8
arcadic,7
arcane,6
arcanum,7
arccos,6
arccosecant,11
arccosine,9
arccotangent,12
arcdegree,9
arced,5
arcella,7
arcellidae,10
arceuthobium,12
arch,4
archaean,8
archaebacteria,14
archaebacterium,15
archaeobacteria,15
archaeologic,12
archaeological,14
archaeologist,13
archaeology,11
archaeopteryx,13
archaeornis,11
archaeornithes,14
archaeozoic,11
archaic,7
archaicism,10
archaise,8
archaism,8
archaist,8
archaistic,10
archaize,8
archangel,9
archangelic,11
archangelical,13
archbishop,10
archbishopric,13
archdeacon,10
archdeaconry,12
archdiocesan,12
archdiocese,11
archducal,9
archduchess,11
archduchy,9
archduke,8
archean,7
arched,6
archegonial,11
archegoniate,12
archegonium,11
archenteron,11
archeobacteria,14
archeologic,11
archeological,13
archeologist,12
archeology,10
archeopteryx,12
archeozoic,10
archepiscopal,13
archer,6
archerfish,10
archery,7
archespore,10
archesporial,12
archesporium,12
archetypal,10
archetype,9
archetypical,12
archiannelid,12
archiannelida,13
archidiaconal,13
archidiaconate,14
archidiskidon,13
archiepiscopal,14
archil,6
archilochus,11
archimandrite,13
archimedes,10
archine,7
arching,7
archipallium,12
archipelagic,12
archipelago,11
architect,9
architectonic,13
architectonics,14
architectural,13
architecturally,15
architecture,12
architeuthis,12
architrave,10
archival,8
archive,7
archives,8
archivist,9
archly,6
archness,8
archosargus,11
archosaur,9
archosauria,11
archosaurian,12
archpriest,10
archway,7
arcidae,7
arciform,8
arcminute,9
arco,4
arcsec,6
arcsecant,9
arcsecond,9
arcsin,6
arcsine,7
arctan,6
arctangent,10
arctic,6
arctictis,9
arctiid,7
arctiidae,9
arctium,7
arctocebus,10
arctocephalus,13
arctonyx,8
arctostaphylos,14
arctotis,8
arcturus,8
arcuate,7
arcus,5
arda,4
ardea,5
ardeb,5
ardeidae,8
ardennes,8
ardent,6
ardently,8
ardisia,7
ardor,5
ardour,6
ards,4
arduous,7
arduously,9
arduousness,11
area,4
areal,5
areaway,7
areca,5
arecaceae,9
arecidae,8
areflexia,9
arena,5
arenaceous,10
arenaria,8
arenaviridae,12
arenavirus,10
arendt,6
arenga,6
arenicolous,11
areola,6
areolar,7
areolate,8
areopagite,10
areopagus,9
arequipa,8
arere,5
ares,4
arete,5
arethusa,8
argal,5
argali,6
argasid,7
argasidae,9
argemone,8
argent,6
argentic,8
argentiferous,13
argentina,9
argentine,9
argentinian,11
argentinidae,12
argentinosaur,13
argentite,9
argentous,9
argil,5
argillaceous,12
argillite,9
arginine,8
argiope,7
argiopidae,10
argive,6
argo,4
argon,5
argonaut,8
argonauta,9
argonautidae,12
argonne,7
argonon,7
argos,5
argosy,6
argot,5
arguable,8
arguably,8
argue,5
arguer,6
argufy,6
arguing,7
argument,8
argumentation,13
argumentative,13
argumentatively,15
argun,5
argus,5
argusianus,10
argyle,6
argyll,6
argynnis,8
argyranthemum,13
argyreia,8
argyrodite,10
argyrol,7
argyrotaenia,12
argyroxiphium,13
arhant,6
arhat,5
arhus,5
aria,4
ariadne,7
ariana,6
arianism,8
arianist,8
arianrhod,9
arianrod,8
aricara,7
arid,4
aridity,7
aridness,8
aries,5
arietta,7
aright,6
ariidae,7
arikara,7
aril,4
ariled,6
arillate,8
arilus,6
ariocarpus,10
ariomma,7
ariose,6
arioso,6
arisaema,8
arisarum,8
arise,5
arishth,7
arista,6
aristarchus,11
aristocort,10
aristocracy,11
aristocrat,10
aristocratic,12
aristocratical,14
aristolochia,12
aristolochiales,15
aristopak,9
aristophanes,12
aristotelean,12
aristotelia,11
aristotelian,12
aristotelianism,15
aristotelic,11
aristotle,9
arithmancy,10
arithmetic,10
arithmetical,12
arithmetically,14
arithmetician,13
arity,5
arius,5
arizona,7
arizonan,8
arizonian,9
arjuna,6
arkansan,8
arkansas,8
arkansawyer,11
arles,5
arlington,9
armada,6
armadillidiidae,15
armadillidium,13
armadillo,9
armageddon,10
armagnac,8
armament,8
armamentarium,13
armature,8
armband,7
armchair,8
armed,5
armenia,7
armenian,8
armeria,7
armet,5
armful,6
armguard,8
armhole,7
armiger,7
armilla,7
armillaria,10
armillariella,13
armillary,9
armin,5
arming,6
arminian,8
arminianism,11
arminius,8
armistice,9
armless,7
armlet,6
armlike,7
armoire,7
armor,5
armoracia,9
armored,7
armorer,7
armorial,8
armory,6
armour,6
armoured,8
armourer,8
armoury,7
armpit,6
armrest,7
arms,4
armstrong,9
army,4
armyworm,8
arng,4
arnhem,6
arnica,6
arno,4
arnold,6
arnoseris,9
aroid,5
aroma,5
aromatherapy,12
aromatic,8
aromatise,9
aromatize,9
arouet,6
around,6
arousal,7
arouse,6
aroused,7
arouser,7
arpeggio,8
arpent,6
arquebus,8
arrack,6
arraign,7
arraignment,11
arrange,7
arranged,8
arrangement,11
arranger,8
arranging,9
arrant,6
arras,5
array,5
arrayed,7
arrears,7
arrest,6
arrester,8
arresting,9
arrhenatherum,13
arrhenius,9
arrhythmia,10
arrhythmic,10
arrhythmical,12
arrival,7
arrive,6
arrivederci,11
arriver,7
arriviste,9
arroba,6
arrogance,9
arrogant,8
arrogantly,10
arrogate,8
arrogation,10
arrogator,9
arrow,5
arrowhead,9
arrowroot,9
arrowsmith,10
arrowworm,9
arroyo,6
arse,4
arsehole,8
arsenal,7
arsenate,8
arsenic,7
arsenical,9
arsenide,8
arsenious,9
arsenopyrite,12
arsine,6
arson,5
arsonist,8
artamidae,9
artamus,7
artaxerxes,10
artefact,8
artefactual,11
artemia,7
artemis,7
artemisia,9
arteria,7
arterial,8
arterialise,11
arterialize,11
arteriectasia,13
arteriectasis,13
arteriogram,11
arteriography,13
arteriola,9
arteriolar,10
arteriole,9
arteriovenous,13
arteritis,9
artery,6
artesian,8
artful,6
artfully,8
artfulness,10
arthralgia,10
arthralgic,10
arthritic,9
arthritis,9
arthrocentesis,14
arthrodesis,11
arthrogram,10
arthrography,12
arthromere,10
arthromeric,11
arthropathy,11
arthroplasty,12
arthropod,9
arthropoda,10
arthropodal,11
arthropodan,11
arthropodous,12
arthropteris,12
arthroscope,11
arthroscopy,11
arthrospore,11
arthrosporic,12
arthrosporous,13
arthur,6
arthurian,9
artichoke,9
article,7
articled,8
articular,9
articulary,10
articulate,10
articulated,11
articulately,12
articulateness,14
articulatio,11
articulation,12
articulative,12
articulator,11
articulatory,12
artifact,8
artifactual,11
artifice,8
artificer,9
artificial,10
artificiality,13
artificially,12
artillery,9
artilleryman,12
artiodactyl,11
artiodactyla,12
artiodactylous,14
artisan,7
artist,6
artiste,7
artistic,8
artistically,12
artistry,8
artless,7
artlessly,9
artlessness,11
artocarpus,10
artois,6
arts,4
artsd,5
artwork,7
arty,4
aruba,5
arugula,7
arui,4
arulo,5
arum,4
arundinaceous,13
arundinaria,11
arundo,6
aruru,5
arvicola,8
aryan,5
arytaenoid,10
arytenoid,9
asadha,6
asafetida,9
asafoetida,10
asahikawa,9
asala,5
asama,5
asamiya,7
asana,5
asanga,6
asap,4
asarabacca,10
asarh,5
asarum,6
asat,4
asbestos,8
asbestosis,10
ascaphidae,10
ascaphus,8
ascariasis,10
ascaridae,9
ascaridia,9
ascaris,7
ascend,6
ascendable,10
ascendance,10
ascendancy,10
ascendant,9
ascendence,10
ascendency,10
ascendent,9
ascender,8
ascendible,10
ascending,9
ascension,9
ascensional,11
ascensive,9
ascent,6
ascertain,9
ascertainable,13
ascertained,11
ascesis,7
ascetic,7
ascetical,9
ascetically,11
asceticism,10
asch,4
aschelminthes,13
ascidiaceae,11
ascidian,8
ascii,5
ascites,7
ascitic,7
asclepiad,9
asclepiadaceae,14
asclepiadaceous,15
asclepias,9
asclepius,9
ascocarp,8
ascocarpous,11
ascolichen,10
ascoma,6
ascomycete,10
ascomycetes,11
ascomycetous,12
ascomycota,10
ascomycotina,12
ascophyllum,11
ascospore,9
ascosporic,10
ascosporous,11
ascot,5
ascribable,10
ascribe,7
ascription,10
ascus,5
asdic,5
asea,4
asean,5
asepsis,7
aseptic,7
asexual,7
asexuality,10
asexually,9
asgard,6
ashamed,7
ashamedly,9
ashbin,6
ashcake,7
ashcan,6
ashe,4
ashen,5
asheville,9
ashir,5
ashkenazi,9
ashkhabad,9
ashlar,6
ashore,6
ashram,6
ashton,6
ashtoreth,9
ashtray,7
ashur,5
ashurbanipal,12
ashy,4
asia,4
asian,5
asiatic,7
aside,5
asilidae,8
asimina,7
asimov,6
asin,4
asinine,7
asininity,9
asio,4
askance,7
askant,6
asker,5
askew,5
asking,6
asklepios,9
aslant,6
asleep,6
aslope,6
asmara,6
asmera,6
asocial,7
aspadana,8
aspalathus,10
asparagaceae,12
asparaginase,12
asparagine,10
asparagus,9
aspartame,9
aspect,6
aspectual,9
aspen,5
asper,5
aspergill,9
aspergillaceae,14
aspergillales,13
aspergillosis,13
aspergillus,11
asperity,8
asperse,7
aspersion,9
aspersorium,11
asperula,8
asphalt,7
asphaltic,9
aspheric,8
aspherical,10
asphodel,8
asphodelaceae,13
asphodeline,11
asphodelus,10
asphyxia,8
asphyxiate,10
asphyxiated,11
asphyxiating,12
asphyxiation,12
asphyxiator,11
aspic,5
aspidelaps,10
aspidiotus,10
aspidistra,10
aspidophoroides,15
aspinwall,9
aspirant,8
aspirate,8
aspiration,10
aspirator,9
aspire,6
aspirer,7
aspirin,7
aspiring,8
aspis,5
aspleniaceae,12
asplenium,9
asquint,7
assagai,7
assail,6
assailability,13
assailable,10
assailant,9
assam,5
assamese,8
assassin,8
assassinate,11
assassinated,12
assassination,13
assassinator,12
assault,7
assaulter,9
assaultive,10
assay,5
assayer,7
assegai,7
assemblage,10
assemble,8
assembler,9
assembling,10
assembly,8
assemblyman,11
assemblywoman,13
assent,6
assenter,8
assentient,10
assenting,9
assert,6
assertable,10
asserted,8
asserter,8
asserting,9
assertion,9
assertive,9
assertively,11
assertiveness,13
assess,6
assessable,10
assessee,8
assessment,10
assessor,8
asset,5
assets,6
asseverate,10
asseveration,12
asseverator,11
asshole,7
assibilate,10
assibilation,12
assiduity,9
assiduous,9
assiduously,11
assiduousness,13
assign,6
assignable,10
assignation,11
assigned,8
assignee,8
assigning,9
assignment,10
assignor,8
assimilable,11
assimilate,10
assimilating,12
assimilation,12
assimilative,12
assimilator,11
assimilatory,12
assist,6
assistance,10
assistant,9
assisted,8
assistive,9
assize,6
assizes,7
associability,13
associable,10
associableness,14
associate,9
associateship,13
association,11
associational,13
associationism,14
associative,11
associatory,11
assoil,6
assonance,9
assonant,8
assonate,8
assort,6
assorted,8
assortment,10
assouan,7
assuage,7
assuagement,11
assuan,6
assuasive,9
assume,6
assumed,7
assuming,8
assumption,10
assumptive,10
assur,5
assurance,9
assurbanipal,12
assure,6
assured,7
assuredly,9
assuredness,11
assurgent,9
assuring,8
assyria,7
assyrian,8
assyriology,11
astacidae,9
astacura,8
astacus,7
astaire,7
astana,6
astarte,7
astasia,7
astatic,7
astatine,8
aster,5
asteraceae,10
astereognosis,13
asteriated,10
asteridae,9
asterion,8
asterisk,8
asterisked,10
asterism,8
asterismal,10
astern,6
asternal,8
asteroid,8
asteroidal,10
asteroidea,10
asterope,8
asthenia,8
asthenic,8
asthenopia,10
asthenosphere,13
astheny,7
asthma,6
asthmatic,9
astigmatic,10
astigmatism,11
astigmia,8
astilbe,7
astir,5
astomatal,9
astomatous,10
astonied,8
astonish,8
astonished,10
astonishing,11
astonishingly,13
astonishment,12
astor,5
astound,7
astounded,9
astounding,10
astraddle,9
astragal,8
astragalar,10
astragalus,10
astrakhan,9
astral,6
astrantia,9
astraphobia,11
astray,6
astreus,7
astride,7
astringe,8
astringence,11
astringency,11
astringent,10
astrobiology,12
astrocyte,9
astrocytic,10
astrodome,9
astrodynamics,13
astrogate,9
astrogator,10
astroglia,9
astrolabe,9
astrolatry,10
astrologer,10
astrological,12
astrologist,11
astrology,9
astroloma,9
astrometry,10
astronaut,9
astronautic,11
astronautical,13
astronautics,12
astronavigation,15
astronium,9
astronomer,10
astronomic,10
astronomical,12
astronomically,14
astronomy,9
astrophysical,13
astrophysicist,14
astrophysics,12
astrophyton,11
astropogon,10
astute,6
astutely,8
astuteness,10
astylar,7
asuncion,8
asunder,7
asur,4
asura,5
asurbanipal,11
asvina,6
asvins,6
aswan,5
asylum,6
asymmetric,10
asymmetrical,12
asymmetrically,14
asymmetry,9
asymptomatic,12
asymptote,9
asymptotic,10
asymptotically,14
asynchronism,12
asynchronous,12
asynchrony,10
asynclitism,11
asyndetic,9
asyndeton,9
asynergia,9
asynergic,9
asynergy,8
asystole,8
atabrine,8
atactic,7
atakapa,7
atakapan,8
atar,4
ataractic,9
atarax,6
ataraxia,8
ataraxic,8
ataraxis,8
ataturk,7
atavism,7
atavist,7
atavistic,9
ataxia,6
ataxic,6
ataxy,5
atayalic,8
atelectasis,11
ateleiosis,10
ateleiotic,10
ateles,6
atelier,7
ateliosis,9
aten,4
atenolol,8
athabascan,10
athabaskan,10
athanasianism,13
athanasius,10
athanor,7
athapascan,10
athapaskan,10
athar,5
atheism,7
atheist,7
atheistic,9
atheistical,11
athelstan,9
athena,6
athenaeum,9
athene,6
atheneum,8
athenian,8
athens,6
atherinidae,11
atherinopsis,12
atherodyde,10
atherogenesis,13
atheroma,8
atheromatic,11
atheromatous,12
atherosclerosis,15
atherosclerotic,15
atherurus,9
athetosis,9
athinai,7
athiorhodaceae,14
athirst,7
athlete,7
athletic,8
athleticism,11
athletics,9
athodyd,7
athos,5
athrotaxis,10
athwart,7
athyriaceae,11
athyrium,8
atilt,5
ativan,6
atlanta,7
atlantic,8
atlantides,10
atlantis,8
atlas,5
atmometer,9
atmosphere,10
atmospheric,11
atmospherical,13
atmospherics,12
atole,5
atoll,5
atom,4
atomic,6
atomisation,11
atomise,7
atomiser,8
atomism,7
atomistic,9
atomistical,11
atomization,11
atomize,7
atomizer,8
aton,4
atonal,6
atonalism,9
atonalistic,11
atonality,9
atonally,8
atone,5
atonement,9
atonia,6
atonic,6
atonicity,9
atony,5
atop,4
atopognosia,11
atopognosis,11
atopy,5
atorvastatin,12
atoxic,6
atrabilious,11
atrazine,8
atresia,7
atreus,6
atrial,6
atrichornis,11
atrip,5
atriplex,8
atrium,6
atrocious,9
atrociously,11
atrociousness,13
atrocity,8
atropa,6
atrophedema,11
atrophic,8
atrophied,9
atrophy,7
atropidae,9
atropine,8
atropos,7
atrovent,8
atsugewi,8
attacapa,8
attacapan,9
attach,6
attachable,10
attache,7
attached,8
attachment,10
attack,6
attacker,8
attacking,9
attain,6
attainability,13
attainable,10
attainableness,14
attainder,9
attained,8
attainment,10
attaint,7
attalea,7
attar,5
attemper,8
attempt,7
attempted,9
attempter,9
attend,6
attendance,10
attendant,9
attended,8
attendee,8
attender,8
attending,9
attention,9
attentional,11
attentive,9
attentively,11
attentiveness,13
attenuate,9
attenuated,10
attenuation,11
attenuator,10
attest,6
attestant,9
attestation,11
attestator,10
attested,8
attester,8
attestor,8
attic,5
attica,6
atticus,7
attila,6
attilio,7
attire,6
attired,7
attitude,8
attitudinal,11
attitudinise,12
attitudinize,12
attlee,6
attorn,6
attorney,8
attorneyship,12
attosecond,10
attract,7
attractable,11
attracter,9
attraction,10
attractive,10
attractively,12
attractiveness,14
attractor,9
attributable,12
attribute,9
attribution,11
attributive,11
attributively,13
attrited,8
attrition,9
attritional,11
attune,6
atypical,8
atypicality,11
atypically,10
auberge,7
aubergine,9
auburn,6
auchincloss,11
auckland,8
auction,7
auctioneer,10
auctorial,9
aucuba,6
audacious,9
audaciously,11
audaciousness,13
audacity,8
audad,5
auden,5
audenesque,10
audibility,10
audible,7
audibleness,11
audibly,7
audience,8
audile,6
audio,5
audiocassette,13
audiogram,9
audiology,9
audiometer,10
audiometric,11
audiometry,10
audiotape,9
audiovisual,11
audit,5
audition,8
auditive,8
auditor,7
auditorium,10
auditory,8
audubon,7
augean,6
augeas,6
augend,6
auger,5
aught,5
augite,6
augitic,7
augment,7
augmentation,12
augmentative,12
augmented,9
augmentin,9
augur,5
augury,6
august,6
augusta,7
augustan,8
augustine,9
augustinian,11
augustus,8
auklet,6
aulacorhyncus,13
auld,4
aulostomidae,12
aulostomus,10
aunt,4
auntie,6
aunty,5
aura,4
aural,5
aurally,7
aureate,7
aurelius,8
aureolaria,10
aureole,7
aureomycin,10
auric,5
auricle,7
auricula,8
auricular,9
auriculare,10
auricularia,11
auriculariaceae,15
auriculariales,14
auriculate,10
auriculated,11
auriferous,10
auriform,8
aurify,6
auriga,6
auriparus,9
auriscope,9
aurochs,7
aurora,6
auroral,7
aurorean,8
auroscope,9
aurous,6
auschwitz,9
auscultate,10
auscultation,12
auscultatory,12
auspex,6
auspicate,9
auspice,7
auspices,8
auspicious,10
auspiciously,12
auspiciousness,14
aussie,6
austen,6
austenite,9
austenitic,10
austere,7
austerely,9
austereness,11
austerity,9
austerlitz,10
austin,6
austral,7
australasia,11
australasian,12
australia,9
australian,10
austria,7
austrian,8
austrocedrus,12
austronesia,11
austronesian,12
austrotaxus,11
autacoid,8
autacoidal,10
autarchic,9
autarchical,11
autarchy,8
autarkic,8
autarkical,10
autarky,7
auteur,6
authentic,9
authentically,13
authenticate,12
authenticated,13
authentication,14
authenticator,13
authenticity,12
author,6
authoress,9
authorial,9
authorisation,13
authorise,9
authorised,10
authoriser,10
authoritarian,13
authoritative,13
authoritatively,15
authorities,11
authority,9
authorization,13
authorize,9
authorized,10
authorizer,10
authorship,10
autism,6
autistic,8
auto,4
autoantibody,12
autobahn,8
autobiographer,14
autobiographic,14
autobiography,13
autobus,7
autocatalysis,13
autocatalytic,13
autochthon,10
autochthonal,12
autochthonic,12
autochthonous,13
autochthony,11
autoclave,9
autocoid,8
autocracy,9
autocrat,8
autocratic,10
autocratically,14
autocue,7
autodidact,10
autodidactic,12
autoecious,10
autoerotic,10
autoeroticism,13
autoerotism,11
autofluorescent,15
autofocus,9
autogamic,9
autogamous,10
autogamy,8
autogenesis,11
autogenetic,11
autogenic,9
autogenics,10
autogenous,10
autogeny,8
autogiro,8
autograft,9
autograph,9
autographed,11
autographic,11
autogyro,8
autoicous,9
autoimmune,10
autoimmunity,12
autoinjector,12
autolatry,9
autoloader,10
autoloading,11
autologous,10
autolysis,9
autolytic,9
automaker,9
automat,7
automate,8
automated,9
automatic,9
automatically,13
automation,10
automatise,10
automatism,10
automatize,10
automaton,9
automatonlike,13
automeris,9
automobile,10
automobilist,12
automotive,10
automysophobia,14
autonomic,9
autonomous,10
autonomy,8
autophyte,9
autophytic,10
autopilot,9
autoplastic,11
autoplasty,10
autopsy,7
autoradiograph,14
autoradiography,15
autoregulation,14
autosemantic,12
autosexing,10
autosomal,9
autosome,8
autostrada,10
autosuggestion,14
autotelic,9
autotelism,10
autotomic,9
autotomise,10
autotomize,10
autotomy,8
autotroph,9
autotrophic,11
autotype,8
autotypic,9
autotypy,8
autumn,6
autumnal,8
auvergne,8
auxesis,7
auxetic,7
auxiliary,9
auxin,5
auxinic,7
avadavat,8
avahi,5
avail,5
availability,12
available,9
availableness,13
avalanche,9
avalokiteshvara,15
avalokitesvara,14
avaram,6
avarice,7
avaricious,10
avariciously,12
avariciousness,14
avaritia,8
avascular,9
avatar,6
avellan,7
avellane,8
avena,5
avenge,6
avenged,7
avenger,7
avens,5
aventail,8
aventurine,10
avenue,6
aver,4
average,7
averageness,11
averment,8
averrhoa,8
averroes,8
averse,6
aversion,8
aversive,8
avert,5
avertable,9
avertible,9
averting,8
aves,4
avesta,6
avestan,7
avian,5
avianise,8
avianize,8
aviary,6
aviate,6
aviation,8
aviator,7
aviatress,9
aviatrix,8
avicenna,8
avicennia,9
avicenniaceae,13
avid,4
avidity,7
avidly,6
avidness,8
avifauna,8
avifaunal,9
avifaunistic,12
avignon,7
avionic,7
avionics,8
avirulent,9
avitaminosis,12
avitaminotic,12
avocado,7
avocation,9
avocational,11
avocet,6
avogadro,8
avoid,5
avoidable,9
avoidance,9
avoirdupois,11
avon,4
avouch,6
avouchment,10
avow,4
avowal,6
avowed,6
avowedly,8
avower,6
avulse,6
avulsion,8
avuncular,9
await,5
awaited,7
awake,5
awaken,6
awakened,8
awakening,9
award,5
awarding,8
aware,5
awareness,9
awash,5
away,4
awayness,8
aweary,6
awed,4
aweigh,6
aweless,7
awesome,7
awestricken,11
awestruck,9
awful,5
awfully,7
awfulness,9
awheel,6
awhile,6
awing,5
awkward,7
awkwardly,9
awkwardness,11
awless,6
awlwort,7
awned,5
awning,6
awninged,8
awnless,7
awny,4
awol,4
awry,4
axenic,6
axerophthol,11
axial,5
axially,7
axil,4
axile,5
axilla,6
axillary,8
axiological,11
axiology,8
axiom,5
axiomatic,9
axiomatical,11
axiomatically,13
axis,4
axle,4
axletree,8
axolemma,8
axolotl,7
axon,4
axonal,6
axone,5
axseed,6
ayah,4
ayapana,7
ayatollah,9
ayin,4
ayrshire,8
aythya,6
ayurveda,8
azactam,7
azadirachta,11
azadirachtin,12
azalea,6
azaleastrum,11
azathioprine,12
azedarach,9
azederach,9
azerbaijan,10
azerbaijani,11
azerbajdzhan,12
azeri,5
azide,5
azido,5
azimuth,7
azimuthal,9
azithromycin,12
azoic,5
azoimide,8
azolla,6
azollaceae,10
azonal,6
azonic,6
azores,6
azotaemia,9
azote,5
azotemia,8
azotemic,8
azotic,6
azoturia,8
aztec,5
aztecan,7
aztreonam,9
azure,5
azurite,7
azygos,6
azygous,7
azymia,6
baal,4
baas,4
baba,4
babar,5
babassu,7
babbitt,7
babbitting,10
babble,6
babbler,7
babbling,8
babe,4
babel,5
babelike,8
babesiidae,10
babinski,8
babiroussa,10
babirusa,8
babirussa,9
babka,5
baboo,5
baboon,6
baboonish,9
babu,4
babushka,8
baby,4
babyhood,8
babyish,7
babylon,7
babylonia,9
babylonian,10
babyminder,10
babyrousa,9
babysitter,10
babysitting,11
babytalk,8
bacca,5
baccalaureate,13
baccarat,8
baccate,7
bacchanal,9
bacchanalia,11
bacchanalian,12
bacchant,8
bacchante,9
bacchantic,10
baccharis,9
bacchic,7
bacchus,7
bacciferous,11
baccivorous,11
baccy,5
bach,4
bachelor,8
bachelorette,12
bachelorhood,12
bacillaceae,11
bacillar,8
bacillary,9
bacilliform,11
bacillus,8
bacitracin,10
back,4
backache,8
backband,8
backbeat,8
backbench,9
backbencher,11
backbend,8
backbite,8
backbiter,9
backblast,9
backboard,9
backbone,8
backbreaking,12
backchat,8
backcloth,9
backcross,9
backdate,8
backdoor,8
backdown,8
backdrop,8
backed,6
backer,6
backfield,9
backfire,8
backflow,8
backflowing,11
backgammon,10
background,10
backgrounder,12
backgrounding,13
backhand,8
backhanded,10
backhander,10
backhoe,7
backing,7
backlash,8
backless,8
backlighting,12
backlog,7
backmost,8
backpack,8
backpacker,10
backpacking,11
backpedal,9
backplate,9
backrest,8
backroom,8
backsaw,7
backscatter,11
backscratcher,13
backseat,8
backsheesh,10
backside,8
backslap,8
backslapper,11
backslide,9
backslider,10
backsliding,11
backspace,9
backspacer,10
backspin,8
backstage,9
backstair,9
backstairs,10
backstay,8
backstitch,10
backstop,8
backstroke,10
backstroker,11
backswept,9
backswimmer,11
backsword,9
backtalk,8
backtrack,9
backup,6
backward,8
backwardness,12
backwards,9
backwash,8
backwater,9
backwoods,9
backwoodsman,12
backyard,8
bacon,5
bacteremia,10
bacteremic,10
bacteria,8
bacteriacide,12
bacteriaemia,12
bacterial,9
bacterially,11
bactericidal,12
bactericide,11
bacteriemia,11
bacterioid,10
bacterioidal,12
bacteriologic,13
bacteriological,15
bacteriologist,14
bacteriology,12
bacteriolysis,13
bacteriolytic,13
bacteriophage,13
bacteriophagic,14
bacteriophagous,15
bacteriostasis,14
bacteriostat,12
bacteriostatic,14
bacterise,9
bacterium,9
bacterize,9
bacteroid,9
bacteroidaceae,14
bacteroidal,11
bacteroides,11
baculiform,10
badaga,6
baddeleyite,11
baddie,6
bade,4
badge,5
badger,6
badgerer,8
badgering,9
badinage,8
badlands,8
badly,5
badminton,9
badmouth,8
badness,7
baeda,5
baedeker,8
baffle,6
baffled,7
bafflement,10
baffling,8
bagascosis,10
bagasse,7
bagassosis,10
bagatelle,9
bagdad,6
bagel,5
bagful,6
baggage,7
baggageman,10
bagger,6
bagging,7
baggy,5
baghdad,7
bagman,6
bagnio,6
bagpipe,7
bagpiper,8
baguet,6
baguette,8
bahai,5
bahaism,7
bahamas,7
bahamian,8
bahasa,6
bahrain,7
bahraini,8
bahrein,7
bahreini,8
baht,4
baic,4
baikal,6
bail,4
bailable,8
bailee,6
bailey,6
bailiff,7
bailiffship,11
bailiwick,9
bailment,8
bailor,6
baiomys,7
bairava,7
bairdiella,10
bairiki,7
bairn,5
baisa,5
baisakh,7
bait,4
baiting,7
baiza,5
baize,5
bake,4
bakeapple,9
baked,5
bakehouse,9
bakelite,8
baker,5
bakersfield,11
bakery,6
bakeshop,8
baking,6
baklava,7
baksheesh,9
bakshis,7
bakshish,8
baku,4
bakunin,7
balaclava,9
balaena,7
balaeniceps,11
balaenidae,10
balaenoptera,12
balaenopteridae,15
balagan,7
balalaika,9
balance,7
balanced,8
balancer,8
balanchine,10
balancing,9
balanidae,9
balanitis,9
balanoposthitis,15
balanus,7
balarama,8
balas,5
balata,6
balaton,7
balboa,6
balbriggan,10
balconied,9
balcony,7
bald,4
baldachin,9
balder,6
balderdash,10
baldhead,8
balding,7
baldly,6
baldness,8
baldpate,8
baldr,5
baldric,7
baldrick,8
baldwin,7
baldy,5
bale,4
baleen,6
balefire,8
baleful,7
balefully,9
balefulness,11
balenciaga,10
balfour,7
bali,4
balibago,8
balinese,8
balistes,8
balistidae,10
balk,4
balkan,6
balkanise,9
balkanize,9
balkans,7
balker,6
balkiness,9
balking,7
balkline,8
balky,5
ball,4
ballad,6
ballade,7
balladeer,9
ballast,7
ballcock,8
balldress,9
ballerina,9
ballet,6
balletic,8
balletomane,11
balletomania,12
ballgame,8
ballista,8
ballistic,9
ballistics,10
ballistite,10
ballock,7
balloon,7
balloonfish,11
ballooning,10
balloonist,10
ballot,6
ballota,7
balloting,9
ballottement,12
ballpark,8
ballpen,7
ballplayer,10
ballpoint,9
ballroom,8
ballup,6
bally,5
ballyhoo,8
ballyrag,8
balm,4
balmily,7
balminess,9
balmoral,8
balmy,5
balochi,7
baloney,7
balsa,5
balsam,6
balsamic,8
balsaminaceae,13
balsamorhiza,12
balsamroot,10
balsamy,7
balthasar,9
balthazar,9
baltic,6
baltimore,9
baluchi,7
baluster,8
balusters,9
balustrade,10
balzac,6
balzacian,9
bamako,6
bambino,7
bamboo,6
bamboozle,9
bambusa,7
bambuseae,9
banal,5
banality,8
banana,6
banausic,8
band,4
bandage,7
bandaged,8
bandaging,9
bandana,7
bandanna,8
bandbox,7
bandeau,7
banded,6
bandelet,8
bandelette,10
banderilla,10
banderillero,12
bandicoot,9
banding,7
bandit,6
banditry,8
bandleader,10
bandlet,7
bandmaster,10
bandoleer,9
bandolier,9
bandoneon,9
bandsaw,7
bandsman,8
bandstand,9
bandtail,8
bandung,7
bandwagon,9
bandwidth,9
bandy,5
bandyleg,8
bane,4
baneberry,9
baneful,7
banefully,9
banff,5
bang,4
bangalore,9
banger,6
bangiaceae,10
banging,7
bangkok,7
bangla,6
bangladesh,10
bangladeshi,11
bangle,6
bangor,6
bangtail,8
bangui,6
banian,6
banish,6
banishment,10
banister,8
banjo,5
banjul,6
bank,4
bankable,8
bankbook,8
banker,6
bankhead,8
bankia,6
banking,7
banknote,8
bankroll,8
bankrupt,8
bankruptcy,10
banks,5
banksia,7
banned,6
banner,6
banneret,8
bannerlike,10
banning,7
bannister,9
bannock,7
bannockburn,11
banns,5
banquet,7
banqueting,10
banquette,9
banshee,7
banshie,7
bantam,6
bantamweight,12
banteng,7
banter,6
bantering,9
banteringly,11
banting,7
bantoid,7
bantu,5
banyan,6
banzai,6
baobab,6
baphia,6
baptise,7
baptised,8
baptisia,8
baptism,7
baptismal,9
baptist,7
baptistery,10
baptistic,9
baptistry,9
baptists,8
baptize,7
baptized,8
baraka,6
baranduki,9
barany,6
barb,4
barbacan,8
barbadian,9
barbados,8
barbarea,8
barbarian,9
barbaric,8
barbarisation,13
barbarise,9
barbarism,9
barbarity,9
barbarization,13
barbarize,9
barbarossa,10
barbarous,9
barbarously,11
barbarousness,13
barbary,7
barbasco,8
barbate,7
barbecue,8
barbecued,9
barbecuing,10
barbed,6
barbel,6
barbell,7
barbellate,10
barbeque,8
barber,6
barberry,8
barbershop,10
barbet,6
barbette,8
barbican,8
barbital,8
barbitone,9
barbiturate,11
barbu,5
barbuda,7
barbwire,8
barcarole,9
barcarolle,10
barcelona,9
bard,4
barde,5
bardeen,7
bardic,6
bardolatry,10
bare,4
bareback,8
barebacked,10
bareboat,8
bareboating,11
bared,5
barefaced,9
barefacedly,11
barefoot,8
barefooted,10
barehanded,10
bareheaded,10
barelegged,10
barely,6
bareness,8
barf,4
bargain,7
bargainer,9
bargaining,10
barge,5
bargee,6
bargello,8
bargeman,8
bari,4
baric,5
barilla,7
baring,6
barish,6
barite,6
baritone,8
barium,6
bark,4
barkeep,7
barkeeper,9
barker,6
barkley,7
barky,5
barley,6
barleycorn,10
barm,4
barmaid,7
barman,6
barmbrack,9
barmy,5
barn,4
barnacle,8
barnburner,10
barndoor,8
barnful,7
barnstorm,9
barnstormer,11
barnum,6
barnyard,8
barograph,9
barographic,11
barometer,9
barometric,10
barometrical,12
baron,5
baronage,8
baronduki,9
baroness,8
baronet,7
baronetage,10
baronetcy,9
baronetise,10
baronetize,10
barong,6
baronial,8
barony,6
baroque,7
baroqueness,11
baroreceptor,12
barosaur,8
barosaurus,10
barouche,8
barque,6
barrack,7
barracking,10
barracouta,10
barracuda,9
barrage,7
barramundi,10
barranquilla,12
barrater,8
barrator,8
barratry,8
barred,6
barrel,6
barreled,8
barrelfish,10
barrelful,9
barrelhouse,11
barrelled,9
barrels,7
barren,6
barrenness,10
barrenwort,10
barrette,8
barretter,9
barricade,9
barricaded,10
barricado,9
barrie,6
barrier,7
barring,7
barrio,6
barrister,9
barroom,7
barrow,6
barrowful,9
barrymore,9
bars,4
barstow,7
bart,4
bartender,9
barter,6
barterer,8
barth,5
barthelme,9
bartholdi,9
bartholin,9
bartlesville,12
bartlett,8
bartok,6
bartonia,8
bartramia,9
baruch,6
barunduki,9
barycenter,10
barye,5
baryon,6
baryshnikov,11
baryta,6
barytes,7
barytic,7
barytone,8
basal,5
basalt,6
basaltic,8
bascule,7
base,4
baseball,8
baseboard,9
baseborn,8
based,5
basel,5
baseless,8
baseline,8
basely,6
basement,8
baseness,8
basenji,7
bash,4
bashful,7
bashfully,9
bashfulness,11
basia,5
basic,5
basically,9
basics,6
basidial,8
basidiocarp,11
basidiolichen,13
basidiomycete,13
basidiomycetes,14
basidiomycetous,15
basidiomycota,13
basidiomycotina,15
basidiospore,12
basidiosporous,14
basidium,8
basifixed,9
basify,6
basil,5
basilar,7
basilary,8
basileus,8
basilica,8
basilican,9
basilicata,10
basiliscus,10
basilisk,8
basin,5
basinal,7
basined,7
basinet,7
basinful,8
basipetal,9
basis,5
basiscopic,10
bask,4
basket,6
basketball,10
basketeer,9
basketful,9
basketmaker,11
basketry,8
basketweaver,12
basle,5
basophil,8
basophile,9
basophilia,10
basophilic,10
basotho,7
basque,6
basra,5
bass,4
bassariscidae,13
bassariscus,11
bassarisk,9
basset,6
basseterre,10
bassia,6
bassine,7
bassinet,8
bassist,7
basso,5
bassoon,7
bassoonist,10
basswood,8
bast,4
bastard,7
bastardisation,14
bastardise,10
bastardised,11
bastardization,14
bastardize,10
bastardized,11
bastardly,9
bastardy,8
baste,5
baster,6
bastille,8
bastinado,9
basting,7
bastion,7
bastioned,9
bastnaesite,11
bastnasite,10
basuco,6
basuto,6
basutoland,10
bata,4
bataan,6
batch,5
bate,4
bated,5
batfish,7
batfowl,7
bath,4
bathe,5
bather,6
bathetic,8
bathhouse,9
bathing,7
batholite,9
batholith,9
batholithic,11
batholitic,10
bathometer,10
bathos,6
bathrobe,8
bathroom,8
bathsheba,9
bathtub,7
bathyal,7
bathyergidae,12
bathyergus,10
bathymeter,10
bathymetric,11
bathymetrical,13
bathymetry,10
bathyscape,10
bathyscaph,10
bathyscaphe,11
bathysphere,11
batidaceae,10
batik,5
batis,5
batiste,7
batman,6
batna,5
batoidei,8
baton,5
batrachia,9
batrachian,10
batrachoididae,14
batrachoseps,12
bats,4
batsman,7
batswana,8
battalion,9
batten,6
batter,6
battercake,10
battered,8
battering,9
battery,7
batting,7
battle,6
battledore,10
battlefield,11
battlefront,11
battleful,9
battleground,12
battlement,10
battlemented,12
battler,7
battleship,10
battlesight,11
battlewagon,11
battue,6
batty,5
batwing,7
bauble,6
baud,4
baudelaire,10
bauhaus,7
bauhinia,8
baulk,5
baulker,7
baum,4
bauxite,7
bauxitic,8
bavaria,7
bavarian,8
bawbee,6
bawd,4
bawdily,7
bawdiness,9
bawdry,6
bawdy,5
bawdyhouse,10
bawl,4
bawler,6
bawling,7
baya,4
bayard,6
bayat,5
bayberry,8
baycol,6
bayer,5
bayes,5
bayesian,8
baykal,6
bayonet,7
bayonne,7
bayou,5
bayrut,6
bazaar,6
bazar,5
bazooka,7
bdellium,8
beach,5
beachball,9
beachcomber,11
beachfront,10
beachhead,9
beachwear,9
beacon,6
bead,4
beaded,6
beading,7
beadle,6
beadlike,8
beads,5
beadsman,8
beadwork,8
beady,5
beagle,6
beagling,8
beak,4
beaked,6
beaker,6
beakless,8
beaklike,8
beam,4
beaming,7
beamish,7
beamy,5
bean,4
beanbag,7
beanball,8
beaner,6
beanfeast,9
beanie,6
beano,5
beanstalk,9
beantown,8
beany,5
bear,4
bearable,8
bearberry,9
bearcat,7
beard,5
bearded,7
beardless,9
beardown,8
bearer,6
bearing,7
bearish,7
bearnaise,9
bearskin,8
bearwood,8
beast,5
beastliness,11
beastly,7
beat,4
beatable,8
beaten,6
beater,6
beatific,8
beatification,13
beatified,9
beatify,7
beating,7
beatitude,9
beatles,7
beatnik,7
beatniks,8
beatrice,8
beats,5
beau,4
beaugregory,11
beaujolais,10
beaumont,8
beaumontia,10
beaut,5
beauteous,9
beauteousness,13
beautician,10
beautification,14
beautiful,9
beautifully,11
beautify,8
beauty,6
beauvoir,8
beaver,6
beaverbrook,11
bebop,5
becalm,6
becalmed,8
bechamel,8
bechance,8
becharm,7
bechuana,8
beck,4
becket,6
beckett,7
beckley,7
beckon,6
becloud,7
become,6
becoming,8
becomingly,10
becomingness,12
becquerel,9
beda,4
bedamn,6
bedaub,6
bedaubed,8
bedaze,6
bedazzle,8
bedbug,6
bedchamber,10
bedclothes,10
bedcover,8
bedded,6
bedder,6
bedding,7
bede,4
bedeck,6
bedesman,8
bedevil,7
bedevilment,11
bedew,5
bedewed,7
bedfast,7
bedfellow,9
bedframe,8
bedground,9
bedhop,6
bedight,7
bedim,5
bedimmed,8
bedizen,7
bedlam,6
bedlamite,9
bedless,7
bedouin,7
bedpan,6
bedpost,7
bedraggle,9
bedraggled,10
bedrest,7
bedrid,6
bedridden,9
bedrock,7
bedroll,7
bedroom,7
bedside,7
bedsit,6
bedsitter,9
bedsore,7
bedspread,9
bedspring,9
bedstead,8
bedstraw,8
bedtime,7
beduin,6
bedwetter,9
beebalm,7
beebread,8
beech,5
beechen,7
beecher,7
beechnut,8
beechwood,9
beef,4
beefalo,7
beefburger,10
beefcake,8
beefeater,9
beefsteak,9
beefwood,8
beefy,5
beehive,7
beekeeper,9
beekeeping,10
beeline,7
beelzebub,9
beep,4
beeper,6
beer,4
beerbohm,8
beery,5
beeswax,7
beet,4
beethoven,9
beethovenian,12
beetle,6
beetleweed,10
beetling,8
beetroot,8
befall,6
befit,5
befitting,9
befittingly,11
befog,5
befogged,8
befool,6
befooling,9
before,6
beforehand,10
befoul,6
befouled,8
befoulment,10
befriend,8
befuddle,8
befuddled,9
befuddlement,12
beget,5
begetter,8
beggar,6
beggarly,8
beggarman,9
beggarweed,10
beggarwoman,11
beggary,7
begging,7
begild,6
begin,5
beginner,8
beginning,9
begonia,7
begoniaceae,11
begotten,8
begrime,7
begrimed,8
begrudge,8
beguile,7
beguiled,8
beguilement,11
beguiler,8
beguiling,9
beguine,7
begum,5
behalf,6
behave,6
behavior,8
behavioral,10
behaviorism,11
behaviorist,11
behavioristic,13
behaviour,9
behavioural,11
behaviourism,12
behaviourist,12
behaviouristic,14
behead,6
beheaded,8
beheading,9
behemoth,8
behest,6
behind,6
behindhand,10
behmen,6
behmenism,9
behold,6
beholden,8
beholder,8
beholding,9
behoove,7
behove,6
behrens,7
behring,7
beige,5
beigel,6
beignet,7
beijing,7
being,5
beingness,9
beira,5
beirut,6
bejewel,7
belabor,7
belabour,8
belamcanda,10
belarus,7
belarusian,10
belated,7
belatedly,9
belau,5
belay,5
belch,5
belching,8
beldam,6
beldame,7
beleaguer,9
beleaguering,12
belem,5
belemnite,9
belemnitic,10
belemnitidae,12
belemnoidea,11
belfast,7
belfry,6
belgian,7
belgique,8
belgium,7
belgrade,8
belie,5
belief,6
believability,13
believable,10
believably,10
believe,7
believer,8
believing,9
believingly,11
belike,6
belisarius,10
belittle,8
belittled,9
belittling,10
belize,6
bell,4
belladonna,10
bellarmine,10
bellarmino,10
bellbird,8
bellbottom,10
bellboy,7
belle,5
bellerophon,11
belletristic,12
bellflower,10
bellhop,7
bellicose,9
bellicoseness,13
bellicosity,11
bellied,7
belligerence,12
belligerency,12
belligerent,11
belligerently,13
belling,7
bellingham,10
bellini,7
bellis,6
bellman,7
belloc,6
bellow,6
bellower,8
bellowing,9
bellows,7
bellpull,8
bellwether,10
bellwort,8
belly,5
bellyache,9
bellyacher,10
bellyband,9
bellybutton,11
bellyful,8
bellying,8
bellylaugh,10
bellyless,9
belmont,7
belong,6
belonging,9
belongings,10
belonidae,9
belorussia,10
belorussian,11
belostomatidae,14
beloved,7
below,5
belowground,11
belsen,6
belshazzar,10
belt,4
belted,6
belting,7
beltless,8
beltlike,8
beltway,7
beluga,6
belvedere,9
bema,4
bemidji,7
bemire,6
bemisia,7
bemoan,6
bemock,6
bemuse,6
bemused,7
bemusement,10
benadryl,8
bench,5
benchley,8
benchmark,9
bend,4
bendability,11
bendable,8
benday,6
bended,6
bender,6
bending,7
bendopa,7
bends,5
beneath,7
benedick,8
benedict,8
benedictine,11
benediction,11
benedictive,11
benedictory,11
benefact,8
benefaction,11
benefactor,10
benefactress,12
benefic,7
benefice,8
beneficed,9
beneficence,11
beneficent,10
beneficial,10
beneficially,12
beneficiary,11
beneficiate,11
beneficiation,13
benefit,7
benelux,7
benet,5
benevolence,11
benevolent,10
benevolently,12
benficiate,10
bengal,6
bengali,7
benghazi,8
benight,7
benighted,9
benign,6
benignancy,10
benignant,9
benignantly,11
benignity,9
benignly,8
benin,5
beninese,8
benison,7
benjamin,8
benne,5
bennet,6
bennett,7
bennettitaceae,14
bennettitales,13
bennettitis,11
benni,5
bennie,6
bennington,10
benniseed,9
benny,5
bent,4
benthal,7
bentham,7
benthic,7
benthonic,9
benthos,7
benton,6
bentonite,9
bentonitic,10
bentwood,8
benumb,6
benumbed,8
benweed,7
benzedrine,10
benzene,7
benzenoid,9
benzine,7
benzoate,8
benzocaine,10
benzodiazepine,14
benzofuran,10
benzoic,7
benzoin,7
benzol,6
benzoquinone,12
benzyl,6
benzylic,8
beograd,7
beowulf,7
beplaster,9
bequeath,8
bequest,7
berate,6
berating,8
berber,6
berberidaceae,13
berberis,8
berbers,7
berceuse,8
bercy,5
bereave,7
bereaved,8
bereavement,11
bereft,6
beret,5
berg,4
bergall,7
bergamot,8
bergen,6
bergenia,8
bergman,7
bergson,7
beria,5
beriberi,8
bering,6
berit,5
berith,6
berk,4
berkeley,8
berkelium,9
berkshire,9
berkshires,10
berlage,7
berlin,6
berliner,8
berlioz,7
berm,4
bermuda,7
bermudan,8
bermudas,8
bermudian,9
bern,4
bernard,7
berne,5
bernhardt,9
bernini,7
bernoulli,9
bernstein,9
beroe,5
berra,5
berretta,8
berried,7
berry,5
berrylike,9
berserk,7
berserker,9
berteroa,8
berth,5
bertholletia,12
bertillon,9
bertolucci,10
berycomorphi,12
beryl,5
beryllium,9
berzelius,9
beseech,7
beseeching,10
beseechingly,12
beseem,6
beset,5
beshrew,7
besides,7
besiege,7
besieged,8
besieger,8
besieging,9
besmear,7
besmirch,8
besom,5
besot,5
besotted,8
bespangle,9
bespatter,9
bespeak,7
bespeckle,9
bespectacled,12
bespoke,7
bespoken,8
bespot,6
besprent,8
besprinkle,10
bessel,6
bessemer,8
bessera,7
besseya,7
best,4
bestial,7
bestialise,10
bestiality,10
bestialize,10
bestially,9
bestiary,8
bestir,6
bestow,6
bestowal,8
bestower,8
bestowment,10
bestrew,7
bestride,8
bestseller,10
bestubbled,10
beta,4
betaine,7
betatron,8
betel,5
betelgeuse,10
beth,4
bethe,5
bethel,6
bethink,7
bethlehem,9
bethune,7
betide,6
betimes,7
betise,6
betoken,7
betray,6
betrayal,8
betrayer,8
betroth,7
betrothal,9
betrothed,9
better,6
bettering,9
betterment,10
betting,7
bettong,7
bettongia,9
bettor,6
betula,6
betulaceae,10
betulaceous,11
between,7
betweenbrain,12
betwixt,7
bevatron,8
bevel,5
beverage,8
beveridge,9
bevin,5
bevy,4
bewail,6
beware,6
bewhisker,9
bewhiskered,11
bewilder,8
bewildered,10
bewilderedly,12
bewilderingly,13
bewilderment,12
bewitch,7
bewitched,9
bewitchery,10
bewitching,10
bewitchingly,12
bewitchment,11
bewray,6
bextra,6
beyond,6
bezant,6
bezel,5
bezique,7
bezzant,7
bhadon,6
bhadrapada,10
bhaga,5
bhagavadgita,12
bhakti,6
bhang,5
bharat,6
bhutan,6
bhutanese,9
bhutani,7
bialy,5
bialystoker,11
biannual,8
biannually,10
bias,4
biased,6
biaural,7
biauricular,11
biaxal,6
biaxate,7
biaxial,7
bibbed,6
bible,5
bibless,7
biblical,8
bibliographer,13
bibliographic,13
bibliographical,15
bibliography,12
bibliolatrous,13
bibliolatry,11
bibliomania,11
bibliomaniacal,14
bibliophile,11
bibliophilic,12
bibliopole,10
bibliopolic,11
bibliopolist,12
bibliothec,10
bibliotheca,11
bibliothecal,12
bibliothecarial,15
bibliotic,9
bibliotics,10
bibliotist,10
bibos,5
bibulous,8
bicameral,9
bicapsular,10
bicarbonate,11
bicentenary,11
bicentennial,12
bicentric,9
bicephalous,11
biceps,6
bichloride,10
bichromate,10
bichromated,11
bichrome,8
bicipital,9
bicker,6
bickering,9
bicolor,7
bicolored,9
bicolour,8
bicoloured,10
biconcave,9
biconvex,8
bicorn,6
bicornate,9
bicorne,7
bicorned,8
bicornuate,10
bicornuous,10
bicuspid,8
bicuspidate,11
bicycle,7
bicycler,8
bicyclic,8
bicycling,9
bicyclist,9
bicylindrical,13
bida,4
biddable,8
bidder,6
bidding,7
biddy,5
bide,4
bidens,6
bidentate,9
bidet,5
bidirectional,13
biedermeier,11
biennial,8
biennially,10
bier,4
bierce,6
biface,6
bifacial,8
biff,4
bifid,5
bifilar,7
biflagellate,12
bifocal,7
bifocals,8
bifoliate,9
biform,6
bifurcate,9
bifurcated,10
bifurcation,11
bigamist,8
bigamous,8
bigamy,6
bigarade,8
bigeminal,9
bigeneric,9
bigeye,6
bigfoot,7
bigger,6
biggin,6
biggish,7
bighead,7
bigheaded,9
bighearted,10
bigheartedness,14
bighorn,7
bight,5
bigmouthed,10
bigness,7
bignonia,8
bignoniaceae,12
bignoniaceous,13
bignoniad,9
bigos,5
bigot,5
bigoted,7
bigotry,7
bigram,6
bigwig,6
bihar,5
bihari,6
bijou,5
bike,4
bikers,6
bikini,6
bilabial,8
bilabiate,9
bilateral,9
bilateralism,12
bilaterality,12
bilaterally,11
bilberry,8
bilby,5
bile,4
bilestone,9
bilge,5
bilges,6
bilgewater,10
bilgy,5
bilharzia,9
bilharziasis,12
biliary,7
bilimbi,7
bilinear,8
bilingual,9
bilingualism,12
bilingualist,12
bilingually,11
bilious,7
biliousness,11
bilirubin,9
bilk,4
bill,4
billabong,9
billboard,9
billed,6
billet,6
billfish,8
billfold,8
billhook,8
billiard,8
billiards,9
billing,7
billings,8
billingsgate,12
billion,7
billionaire,11
billionth,9
billow,6
billowing,9
billowy,7
billy,5
billyo,6
billyoh,7
billystick,10
bilobate,8
bilobated,9
bilobed,7
bilocation,10
bilocular,9
biloculate,10
biloxi,6
bilsted,7
biltong,7
bimanual,8
bimbo,5
bimester,8
bimestrial,10
bimetal,7
bimetallic,10
bimetallism,11
bimetallist,11
bimetallistic,13
bimillenary,11
bimillenial,11
bimillennium,12
bimli,5
bimodal,7
bimolecular,11
bimonthly,9
bimorphemic,11
bimotored,9
binary,6
binate,6
binaural,8
binaurally,10
bind,4
bindable,8
binder,6
bindery,7
binding,7
bindweed,8
bine,4
binet,5
binful,6
binge,5
binger,6
binghamton,10
bingle,6
bingo,5
binnacle,8
binocular,9
binoculars,10
binomial,8
binominal,9
binturong,9
binuclear,9
binucleate,10
binucleated,11
bioarm,6
bioassay,8
bioattack,9
biocatalyst,11
biocatalytic,12
biochemical,11
biochemically,13
biochemist,10
biochemistry,12
biochip,7
bioclimatic,11
bioclimatology,14
biodefence,10
biodefense,10
biodegradable,13
biodegrade,10
biodiversity,12
bioelectricity,14
bioengineering,14
bioethics,9
biofeedback,11
bioflavinoid,12
biogenesis,10
biogenetic,10
biogenic,8
biogenous,9
biogeny,7
biogeographic,13
biogeographical,15
biogeography,12
biographer,10
biographic,10
biographical,12
biography,9
biohazard,9
bioko,5
biologic,8
biological,10
biologically,12
biologism,9
biologist,9
biologistic,11
biology,7
bioluminescence,15
bioluminescent,14
biomass,7
biome,5
biomedical,10
biomedicine,11
biometrics,10
biometry,8
bionic,6
bionics,7
bionomic,8
bionomical,10
bionomics,9
biont,5
biophysicist,12
biophysics,10
biopiracy,9
biopsy,6
bioremediation,14
biosafety,9
bioscience,10
bioscope,8
biosphere,9
biostatistics,13
biosynthesis,12
biosynthetic,12
biosystematic,13
biosystematics,14
biosystematy,12
biota,5
biotech,7
biotechnology,13
bioterrorism,12
biotic,6
biotin,6
biotite,7
biotitic,8
biotype,7
biotypic,8
biovular,8
bioweapon,9
biparous,8
bipartisan,10
bipartite,9
bipartizan,10
biped,5
bipedal,7
bipedalism,10
bipinnate,9
bipinnatifid,12
biplane,7
bipolar,7
biprism,7
biquadrate,10
biquadratic,11
biracial,8
biradial,8
biradially,10
biramous,8
birch,5
birchbark,9
birchen,7
bird,4
birdbath,8
birdbrain,9
birdcage,8
birdcall,8
birder,6
birdfeeder,10
birdhouse,9
birdie,6
birdlime,8
birdnest,8
birdnesting,11
birdseed,8
birdsong,8
birdwatch,9
birefringence,13
birefringent,12
biretta,7
biriani,7
birken,6
birl,4
birle,5
birling,7
birmingham,10
biro,4
birr,4
birretta,8
birth,5
birthday,8
birthing,8
birthmark,9
birthplace,10
birthrate,9
birthright,10
birthroot,9
birthwort,9
biryani,7
bisayan,7
bisayas,7
biscuit,7
biscutella,10
bise,4
bisect,6
bisection,9
bisectional,11
biserrate,9
bisexual,8
bisexuality,11
bishkek,7
bishop,6
bishopric,9
bishopry,8
biskek,6
bismarck,8
bismarckian,11
bismark,7
bismuth,7
bismuthal,9
bismuthic,9
bison,5
bisontine,9
bisque,6
bissau,6
bister,6
bistered,8
bistre,6
bistred,7
bistro,6
bistroic,8
bisulcate,9
bitartrate,10
bitch,5
bitchery,8
bitchiness,10
bitchy,6
bite,4
biteplate,9
biter,5
bitewing,8
bithynia,8
biting,6
bitingly,8
bitis,5
bitmap,6
bitok,5
bitstock,8
bitt,4
bittacidae,10
bitter,6
bittercress,11
bitterish,9
bitterly,8
bittern,7
bitterness,10
bitternut,9
bitterroot,10
bitters,7
bittersweet,11
bitterweed,10
bitterwood,10
bitthead,8
bittie,6
bitty,5
bitumastic,10
bitumen,7
bitumenoid,10
bituminise,10
bituminize,10
bituminoid,10
bituminous,10
bivalent,8
bivalve,7
bivalved,8
bivalvia,8
bivariate,9
bivouac,7
bivouacking,11
biweekly,8
biyearly,8
bizarre,7
bizarreness,11
bize,4
bizet,5
bizonal,7
blab,4
blabber,7
blabbermouth,12
blabbermouthed,14
blabby,6
blaberus,8
black,5
blackamoor,10
blackball,9
blackbeard,10
blackbeetle,11
blackberry,10
blackbird,9
blackboard,10
blackbody,9
blackbuck,9
blackburn,9
blackcap,8
blackcock,9
blackdamp,9
blacken,7
blackened,9
blackening,10
blackface,9
blackfish,9
blackfly,8
blackfoot,9
blackfriar,10
blackguard,10
blackguardly,12
blackhead,9
blackheart,10
blacking,8
blackish,8
blackjack,9
blacklead,9
blackleg,8
blacklist,9
blackmail,9
blackmailer,11
blackness,9
blackout,8
blackpoll,9
blackpool,9
blacksburg,10
blackseed,9
blackshirt,10
blacksmith,10
blacksnake,10
blacktail,9
blackthorn,10
blacktop,8
blacktopping,12
blackwash,9
blackwater,10
blackwood,9
bladder,7
bladderlike,11
bladdernose,11
bladderpod,10
bladderwort,11
bladderwrack,12
bladdery,8
blade,5
bladed,6
bladelike,9
blae,4
blaeberry,9
blah,4
blahs,5
blain,5
blair,5
blake,5
blamable,8
blame,5
blameable,9
blamed,6
blameful,8
blameless,9
blamelessly,11
blamelessness,13
blameworthiness,15
blameworthy,11
blanc,5
blanch,6
blanched,8
blancmange,10
bland,5
blandfordia,11
blandish,8
blandishment,12
blandly,7
blandness,9
blank,5
blanket,7
blanketed,9
blankly,7
blankness,9
blanquillo,10
blantyre,8
blare,5
blarina,7
blaring,7
blarney,7
blase,5
blaspheme,9
blasphemer,10
blasphemous,11
blasphemously,13
blasphemy,9
blast,5
blasted,7
blastema,8
blastemal,9
blastematic,11
blastemic,9
blaster,7
blasting,8
blastocele,10
blastocladia,12
blastocladiales,15
blastocoel,10
blastocoele,11
blastocoelic,12
blastocyst,10
blastocyte,10
blastocytoma,12
blastoderm,10
blastodermatic,14
blastodermic,12
blastodiaceae,13
blastodisc,10
blastoff,8
blastogenesis,13
blastogenetic,13
blastoma,8
blastomere,10
blastomeric,11
blastomyces,11
blastomycete,12
blastomycosis,13
blastomycotic,13
blastoporal,11
blastopore,10
blastoporic,11
blastosphere,12
blastospheric,13
blastula,8
blastular,9
blat,4
blatancy,8
blatant,7
blatantly,9
blate,5
blather,7
blatherskite,12
blatta,6
blattaria,9
blattella,9
blattidae,9
blattodea,9
blaxploitation,14
blaze,5
blazer,6
blazing,7
blazon,6
blazonry,8
bleach,6
bleached,8
bleacher,8
bleachers,9
bleak,5
bleakly,7
bleakness,9
blear,5
bleary,6
bleat,5
bleb,4
blebbed,7
blebby,6
blechnaceae,11
blechnum,8
bleed,5
bleeder,7
bleeding,8
bleep,5
blemish,7
blemished,9
blench,6
blend,5
blende,6
blended,7
blender,7
blending,8
blenheim,8
blenniidae,10
blennioid,9
blennioidea,11
blennius,8
blenny,6
blepharism,10
blepharitis,11
blepharospasm,13
blephilia,9
bleriot,7
bless,5
blessed,7
blessedly,9
blessedness,11
blessing,8
blest,5
blether,7
bletia,6
bletilla,8
bleu,4
blewits,7
blida,5
bligh,5
blighia,7
blight,6
blighted,8
blighter,8
blighty,7
blimp,5
blimpish,8
blind,5
blinded,7
blinder,7
blindfold,9
blindfolded,11
blinding,8
blindly,7
blindness,9
blindside,9
blindworm,9
bling,5
blini,5
blink,5
blinker,7
blinking,8
blinks,6
blintz,6
blintze,7
bliny,5
blip,4
bliss,5
blissful,8
blissfully,10
blissfulness,12
blissus,7
blister,7
blistering,10
blistery,8
blithe,6
blithely,8
blitheness,10
blither,7
blithesome,10
blitt,5
blitz,5
blitzkrieg,10
blitzstein,10
blixen,6
blizzard,8
bloat,5
bloater,7
blob,4
bloc,4
blocadren,9
bloch,5
block,5
blockade,8
blockaded,9
blockading,10
blockage,8
blockbuster,11
blocked,7
blocker,7
blockhead,9
blockheaded,11
blockhouse,10
blocking,8
blockish,8
blocky,6
bloemfontein,12
blog,4
blogger,7
blok,4
bloke,5
blolly,6
blond,5
blonde,6
blondness,9
blood,5
bloodbath,9
bloodberry,10
bloodcurdling,13
blooded,7
bloodguilt,10
bloodguilty,11
bloodhound,10
bloodily,8
bloodiness,10
bloodleaf,9
bloodless,9
bloodlessly,11
bloodletting,12
bloodline,9
bloodlust,9
bloodmobile,11
bloodroot,9
bloodshed,9
bloodshot,9
bloodstain,10
bloodstained,12
bloodstock,10
bloodstone,10
bloodstream,11
bloodsucker,11
bloodsucking,12
bloodthirsty,12
bloodworm,9
bloodwort,9
bloody,6
bloom,5
bloomer,7
bloomeria,9
bloomers,8
bloomfield,10
blooming,8
bloomington,11
bloomsbury,10
blooper,7
blossom,7
blossoming,10
blot,4
blotch,6
blotched,8
blotchy,7
blotter,7
blotto,6
blouse,6
bloviate,8
blow,4
blowback,8
blowball,8
blower,6
blowfish,8
blowfly,7
blowgun,7
blowhard,8
blowhole,8
blowing,7
blowjob,7
blowlamp,8
blown,5
blowout,7
blowpipe,8
blowsy,6
blowtorch,9
blowtube,8
blowup,6
blowy,5
blowzy,6
blub,4
blubber,7
blubberer,9
blubbery,8
blucher,7
bludgeon,8
bludgeoner,10
blue,4
bluebeard,9
bluebell,8
blueberry,9
bluebill,8
bluebird,8
bluebonnet,10
bluebottle,10
bluecoat,8
bluefin,7
bluefish,8
bluegill,8
bluegrass,9
bluehead,8
blueing,7
blueish,7
bluejacket,10
blueness,8
bluenose,8
bluepoint,9
blueprint,9
blues,5
bluestem,8
bluestocking,12
bluestone,9
bluethroat,10
bluetick,8
bluetongue,10
blueweed,8
bluewing,8
bluff,5
bluffer,7
bluffly,7
bluffness,9
bluing,6
bluish,6
blunder,7
blunderbuss,11
blunderer,9
blunt,5
blunted,7
bluntly,7
bluntness,9
blur,4
blurb,5
blurred,7
blurriness,10
blurry,6
blurt,5
blush,5
blusher,7
blushful,8
blushing,8
bluster,7
blusterer,9
blustering,10
blusterous,10
blustery,8
bmdo,4
bmus,4
boann,5
boar,4
board,5
boarder,7
boarding,8
boardinghouse,13
boardroom,9
boards,6
boardwalk,9
boarfish,8
boarhound,9
boast,5
boaster,7
boastful,8
boastfully,10
boastfulness,12
boasting,8
boat,4
boatbill,8
boatbuilder,11
boater,6
boathouse,9
boating,7
boatload,8
boatman,7
boatmanship,11
boatswain,9
boatyard,8
bobber,6
bobbin,6
bobble,6
bobby,5
bobbysock,9
bobbysocks,10
bobbysoxer,10
bobcat,6
bobfloat,8
bobolink,8
bobsled,7
bobsledding,11
bobsleigh,9
bobtail,7
bobtailed,9
bobwhite,8
boccaccio,9
bocce,5
bocci,5
boccie,6
bocconia,8
boche,5
bock,4
bodacious,9
boddhisatva,11
bode,4
bodega,6
bodensee,8
bodge,5
bodhisattva,11
bodice,6
bodied,6
bodiless,8
bodily,6
boding,6
bodkin,6
bodoni,6
body,4
bodybuilder,11
bodybuilding,12
bodyguard,9
bodyless,8
bodypaint,9
bodywork,8
boehm,5
boehme,6
boehmenism,10
boehmeria,9
boell,5
boeotia,7
boeotian,8
boer,4
boethius,8
boeuf,5
boffin,6
boffo,5
bogart,6
bogartian,9
bogbean,7
bogey,5
bogeyman,8
boggle,6
boggy,5
bogie,5
bogmat,6
bogota,6
bogus,5
bogy,4
bohemia,7
bohemian,8
bohemianism,11
bohme,5
bohr,4
bohrium,7
boidae,6
boil,4
boiled,6
boiler,6
boilerplate,11
boilersuit,10
boiling,7
boise,5
boisterous,10
boisterously,12
boisterousness,14
bokkos,6
bokmaal,7
bokmal,6
bola,4
bolanci,7
bolbitis,8
bold,4
boldface,8
boldly,6
boldness,8
bole,4
bolero,6
boletaceae,10
bolete,6
boletellus,10
boletus,7
boleyn,6
bolide,6
bolingbroke,11
bolivar,7
bolivia,7
bolivian,8
boliviano,9
boll,4
bollard,7
bollix,6
bollock,7
bollocks,8
bollworm,8
bollywood,9
bolo,4
bologna,7
bologram,8
bolograph,9
bolographic,11
bolometer,9
bolometric,10
boloney,7
bolshevik,9
bolshevise,10
bolshevism,10
bolshevist,10
bolshevistic,12
bolshevize,10
bolshie,7
bolshy,6
bolster,7
bolt,4
bolti,5
boltonia,8
boltzmann,9
bolus,5
bolzano,7
bomarea,7
bomb,4
bombacaceae,11
bombard,7
bombardier,10
bombardment,11
bombardon,9
bombast,7
bombastic,9
bombastically,13
bombax,6
bombay,6
bombazine,9
bomber,6
bombie,6
bombilate,9
bombilation,11
bombina,7
bombinate,9
bombination,11
bombing,7
bomblet,7
bombproof,9
bombshell,9
bombsight,9
bombus,6
bombycid,8
bombycidae,10
bombycilla,10
bombycillidae,13
bombyliidae,11
bombyx,6
bonaire,7
bonanza,7
bonaparte,9
bonasa,6
bonavist,8
bonbon,6
bonce,5
bond,4
bondable,8
bondage,7
bonderise,9
bonderize,9
bondholder,10
bonding,7
bondmaid,8
bondman,7
bondsman,8
bondswoman,10
bonduc,6
bondwoman,9
bone,4
boned,5
bonefish,8
bonehead,8
boneheaded,10
boneless,8
bonelet,7
bonelike,8
bonemeal,8
boner,5
bones,5
boneset,7
bonesetter,10
boneshaker,10
bonete,6
boney,5
bonfire,7
bong,4
bongo,5
bonheur,7
bonhoeffer,10
bonhomie,8
boniface,8
boniness,8
bonito,6
bonk,4
bonkers,7
bonn,4
bonnet,6
bonnethead,10
bonney,6
bonnie,6
bonnily,7
bonny,5
bonobo,6
bonsai,6
bontemps,8
bonus,5
bonxie,6
bony,4
bonyness,8
bonzer,6
boob,4
booboisie,9
booby,5
boodle,6
booger,6
boogeyman,9
boogie,6
book,4
bookable,8
bookbinder,10
bookbindery,11
bookbinding,11
bookcase,8
bookclub,8
bookdealer,10
booked,6
bookend,7
booker,6
bookfair,8
bookie,6
booking,7
bookish,7
bookishness,11
bookkeeper,10
bookkeeping,11
booklet,7
booklouse,9
booklover,9
bookmaker,9
bookman,7
bookmark,8
bookmarker,10
bookmobile,10
bookplate,9
bookseller,10
bookshelf,9
bookshop,8
bookstall,9
bookstore,9
bookworm,8
boole,5
boolean,7
boom,4
boomer,6
boomerang,9
booming,7
boon,4
boondocks,9
boondoggle,10
boone,5
boor,4
boorish,7
boorishly,9
boorishness,11
boost,5
booster,7
boot,4
bootblack,9
bootboys,8
booted,6
bootee,6
bootes,6
booth,5
boothose,8
bootie,6
bootjack,8
bootlace,8
bootleg,7
bootlegger,10
bootlegging,11
bootless,8
bootlick,8
bootlicker,10
bootlicking,11
bootmaker,9
bootstrap,9
booty,5
booyong,7
booze,5
boozer,6
boozing,7
boozy,5
bopeep,6
boracic,7
borage,6
boraginaceae,12
borago,6
borassus,8
borate,6
borated,7
borax,5
bordeaux,8
bordelaise,10
bordello,8
border,6
bordered,8
borderer,8
borderland,10
borderline,10
bore,4
boreal,6
boreas,6
borecole,8
bored,5
boredom,7
borer,5
borges,6
borgia,6
boric,5
boring,6
boringly,8
boringness,10
born,4
bornean,7
borneo,6
bornite,7
borodin,7
borodino,8
boron,5
boronic,7
borosilicate,12
borough,7
borrelia,8
borrow,6
borrower,8
borrowing,9
borsch,6
borscht,7
borsh,5
borshch,7
borsht,6
borstal,7
bortsch,7
borzoi,6
bosc,4
bosch,5
bose,4
boselaphus,10
bosh,4
bosie,5
bosk,4
boskopoid,9
bosky,5
bosnia,6
bosnian,7
bosom,5
bosomed,7
bosomy,6
boson,5
bosporus,8
boss,4
bossism,7
bossy,5
boston,6
bostonian,9
bosun,5
boswell,7
boswellia,9
bota,4
botanic,7
botanical,9
botanise,8
botanist,8
botanize,8
botany,6
botaurus,8
botch,5
botched,7
botcher,7
botchy,6
botfly,6
both,4
bother,6
botheration,11
bothered,8
bothersome,10
bothidae,8
bothrops,8
botonee,7
botonnee,8
botox,5
botrychium,10
botryoid,8
botryoidal,10
botswana,8
botswanan,9
botticelli,10
bottle,6
bottlebrush,11
bottlecap,9
bottlefeed,10
bottleful,9
bottleneck,10
bottlenose,10
bottler,7
bottom,6
bottomed,8
bottomland,10
bottomless,10
bottomlessness,14
bottommost,10
botuliform,10
botulin,7
botulinal,9
botulinum,9
botulinus,9
botulism,8
botulismotoxin,14
bouchee,7
boucle,6
boudoir,7
bouffant,8
bouffe,6
bougainvillaea,14
bougainville,12
bougainvillea,13
bough,5
boughed,7
boughless,9
boughten,8
bouillabaisse,13
bouillon,8
boulder,7
bouldered,9
bouldery,8
boule,5
boulevard,9
boulevardier,12
boulez,6
boulle,6
bounce,6
bouncer,7
bounciness,10
bouncing,8
bouncy,6
bound,5
boundary,8
bounded,7
boundedness,11
bounden,7
bounder,7
bounderish,10
boundless,9
boundlessly,11
boundlessness,13
bounds,6
bounteous,9
bounteously,11
bounteousness,13
bountied,8
bountiful,9
bountifully,11
bountifulness,13
bounty,6
bouquet,7
bourbon,7
bourdon,7
bourgeois,9
bourgeoisie,11
bourgeon,8
bourgogne,9
bourguignon,11
bourn,5
bourne,6
bourse,6
bourtree,8
bouse,5
boustrophedon,13
boustrophedonic,15
bout,4
bouteloua,9
boutique,8
boutonniere,11
bouvines,8
bouyei,6
bovid,5
bovidae,7
bovinae,7
bovine,6
bovini,6
bovril,6
bowditch,8
bowdler,7
bowdlerisation,14
bowdlerise,10
bowdleriser,11
bowdlerism,10
bowdlerization,14
bowdlerize,10
bowdlerizer,11
bowed,5
bowel,5
bowelless,9
bowels,6
bower,5
bowerbird,9
bowery,6
bowfin,6
bowfront,8
bowhead,7
bowie,5
bowiea,6
bowing,6
bowknot,7
bowl,4
bowlder,7
bowleg,6
bowlegged,9
bowler,6
bowlful,7
bowline,7
bowling,7
bowls,5
bowman,6
bowse,5
bowsprit,8
bowstring,9
bowtie,6
boxberry,8
boxcar,6
boxcars,7
boxed,5
boxer,5
boxers,6
boxershorts,11
boxfish,7
boxful,6
boxing,6
boxlike,7
boxthorn,8
boxwood,7
boxy,4
boycott,7
boyfriend,9
boyhood,7
boyish,6
boyishly,8
boyishness,10
boykinia,8
boyle,5
boylike,7
boyne,5
boysenberry,11
boytrose,8
bozeman,7
bozo,4
brabble,7
brace,5
braced,6
bracelet,8
bracer,6
bracero,7
braces,6
brachial,8
brachiate,9
brachiation,11
brachinus,9
brachiopod,10
brachiopoda,11
brachiopodous,13
brachium,8
brachycephalic,14
brachycephalism,15
brachycephaly,13
brachychiton,12
brachycome,10
brachycranial,13
brachycranic,12
brachydactylia,14
brachydactylic,14
brachydactylous,15
brachydactyly,13
brachypterous,13
brachystegia,12
brachyura,9
brachyuran,10
brachyurous,11
bracing,7
bracken,7
bracket,7
brackish,8
brackishness,12
bract,5
bracteal,8
bracteate,9
bracted,7
bracteolate,11
bracteole,9
bractlet,8
brad,4
bradawl,7
bradbury,8
bradford,8
bradley,7
bradstreet,10
brady,5
bradycardia,11
bradypodidae,12
bradypus,8
brae,4
brag,4
braga,5
brage,5
bragg,5
braggadocio,11
braggart,8
bragger,7
bragging,8
braggy,6
bragi,5
brahe,5
brahma,6
brahman,7
brahmana,8
brahmanism,10
brahmaputra,11
brahmi,6
brahmin,7
brahminic,9
brahminical,11
brahminism,10
brahms,6
brahui,6
braid,5
braided,7
braiding,8
brail,5
braille,7
brain,5
braincase,9
brainchild,10
brainiac,8
brainish,8
brainless,9
brainpan,8
brainpower,10
brainsick,9
brainstem,9
brainstorm,10
brainstorming,13
brainwash,9
brainwashed,11
brainwashing,12
brainwave,9
brainworker,11
brainy,6
braise,6
braised,7
braising,8
brake,5
brakeman,8
brakes,6
braky,5
braless,7
brama,5
bramante,8
bramble,7
brambling,9
brambly,7
bramidae,8
bran,4
branch,6
branched,8
branchia,8
branchial,9
branchiate,10
branching,9
branchiobdella,14
branchiopod,11
branchiopoda,12
branchiopodan,13
branchiopodous,14
branchiura,10
branchless,10
branchlet,9
branchy,7
brancusi,8
brand,5
branded,7
brandenburg,11
branding,8
brandish,8
brandmark,9
brandt,6
brandy,6
brandyball,10
brandysnap,10
brant,5
branta,6
braque,6
brasenia,8
brash,5
brashly,7
brashness,9
brasier,7
brasil,6
brasilia,8
brasov,6
brass,5
brassard,8
brassavola,10
brassbound,10
brasserie,9
brassia,7
brassica,8
brassicaceae,12
brassie,7
brassiere,9
brasslike,9
brassy,6
brat,4
bratislava,10
brattice,8
brattish,8
brattle,7
brattleboro,11
bratty,6
bratwurst,9
braun,5
braunschweig,12
bravado,7
brave,5
bravely,7
braveness,9
bravery,7
bravo,5
bravura,7
braw,4
brawl,5
brawler,7
brawn,5
brawniness,10
brawny,6
bray,4
braze,5
brazen,6
brazenly,8
brazenness,10
brazier,7
brazil,6
brazilian,9
brazilwood,10
brazos,6
brazzaville,11
breach,6
bread,5
breadbasket,11
breadboard,10
breadbox,8
breadcrumb,10
breadfruit,10
breadline,9
breadroot,9
breadstick,10
breadstuff,10
breadth,7
breadthways,11
breadthwise,11
breadwinner,11
break,5
breakability,12
breakable,9
breakableness,13
breakage,8
breakaway,9
breakax,7
breakaxe,8
breakdown,9
breaker,7
breakers,8
breakfast,9
breaking,8
breakneck,9
breakout,8
breakstone,10
breakthrough,12
breakup,7
breakwater,10
bream,5
breast,6
breastbone,10
breasted,8
breastfeed,10
breastless,10
breastpin,9
breastplate,11
breaststroke,12
breaststroker,13
breastwork,10
breath,6
breathalyse,11
breathalyser,12
breathalyze,11
breathalyzer,12
breathe,7
breathed,8
breather,8
breathing,9
breathless,10
breathlessly,12
breathlessness,14
breathtaking,12
breccia,7
brecciate,9
brecht,6
breech,6
breechblock,11
breechcloth,11
breechclout,11
breeched,8
breeches,8
breechloader,12
breed,5
breeder,7
breeding,8
breeze,6
breezily,8
breeziness,10
breezy,6
bregma,6
bregmatic,9
breiz,5
bremen,6
bremerhaven,11
bren,4
brent,5
brescia,7
breslau,7
brest,5
bretagne,8
brethren,8
breton,6
breuer,6
breughel,8
breve,5
brevet,6
breviary,8
brevibloc,9
brevicipitidae,14
brevity,7
brevoortia,10
brew,4
brewage,7
brewer,6
brewery,7
brewing,7
brewpub,7
brezhnev,8
briar,5
briard,6
briarroot,9
briarwood,9
briary,6
bribable,8
bribe,5
briber,6
bribery,7
brick,5
brickbat,8
brickellia,10
brickfield,10
brickkiln,9
bricklayer,10
bricklaying,11
brickle,7
brickly,7
brickwork,9
brickyard,9
bricole,7
bridal,6
bride,5
bridecake,9
bridegroom,10
bridesmaid,10
bridge,6
bridgeable,10
bridgehead,10
bridgeport,10
bridges,7
bridget,7
bridgetown,10
bridgework,10
bridle,6
bridoon,7
brie,4
brief,5
briefcase,9
briefing,8
briefless,9
briefly,7
briefness,9
briefs,6
brier,5
brierpatch,10
brierwood,9
briery,6
brig,4
brigade,7
brigadier,9
brigand,7
brigandine,10
brigantine,10
bright,6
brighten,8
brightly,8
brightness,10
brighton,8
brigid,6
brigit,6
brihaspati,10
brill,5
brilliance,10
brilliancy,10
brilliant,9
brilliantine,12
brilliantly,11
brim,4
brimful,7
brimfull,8
brimless,8
brimming,8
brimstone,9
brinded,7
brindisi,8
brindle,7
brindled,8
brine,5
bring,5
bringing,8
brininess,9
brinjal,7
brink,5
brinkmanship,12
brinton,7
briny,5
brio,4
brioche,7
briony,6
brioschi,8
briquet,7
briquette,9
bris,4
brisance,8
brisant,7
brisbane,8
brisk,5
brisken,7
brisket,7
briskly,7
briskness,9
brisling,8
briss,5
bristle,7
bristled,8
bristlegrass,12
bristlelike,11
bristletail,11
bristliness,11
bristly,7
bristol,7
brit,4
britain,7
britannic,9
britches,8
brith,5
briticism,9
british,7
britisher,9
britishism,10
briton,6
brits,5
britt,5
brittanic,9
brittany,8
britten,7
brittle,7
brittlebush,11
brittleness,11
brno,4
broach,6
broached,8
broad,5
broadax,7
broadaxe,8
broadband,9
broadbill,9
broadcast,9
broadcaster,11
broadcasting,12
broadcloth,10
broaden,7
broadening,10
broadleaf,9
broadloom,9
broadly,7
broadness,9
broadnosed,10
broadsheet,10
broadside,9
broadsword,10
broadtail,9
broadway,8
broadwise,9
brobdingnag,11
brobdingnagian,14
broca,5
brocade,7
brocaded,8
brocadopa,9
broccoli,8
brochette,9
brochure,8
brocket,7
brockhouse,10
brodiaea,8
brogan,6
broglie,7
brogue,6
broider,7
broil,5
broiled,7
broiler,7
broiling,8
broke,5
broken,6
brokenhearted,13
broker,6
brokerage,9
brolly,6
bromate,7
bromberg,8
brome,5
bromegrass,10
bromelia,8
bromeliaceae,12
bromeosin,9
bromic,6
bromide,7
bromidic,8
brominate,9
bromine,7
bromoform,9
bromus,6
bronc,5
bronchial,9
bronchiolar,11
bronchiole,10
bronchiolitis,13
bronchitic,10
bronchitis,10
broncho,7
bronchodilator,14
bronchoscope,12
bronchoscopic,13
bronchospasm,12
bronchus,8
bronco,6
broncobuster,12
bronte,6
brontosaur,10
brontosaurus,12
bronx,5
bronze,6
bronzed,7
bronzy,6
brooch,6
brood,5
brooder,7
brooding,8
broodmare,9
broody,6
brook,5
brooke,6
brooklet,8
brooklime,9
brooklyn,8
brooks,6
brookweed,9
broom,5
broomcorn,9
broomstick,10
broomweed,9
brosmius,8
broth,5
brothel,7
brother,7
brotherhood,11
brotherlike,11
brotherly,9
brotula,7
brotulidae,10
brougham,8
brouhaha,8
broussonetia,12
brow,4
browallia,9
browbeat,8
brown,5
browne,6
browned,7
brownie,7
browning,8
brownish,8
brownness,9
brownout,8
brownshirt,10
brownstone,10
brownsville,11
browntail,9
browse,6
browser,7
browsing,8
bruce,5
brucella,8
brucellosis,11
bruch,5
bruchidae,9
bruchus,7
brucine,7
bruckenthalia,13
bruckner,8
bruegel,7
brueghel,8
bruges,6
brugmansia,10
bruin,5
bruise,6
bruiser,7
bruising,8
bruit,5
brule,5
brumaire,8
brumal,6
brummagem,9
brummell,8
brummie,7
brummy,6
brumous,7
brunanburh,10
brunch,6
brunei,6
bruneian,8
brunelleschi,12
brunet,6
brunette,8
brunfelsia,10
brunhild,8
brunn,5
brunnhilde,10
bruno,5
brunswick,9
brunt,5
brusa,5
brush,5
brushed,7
brushing,8
brushlike,9
brushup,7
brushwood,9
brushwork,9
brushy,6
brusk,5
brusque,7
brusquely,9
brusqueness,11
brussels,8
brut,4
brutal,6
brutalisation,13
brutalise,9
brutality,9
brutalization,13
brutalize,9
brutally,8
brute,5
brutish,7
brutishly,9
brutus,6
bruxelles,9
bruxism,7
brya,4
bryaceae,8
bryales,7
bryan,5
bryanthus,9
brynhild,8
bryony,6
bryophyta,9
bryophyte,9
bryophytic,10
bryopsida,9
bryozoa,7
bryozoan,8
brythonic,9
bryum,5
bsarch,6
bubaline,8
bubalus,7
bubble,6
bubblejet,9
bubbler,7
bubbliness,10
bubbling,8
bubbly,6
buber,5
bubo,4
bubonic,7
bubulcus,8
buccal,6
buccaneer,9
buccaneering,12
buccinidae,10
bucconidae,10
buccula,7
bucephala,9
buceros,7
bucerotidae,11
buchanan,8
bucharest,9
bucharesti,10
buchenwald,10
buchloe,7
buchner,7
buck,4
buckaroo,8
buckbean,8
buckboard,9
buckeroo,8
bucket,6
bucketful,9
buckeye,7
buckle,6
buckler,7
buckleya,8
buckram,7
bucksaw,7
buckshee,8
buckshot,8
buckskin,8
buckskins,9
buckthorn,9
bucktooth,9
buckwheat,9
buckyball,9
bucolic,7
bucuresti,9
budapest,8
buddha,6
buddhism,8
buddhist,8
buddhistic,10
budding,7
buddleia,8
buddy,5
budge,5
budgereegah,11
budgerigar,10
budgerygah,10
budget,6
budgetary,9
budgie,6
budorcas,8
buff,4
buffalo,7
buffalofish,11
buffer,6
bufferin,8
buffet,6
buffeted,8
buffeting,9
bufflehead,10
buffoon,7
buffoonery,10
buffoonish,10
bufo,4
bufonidae,9
bugaboo,7
buganda,7
bugbane,7
bugbear,7
bugged,6
bugger,6
buggery,7
bugginess,9
buggy,5
bugle,5
bugler,6
bugleweed,9
bugloss,7
bugologist,10
bugology,8
buhl,4
build,5
builder,7
building,8
buildup,7
built,5
buirdly,7
bujumbura,9
bukharin,8
bulawayo,8
bulb,4
bulbaceous,10
bulbar,6
bulbed,6
bulbil,6
bulblet,7
bulblike,8
bulbous,7
bulbul,6
bulgaria,8
bulgarian,9
bulge,5
bulghur,7
bulginess,9
bulging,7
bulgur,6
bulgy,5
bulimarexia,11
bulimia,7
bulimic,7
bulk,4
bulkhead,8
bulkiness,9
bulky,5
bull,4
bulla,5
bullace,7
bullate,7
bullbat,7
bullbrier,9
bulldog,7
bulldoze,8
bulldozer,9
bullet,6
bullethead,10
bulletin,8
bulletproof,11
bullfight,9
bullfighter,11
bullfighting,12
bullfinch,9
bullfrog,8
bullhead,8
bullheaded,10
bullheadedness,14
bullhorn,8
bullion,7
bullish,7
bullnecked,10
bullnose,8
bullock,7
bullocky,8
bullpen,7
bullring,8
bullrush,8
bullshit,8
bullshot,8
bullterrier,11
bully,5
bullyboy,8
bullying,8
bullyrag,8
bulnesia,8
bulrush,7
bultmann,8
bulwark,7
bumble,6
bumblebee,9
bumbler,7
bumbling,8
bumboat,7
bumelia,7
bumf,4
bummer,6
bump,4
bumper,6
bumph,5
bumpiness,9
bumpkin,7
bumpkinly,9
bumptious,9
bumptiously,11
bumptiousness,13
bumpy,5
buna,4
bunce,5
bunch,5
bunchberry,10
bunche,6
bunchgrass,10
bunchy,6
bunco,5
buncombe,8
bundesbank,10
bundle,6
bundling,8
bunfight,8
bung,4
bungaloid,9
bungalow,8
bungarus,8
bungee,6
bunghole,8
bungle,6
bungled,7
bungler,7
bunglesome,10
bungling,8
bunion,6
bunk,4
bunker,6
bunkmate,8
bunko,5
bunkum,6
bunny,5
buns,4
bunsen,6
bunt,4
buntal,6
bunter,6
bunting,7
bunuel,6
bunyan,6
bunyaviridae,12
bunyavirus,10
buoy,4
buoyancy,8
buoyant,7
buoyantly,9
buphthalmum,11
bura,4
burbage,7
burbank,7
burberry,8
burble,6
burbling,8
burbly,6
burbot,6
burden,6
burdened,8
burdenless,10
burdensome,10
burdensomeness,14
burdock,7
bureau,6
bureaucracy,11
bureaucrat,10
bureaucratic,12
bureaucratism,13
buret,5
burette,7
burg,4
burgeon,7
burger,6
burgess,7
burgh,5
burgher,7
burglar,7
burglarious,11
burglarise,10
burglarize,10
burglarproof,12
burglary,8
burgle,6
burgomaster,11
burgoo,6
burgoyne,8
burgrass,8
burgrave,8
burgundy,8
burhinidae,10
burhinus,8
burial,6
buried,6
burin,5
burk,4
burka,5
burke,5
burked,6
burl,4
burlap,6
burled,6
burlesque,9
burlington,10
burly,5
burma,5
burmannia,9
burmanniaceae,13
burmeisteria,12
burmese,7
burn,4
burnability,11
burnable,8
burned,6
burner,6
burnett,7
burnham,7
burning,7
burnish,7
burnished,9
burnoose,8
burnous,7
burnouse,8
burns,5
burnside,8
burnt,5
burnup,6
burp,4
burping,7
burqa,5
burr,4
burrawong,9
burred,6
burrfish,8
burrito,7
burrlike,8
burro,5
burroughs,9
burrow,6
burry,5
bursa,5
bursal,6
bursar,6
bursary,7
bursera,7
burseraceae,11
bursiform,9
bursitis,8
burst,5
burster,7
burt,4
burthen,7
burton,6
burundi,7
burundian,9
burunduki,9
bury,4
burying,7
busbar,6
busboy,6
busby,5
bush,4
bushbaby,8
bushbuck,8
bushed,6
bushel,6
bushido,7
bushing,7
bushman,7
bushnell,8
bushtit,7
bushwhack,9
bushwhacker,11
bushwhacking,12
bushy,5
busily,6
business,8
businesslike,12
businessman,11
businessmen,11
businesspeople,14
businessperson,14
businesswoman,13
busk,4
busker,6
buskin,6
busload,7
busman,6
buspar,6
buspirone,9
buss,4
bust,4
bustard,7
busted,6
buster,6
bustier,7
bustle,6
bustling,8
busty,5
busy,4
busybodied,10
busybody,8
busyness,8
busywork,8
butacaine,9
butadiene,9
butane,6
butanol,7
butanone,8
butat,5
butazolidin,11
butch,5
butcher,7
butcherbird,11
butchering,10
butcherly,9
butchery,8
butea,5
butene,6
buteo,5
buteonine,9
butler,6
butt,4
butte,5
butter,6
butterball,10
butterbean,10
butterbur,9
buttercrunch,12
buttercup,9
butterfat,9
butterfield,11
butterfingered,14
butterfingers,13
butterfish,10
butterflower,12
butterfly,9
butterflyfish,13
buttermilk,10
butternut,9
butterscotch,12
butterweed,10
butterwort,10
buttery,7
buttinsky,9
buttock,7
buttocks,8
button,6
buttoned,8
buttonhole,10
buttonhook,10
buttonlike,10
buttonwood,10
buttony,7
buttress,8
buttressed,10
buttressing,11
buttweld,8
butty,5
butut,5
butyl,5
butylate,8
butylene,8
butyraceous,11
butyric,7
butyrin,7
buxaceae,8
buxom,5
buxomly,7
buxomness,9
buxus,5
buyback,7
buyer,5
buyi,4
buying,6
buyout,6
buzz,4
buzzard,7
buzzer,6
buzzing,7
buzzword,8
byblos,6
bycatch,7
bydgoszcz,9
byelarus,8
byelorussia,11
byelorussian,12
bygone,6
bylaw,5
byname,6
bypass,6
bypast,6
bypath,6
byplay,6
byproduct,9
byrd,4
byre,4
byrnie,6
byroad,6
byron,5
byssus,6
bystander,9
byte,4
byway,5
byword,6
byzant,6
byzantine,9
byzantinism,11
byzantium,9
caaba,5
cabal,5
cabala,6
cabalism,8
cabalist,8
cabalistic,10
cabana,6
cabaret,7
cabasset,8
cabassous,9
cabbage,7
cabbageworm,11
cabbala,7
cabbalah,8
cabby,5
cabdriver,9
cabell,6
caber,5
cabernet,8
cabg,4
cabin,5
cabinet,7
cabinetmaker,12
cabinetmaking,13
cabinetry,9
cabinetwork,11
cable,5
cablegram,9
cabman,6
cabochon,8
cabomba,7
cabombaceae,11
caboodle,8
caboose,7
cabot,5
cabotage,8
cabriolet,9
cabstand,8
cacajao,7
cacalia,7
cacao,5
cacatua,7
cachalot,8
cache,5
cachectic,9
cachet,6
cachexia,8
cachexy,7
cachi,5
cachinnate,10
cachinnation,12
cachou,6
cacicus,7
cacique,7
cackel,6
cackle,6
cackler,7
cackly,6
cacodaemon,10
cacodaemonic,12
cacodemon,9
cacodemonic,11
cacodyl,7
cacodylic,9
cacoethes,9
cacogenesis,11
cacogenic,9
cacogenics,10
cacography,10
cacomistle,10
cacomixle,9
cacophonic,10
cacophonous,11
cacophony,9
cactaceae,9
cactus,6
cacuminal,9
cadaster,8
cadastral,9
cadastre,8
cadaver,7
cadaveric,9
cadaverine,10
cadaverous,10
caddie,6
caddish,7
caddisworm,10
caddo,5
caddoan,7
caddy,5
cadence,7
cadenced,8
cadency,7
cadent,6
cadenza,7
cadet,5
cadetship,9
cadge,5
cadger,6
cadiz,5
cadmium,7
cadmus,6
cadra,5
cadre,5
caducean,8
caduceus,8
caducous,8
caecal,6
caeciliadae,11
caecilian,9
caeciliidae,11
caecum,6
caelum,6
caenogenesis,12
caenolestes,11
caenolestidae,13
caesalpinia,11
caesalpiniaceae,15
caesar,6
caesarea,8
caesarean,9
caesarian,9
caesarism,9
caesaropapism,13
caesium,7
caespitose,10
caesura,7
caesural,8
cafe,4
cafeteria,9
caff,4
caffein,7
caffeine,8
caffeinic,9
caffeinism,10
caffer,6
caffre,6
caftan,6
cage,4
cager,5
cagey,5
cagily,6
cagliostro,10
cagney,6
cagoule,7
cagy,4
cahita,6
cahoot,6
caiman,6
caimitillo,10
caimito,7
cain,4
cainogenesis,12
cairene,7
cairina,7
cairn,5
cairned,7
cairngorm,9
cairo,5
caisson,7
caitiff,7
caitra,6
cajanus,7
cajole,6
cajolery,8
cajolingly,10
cajun,5
cakchiquel,10
cake,4
cakehole,8
cakewalk,8
cakile,6
calaba,6
calabash,8
calabazilla,11
calabria,8
calabura,8
caladenia,9
caladium,8
calais,6
calamagrostis,13
calamari,8
calamary,8
calamine,8
calamint,8
calamintha,10
calamitous,10
calamity,8
calamus,7
calan,5
calando,7
calandrinia,11
calanthe,8
calapooya,9
calapuya,8
calash,6
calcaneal,9
calcaneus,9
calcareous,10
calced,6
calcedony,9
calceiform,10
calceolaria,11
calceolate,10
calceus,7
calcic,6
calcicolous,11
calciferol,10
calciferous,11
calcific,8
calcification,13
calcifugous,11
calcify,7
calcimine,9
calcination,11
calcine,7
calcite,7
calcitic,8
calcitonin,10
calcium,7
calculable,10
calculate,9
calculated,10
calculating,11
calculatingly,13
calculation,11
calculative,11
calculator,10
calculous,9
calculus,8
calcutta,8
calcuttan,9
calder,6
caldera,7
calderon,8
caldron,7
caldwell,8
calean,6
caleche,7
caledonia,9
calefacient,11
calefaction,11
calefactive,11
calefactory,11
calendar,8
calender,8
calendered,10
calendric,9
calendrical,11
calendula,9
calf,4
calfskin,8
calgary,7
cali,4
caliber,7
calibrate,9
calibrated,10
calibration,11
calibre,7
caliche,7
calico,6
calicular,9
caliculus,9
calidris,8
calif,5
california,10
californian,11
californium,11
caliginous,10
caligula,8
caliper,7
caliph,6
caliphate,9
calisaya,8
calisthenic,11
calisthenics,12
calk,4
calkin,6
call,4
calla,5
callable,8
callas,6
callathump,10
callback,8
caller,6
calliandra,10
callicebus,10
calligraph,10
calligrapher,12
calligraphic,12
calligraphical,14
calligraphist,13
calligraphy,11
callimorpha,11
callinectes,11
calling,7
callionymidae,13
calliope,8
calliophis,10
calliopsis,10
calliper,8
calliphora,10
calliphoridae,13
callipygian,11
callipygous,11
callirhoe,9
callisaurus,11
callistephus,12
callisthenics,13
callisto,8
callithricidae,14
callithrix,10
callithump,10
callithumpian,13
callitrichaceae,15
callitriche,11
callitris,9
callophis,9
callorhinus,11
callosectomy,12
callosity,9
callosotomy,11
callous,7
calloused,9
callously,9
callousness,11
callow,6
callowness,10
calluna,7
callus,6
calm,4
calming,7
calmly,6
calmness,8
calocarpum,10
calocedrus,10
calochortus,11
calomel,7
caloocan,8
caloosahatchee,14
calophyllum,11
calopogon,9
caloric,7
calorie,7
calorifacient,13
calorific,9
calorimeter,11
calorimetric,12
calorimetry,11
calosoma,8
calostomataceae,15
calpac,6
calpack,7
calpe,5
calque,6
caltha,6
caltrop,7
calumet,7
calumniate,10
calumniation,12
calumniatory,12
calumnious,10
calumniously,12
calumny,7
calvados,8
calvaria,8
calvary,7
calvatia,8
calve,5
calvin,6
calving,7
calvinism,9
calvinist,9
calvinistic,11
calvinistical,13
calvino,7
calx,4
calycanthaceae,14
calycanthus,11
calyceal,8
calycinal,9
calycine,8
calycle,7
calycled,8
calycophyllum,13
calycular,9
calyculate,10
calyculus,9
calypso,7
calypter,8
calyptra,8
calyptrate,10
calystegia,10
calyx,5
camachile,9
camail,6
camaraderie,11
camarilla,9
camas,5
camash,6
camass,6
camassia,8
cambarus,8
camber,6
cambial,7
cambium,7
cambodia,8
cambodian,9
cambria,7
cambrian,8
cambric,7
cambridge,9
camcorder,9
camden,6
camel,5
camelhair,9
camelia,7
camelidae,9
camelina,8
camellia,8
camelopard,10
camelot,7
camelpox,8
camelus,7
camembert,9
cameo,5
camera,6
cameraman,9
cameroon,8
cameroonian,11
cameroun,8
camion,6
camise,6
camisole,8
camlan,6
camlet,6
camo,4
camomile,8
camorra,7
camosh,6
camouflage,10
camouflaged,11
camp,4
campaign,8
campaigner,10
campaigning,11
campana,7
campania,8
campanile,9
campanula,9
campanulaceae,13
campanulales,12
campanular,10
campanulate,11
campanulated,12
campbell,8
campeachy,9
campeche,8
campephilus,11
camper,6
campestral,10
campfire,8
campground,10
camphor,7
camphoraceous,13
camphorate,10
camphorated,11
camphoric,9
camphorweed,11
camping,7
campion,7
campmate,8
campong,7
camponotus,10
campsite,8
campstool,9
camptosorus,11
campus,6
campy,5
campyloneurum,13
campylorhynchus,15
campylotropous,14
camshaft,8
camus,5
camwood,7
canaan,6
canaanite,9
canaanitic,10
canachites,10
canada,6
canadian,8
canafistola,11
canafistula,11
canal,5
canalicular,11
canaliculate,12
canaliculus,11
canalisation,12
canalise,8
canalization,12
canalize,8
cananga,7
canangium,9
canape,6
canara,6
canard,6
canarese,8
canaries,8
canary,6
canasta,7
canavalia,9
canavanine,10
canberra,8
cancan,6
cancel,6
cancellate,10
cancellated,11
cancellation,12
cancelled,9
cancellous,10
cancer,6
cancerous,9
cancerweed,10
cancridae,9
cancroid,8
cancun,6
candela,7
candelabra,10
candelabrum,11
candelilla,10
candent,7
candescent,10
candid,6
candida,7
candidacy,9
candidate,9
candidature,11
candidiasis,11
candidly,8
candidness,10
candied,7
candle,6
candleberry,11
candlelight,11
candlemaker,11
candlemas,9
candlenut,9
candlepin,9
candlepins,10
candlepower,11
candlesnuffer,13
candlestick,11
candlewick,10
candlewood,10
candor,6
candour,7
candy,5
candyfloss,10
candymaker,10
candytuft,9
candyweed,9
cane,4
canebrake,9
canecutter,10
canella,7
canellaceae,11
canescent,9
canetti,7
canfield,8
canful,6
cangue,6
canicula,8
canicular,9
canicule,8
canid,5
canidae,7
canine,6
caning,6
canis,5
canistel,8
canister,8
canker,6
cankerous,9
cankerweed,10
cankerworm,10
canna,5
cannabidaceae,13
cannabin,8
cannabis,8
cannaceae,9
cannae,6
canned,6
cannelloni,10
cannery,7
cannes,6
cannibal,8
cannibalic,10
cannibalise,11
cannibalism,11
cannibalistic,13
cannibalize,11
cannikin,8
cannily,7
cannister,9
cannon,6
cannonade,9
cannonball,10
cannoneer,9
cannula,7
cannular,8
cannulate,9
cannulation,11
cannulisation,13
cannulise,9
cannulization,13
cannulize,9
canny,5
canoe,5
canoeist,8
canola,6
canon,5
canonic,7
canonical,9
canonically,11
canonisation,12
canonise,8
canonised,9
canonist,8
canonization,12
canonize,8
canonized,9
canoodle,8
canopied,8
canopus,7
canopy,6
canorous,8
cant,4
cantabile,9
cantabrigian,12
cantala,7
cantaloup,9
cantaloupe,10
cantankerous,12
cantankerously,14
cantata,7
canted,6
canteen,7
canter,6
canterbury,10
cantering,9
cantharellus,12
canthus,7
canticle,8
canticles,9
cantilever,10
cantillate,10
cantillation,12
cantle,6
canto,5
canton,6
cantonal,8
cantonese,9
cantonment,10
cantor,6
canty,5
canuck,6
canulate,8
canulation,10
canulisation,12
canulization,12
canute,6
canvas,6
canvasback,10
canvass,7
canvasser,9
canvassing,10
canyon,6
canyonside,10
caoutchouc,10
capability,10
capable,7
capableness,11
capably,7
capacious,9
capaciousness,13
capacitance,11
capacitate,10
capacitive,10
capacitor,9
capacity,8
caparison,9
caparisoned,11
cape,4
capek,5
capelan,7
capelin,7
capella,7
caper,5
capercaillie,12
capercailzie,12
capet,5
capetian,8
capeweed,8
capful,6
capibara,8
capillarity,11
capillary,9
capital,7
capitalisation,14
capitalise,10
capitalism,10
capitalist,10
capitalistic,12
capitalization,14
capitalize,10
capitate,8
capitation,10
capitol,7
capitonidae,11
capitular,9
capitulary,10
capitulate,10
capitulation,12
capitulum,9
capiz,5
caplin,6
capo,4
capon,5
capone,6
caponise,8
caponize,8
caporetto,9
capote,6
capoten,7
cappadocia,10
cappadocian,11
capparidaceae,13
capparis,8
capped,6
cappelletti,11
cappuccino,10
capra,5
caprella,8
capreolus,9
capri,5
capriccio,9
caprice,7
capricious,10
capriciously,12
capriciousness,14
capricorn,9
capricornis,11
capricornus,11
caprifig,8
caprifoliaceae,14
caprimulgid,11
caprimulgidae,13
caprimulgus,11
caprine,7
capriole,8
caproidae,9
capromyidae,11
capros,6
capsaicin,9
capsella,8
capsicum,8
capsid,6
capsidae,8
capsize,7
capsizing,9
capstan,7
capstone,8
capsular,8
capsulate,9
capsulated,10
capsule,7
capsulise,9
capsulize,9
captain,7
captaincy,9
captainship,11
caption,7
captious,8
captiously,10
captivate,9
captivated,10
captivating,11
captivatingly,13
captivation,11
captive,7
captivity,9
captopril,9
captor,6
capture,7
capturer,8
capuchin,8
capulin,7
caput,5
capybara,8
carabao,7
carabidae,9
carabineer,10
carabiner,9
carabinier,10
caracal,7
caracara,8
caracas,7
carack,6
caracole,8
caracolito,10
caracul,7
carafate,8
carafe,6
caragana,8
carageen,8
carambola,9
caramel,7
caramelise,10
caramelize,10
carancha,8
caranda,7
caranday,8
carangid,8
carangidae,10
caranx,6
carapace,8
carapidae,9
carassius,9
carat,5
caravaggio,10
caravan,7
caravanning,11
caravansary,11
caravanserai,12
caraway,7
carbamate,9
carbamide,9
carbide,7
carbine,7
carbineer,9
carbocyclic,11
carbohydrate,12
carbolated,10
carboloy,8
carbomycin,10
carbon,6
carbonaceous,12
carbonado,9
carbonara,9
carbonate,9
carbonated,10
carbonation,11
carbondale,10
carbonic,8
carboniferous,13
carbonisation,13
carbonise,9
carbonization,13
carbonize,9
carbonous,9
carbonyl,8
carbonylic,10
carborundum,11
carboxyl,8
carboxylate,11
carboxylic,10
carboy,6
carbuncle,9
carbuncled,10
carbuncular,11
carburet,8
carburetor,10
carburettor,11
carburise,9
carburize,9
carcajou,8
carcase,7
carcass,7
carcharhinidae,14
carcharhinus,12
carcharias,10
carchariidae,12
carcharodon,11
carcinogen,10
carcinogenic,12
carcinoid,9
carcinoma,9
carcinomatous,13
carcinosarcoma,14
card,4
cardamine,9
cardamom,8
cardamon,8
cardamum,8
cardboard,9
cardcase,8
cardcastle,10
cardholder,10
cardhouse,9
cardia,6
cardiac,7
cardiff,7
cardigan,8
cardiidae,9
cardinal,8
cardinalate,11
cardinalfish,12
cardinality,11
cardinalship,12
cardiogram,10
cardiograph,11
cardiographic,13
cardiography,12
cardioid,8
cardiologic,11
cardiologist,12
cardiology,10
cardiomegaly,12
cardiomyopathy,14
cardiopathy,11
cardiopulmonary,15
cardiospasm,11
cardiospermum,13
cardiovascular,14
carditis,8
cardium,7
cardizem,8
cardoon,7
cardroom,8
cards,5
cardsharp,9
cardsharper,11
carducci,8
carduelinae,11
carduelis,9
cardura,7
carduus,7
care,4
careen,6
career,6
careerism,9
careerist,9
carefree,8
carefreeness,12
careful,7
carefully,9
carefulness,11
caregiver,9
careless,8
carelessly,10
carelessness,12
carelian,8
caress,6
caressing,9
caret,5
caretaker,9
caretta,7
carew,5
careworn,8
carex,5
carfare,7
carful,6
cargo,5
carhop,6
cariama,7
cariamidae,10
carib,5
caribbean,9
caribe,6
caribees,8
caribou,7
carica,6
caricaceae,10
caricature,10
caricaturist,12
caries,6
carillon,8
carillonneur,12
carina,6
carinal,7
carinate,8
carinated,9
caring,6
carioca,7
carious,7
carissa,7
carjack,7
carjacking,10
cark,4
carlina,7
carload,7
carlos,6
carlovingian,12
carlsbad,8
carlyle,7
carmaker,8
carmelite,9
carmichael,10
carminative,11
carmine,7
carnage,7
carnal,6
carnalise,9
carnality,9
carnalize,9
carnallite,10
carnally,8
carnassial,10
carnation,9
carnauba,8
carnegie,8
carnegiea,9
carnelian,9
carnify,7
carnival,8
carnivora,9
carnivore,9
carnivorous,11
carnosaur,9
carnosaura,10
carnot,6
carnotite,9
carob,5
caroche,7
carol,5
carolean,8
caroler,7
carolina,8
carolinas,9
caroline,8
caroling,8
carolingian,11
carolinian,10
caroller,8
carolus,7
carom,5
carotene,8
carotenemia,11
carotenoid,10
carothers,9
carotid,7
carotin,7
carousal,8
carouse,7
carousel,8
carouser,8
carousing,9
carp,4
carpal,6
carpathians,11
carpel,6
carpellary,10
carpellate,10
carpentaria,11
carpenter,9
carpenteria,11
carpentry,9
carper,6
carpet,6
carpetbag,9
carpetbagger,12
carpetbagging,13
carpeted,8
carpeting,9
carpetweed,10
carphophis,10
carpinaceae,11
carping,7
carpinus,8
carpobrotus,11
carpocapsa,10
carpodacus,10
carpophagous,12
carpophore,10
carport,7
carpospore,10
carposporic,11
carposporous,12
carpus,6
carrack,7
carrageen,9
carrageenan,11
carrageenin,11
carragheen,10
carrefour,9
carrel,6
carrell,7
carrere,7
carriage,8
carriageway,11
carrier,7
carrion,7
carrizo,7
carroll,7
carrot,6
carrottop,9
carroty,7
carrousel,9
carry,5
carryall,8
carrycot,8
carsick,7
carson,6
cart,4
cartage,7
cartagena,9
carte,5
cartel,6
carter,6
cartesian,9
carthage,8
carthaginian,12
carthamus,9
carthorse,9
carthusian,10
cartier,7
cartilage,9
cartilaginous,13
carting,7
cartload,8
cartographer,12
cartographic,12
cartographical,14
cartography,11
carton,6
cartonful,9
cartoon,7
cartoonist,10
cartouch,8
cartouche,9
cartridge,9
cartroad,8
cartwheel,9
cartwright,10
carum,5
caruncle,8
caruncula,9
caruncular,10
carunculate,11
carunculated,12
carunculous,11
caruso,6
carve,5
carved,6
carvedilol,10
carven,6
carver,6
carving,7
carya,5
caryatid,8
caryocar,8
caryocaraceae,13
caryophyllaceae,15
caryophyllales,14
caryophyllidae,14
caryopsis,9
caryota,7
casaba,6
casablanca,10
casals,6
casanova,8
casava,6
casbah,6
cascabel,8
cascade,7
cascades,8
cascara,7
cascarilla,10
case,4
caseate,7
casebook,8
cased,5
caseful,7
casein,6
casement,8
caseous,7
casern,6
casework,8
caseworker,10
caseworm,8
cash,4
cashable,8
cashbox,7
cashcard,8
cashed,6
cashew,6
cashier,7
cashmere,8
casing,6
casino,6
cask,4
casket,6
caskful,7
casmerodius,11
caspar,6
caspase,7
casper,6
caspian,7
casque,6
casquet,7
casquetel,9
cassandra,9
cassareep,9
cassava,7
casserole,9
cassette,8
cassia,6
cassie,6
cassino,7
cassiope,8
cassiopeia,10
cassirer,8
cassiri,7
cassite,7
cassiterite,11
cassius,7
cassock,7
cassocked,9
cassowary,9
cast,4
castanea,8
castanets,9
castanopsis,11
castanospermum,14
castaway,8
caste,5
casteless,9
castellated,11
caster,6
castigate,9
castigation,11
castile,7
castilian,9
castilla,8
castilleia,10
castilleja,10
castillian,10
casting,7
castle,6
castled,7
castling,8
castor,6
castoridae,10
castoroides,11
castrate,8
castrated,9
castration,10
castrato,8
castries,8
castro,6
castroism,9
casual,6
casually,8
casualness,10
casualty,8
casuaridae,10
casuariiformes,14
casuarina,9
casuarinaceae,13
casuarinales,12
casuarius,9
casuist,7
casuistic,9
casuistical,11
casuistry,9
catabatic,9
catabiosis,10
catabolic,9
catabolise,10
catabolism,10
catabolize,10
catacala,8
catachresis,11
catachrestic,12
catachrestical,14
cataclinal,10
cataclysm,9
cataclysmal,11
cataclysmic,11
catacomb,8
catacorner,10
catadromous,11
catafalque,10
cataflam,8
catalan,7
catalase,8
catalatic,9
catalectic,10
catalepsy,9
cataleptic,10
catalexis,9
catalog,7
cataloger,9
catalogue,9
cataloguer,10
catalonia,9
catalpa,7
catalufa,8
catalyse,8
catalysis,9
catalyst,8
catalytic,9
catalytically,13
catalyze,8
catamaran,9
catamenia,9
catamenial,10
catamite,8
catamount,9
catamountain,12
catananche,10
cataphasia,10
cataphatic,10
cataphatism,11
cataphoresis,12
cataphoretic,12
cataphract,10
cataphyll,9
cataplasia,10
cataplasm,9
cataplastic,11
catapres,8
catapult,8
catapultian,11
catapultic,10
cataract,8
catarrh,7
catarrhal,9
catarrhine,10
catarrhinian,12
catasetum,9
catastrophe,11
catastrophic,12
catatonia,9
catatonic,9
catawba,7
catbird,7
catboat,7
catbrier,8
catcall,7
catch,5
catchall,8
catcher,7
catchfly,8
catching,8
catchment,9
catchpenny,10
catchphrase,11
catchweed,9
catchword,9
catchy,6
catclaw,7
catechesis,10
catechetic,10
catechetical,12
catechin,8
catechise,9
catechism,9
catechismal,11
catechist,9
catechistic,11
catechize,9
catecholamine,13
catechu,7
catechumen,10
categorem,9
categorematic,13
categoreme,10
categorial,10
categoric,9
categorical,11
categorically,13
categorisation,14
categorise,10
categorised,11
categorization,14
categorize,10
categorized,11
category,8
catena,6
catenary,8
catenate,8
catenulate,10
cater,5
catercorner,11
caterer,7
catering,8
caterpillar,11
caterwaul,9
catfish,7
catgut,6
catha,5
catharacta,10
catharanthus,12
cathari,7
catharism,9
cathars,7
catharsis,9
cathartes,9
cathartic,9
cathartid,9
cathartidae,11
cathay,6
cathaya,7
cathect,7
cathectic,9
cathedra,8
cathedral,9
cather,6
catherine,9
catheter,8
catheterisation,15
catheterise,11
catheterization,15
catheterize,11
cathexis,8
cathode,7
cathodic,8
catholic,8
catholicise,11
catholicism,11
catholicity,11
catholicize,11
catholicon,10
catholicos,10
cathouse,8
cation,6
cationic,8
catkin,6
catkinate,9
catling,7
catmint,7
catnap,6
catnip,6
catoptric,9
catoptrical,11
catoptrics,10
catoptrophorus,14
catostomid,10
catostomidae,12
catostomus,10
catskills,9
catsup,6
cattail,7
cattalo,7
cattell,7
cattie,6
cattiness,9
cattish,7
cattle,6
cattleman,9
cattleship,10
cattleya,8
catty,5
catullus,8
catwalk,7
caucasia,8
caucasian,9
caucasic,8
caucasoid,9
caucasus,8
caucus,6
cauda,5
caudal,6
caudally,8
caudata,7
caudate,7
caudated,8
caudex,6
caul,4
cauldron,8
caulescent,10
cauliflower,11
cauline,7
caulk,5
caulked,7
caulking,8
caulophyllum,12
causa,5
causal,6
causalgia,9
causality,9
causally,8
causation,9
causative,9
cause,5
causeless,9
causerie,8
causeway,8
causing,7
caustic,7
caustically,11
cauterant,9
cauterisation,13
cauterise,9
cauterization,13
cauterize,9
cautery,7
caution,7
cautionary,10
cautious,8
cautiously,10
cautiousness,12
cavalcade,9
cavalier,8
cavalierly,10
cavalla,7
cavalry,7
cavalryman,10
cave,4
caveat,6
cavell,6
caveman,7
cavendish,9
cavern,6
cavernous,9
cavetto,7
cavia,5
caviar,6
caviare,7
caviidae,8
cavil,5
caviler,7
caviller,8
cavitied,8
cavity,6
cavort,6
cavum,5
cavy,4
caxton,6
cayenne,7
cayman,6
cayuga,6
cayuse,6
cazique,7
ccrc,4
cdna,4
cease,5
ceaseless,9
ceaselessly,11
ceaselessness,13
cebidae,7
cebu,4
cebuan,6
cebuano,7
cebuella,8
cebus,5
cecal,5
cecidomyidae,12
cecity,6
cecropia,8
cecropiaceae,12
cecum,5
cedar,5
cedarbird,9
cedarn,6
cedarwood,9
cede,4
cedi,4
cedilla,7
ceding,6
cedrela,7
cedrus,6
cefadroxil,10
cefobid,7
cefoperazone,12
cefotaxime,10
ceftazidime,11
ceftin,6
ceftriaxone,11
cefuroxime,10
ceiba,5
ceibo,5
ceilidh,7
ceiling,7
ceilinged,9
celandine,9
celastraceae,12
celastrus,9
celebes,7
celebrant,9
celebrate,9
celebrated,10
celebrater,10
celebration,11
celebrator,10
celebratory,11
celebrex,8
celebrity,9
celecoxib,9
celeriac,8
celerity,8
celery,6
celesta,7
celestial,9
celestite,9
celiac,6
celibacy,8
celibate,8
celiocentesis,13
celioma,7
celioscopy,10
cell,4
cellar,6
cellarage,9
cellaret,8
cellblock,9
cellini,7
cellist,7
cello,5
cellophane,10
cellphone,9
cellular,8
cellularity,11
cellulite,9
cellulitis,10
celluloid,9
cellulose,9
cellulosic,10
cellulosid,10
celom,5
celoma,6
celosia,7
celsius,7
celt,4
celtic,6
celtis,6
celtuce,7
cembalo,7
cement,6
cementite,9
cementitious,12
cementum,8
cemetery,8
cenchrus,8
cenobite,8
cenobitic,9
cenobitical,11
cenogenesis,11
cenogenetic,11
cenotaph,8
cenozoic,8
cense,5
censer,6
censor,6
censored,8
censorial,9
censoring,9
censorious,10
censorship,10
censurable,10
censure,7
census,6
cent,4
cental,6
centare,7
centas,6
centaur,7
centaurea,9
centaurium,10
centaurus,9
centaury,8
centavo,7
centenarian,11
centenary,9
centennial,10
centennially,12
center,6
centerboard,11
centered,8
centerfield,11
centerfielder,13
centerfold,10
centering,9
centerline,10
centerpiece,11
centesimal,10
centesimo,9
centesis,8
centigrade,10
centile,7
centiliter,10
centilitre,10
centime,7
centimeter,10
centimetre,10
centimo,7
centipede,9
centner,7
central,7
centralisation,14
centralise,10
centralised,11
centralising,12
centralism,10
centralist,10
centralistic,12
centrality,10
centralization,14
centralize,10
centralized,11
centralizing,12
centrally,9
centranthus,11
centrarchid,11
centrarchidae,13
centre,6
centreboard,11
centrefold,10
centrepiece,11
centrex,7
centric,7
centrical,9
centrifugal,11
centrifugate,12
centrifugation,14
centrifuge,10
centriole,9
centripetal,11
centriscidae,12
centrism,8
centrist,8
centrocercus,12
centroid,8
centroidal,10
centrolobium,12
centromere,10
centromeric,11
centropomidae,13
centropomus,11
centropristis,13
centropus,9
centrosema,10
centrosome,10
centrosomic,11
centrospermae,13
centrosymmetric,15
centrum,7
centunculus,11
centurion,9
century,7
cephalalgia,11
cephalanthera,13
cephalaspid,11
cephalaspida,12
cephalexin,10
cephalhematoma,14
cephalic,8
cephalitis,10
cephalobidae,12
cephalochordata,15
cephalochordate,15
cephaloglycin,13
cephalohematoma,15
cephalometry,12
cephalopod,10
cephalopoda,11
cephalopodan,12
cephalopterus,13
cephaloridine,13
cephalosporin,13
cephalotaceae,13
cephalotaxaceae,15
cephalotaxus,12
cephalothin,11
cephalotus,10
cepheus,7
cepphus,7
cerambycidae,12
ceramic,7
ceramicist,10
ceramics,8
ceramist,8
cerapteryx,10
ceras,5
cerastes,8
cerastium,9
cerate,6
ceratin,7
ceratitis,9
ceratodontidae,14
ceratodus,9
ceratonia,9
ceratopetalum,13
ceratophyllum,13
ceratopogon,11
ceratopogonidae,15
ceratopsia,10
ceratopsian,11
ceratopsidae,12
ceratopteris,12
ceratosaur,10
ceratosaurus,12
ceratostomella,14
ceratotherium,13
ceratozamia,11
cerberus,8
cercaria,8
cercarial,9
cercidiphyllum,14
cercidium,9
cercis,6
cercocebus,10
cercopidae,10
cercopithecidae,15
cercopithecus,13
cercospora,10
cercosporella,13
cere,4
cereal,6
cerebellar,10
cerebellum,10
cerebral,8
cerebrally,10
cerebrate,9
cerebration,11
cerebrospinal,13
cerebrovascular,15
cerebrum,8
cerecloth,9
cerement,8
ceremonial,10
ceremonially,12
ceremonious,11
ceremoniously,13
ceremoniousness,15
ceremony,8
ceres,5
ceresin,7
cereus,6
ceric,5
ceriman,7
cerise,6
cerium,6
cerivastatin,12
cernuous,8
cero,4
cerous,6
ceroxylon,9
cert,4
certain,7
certainly,9
certainty,9
certhia,7
certhiidae,10
certifiable,11
certificate,11
certificated,12
certification,13
certificatory,13
certified,9
certify,7
certiorari,10
certitude,9
cerulean,8
cerumen,7
ceruminous,10
ceruse,6
cerussite,9
cervantes,9
cervical,8
cervicitis,10
cervid,6
cervidae,8
cervine,7
cervix,6
cervus,6
ceryle,6
cesarean,8
cesarian,8
cesium,6
cespitose,9
cessation,9
cession,7
cesspit,7
cesspool,8
cestida,7
cestidae,8
cestoda,7
cestode,7
cestrum,7
cestum,6
cetacea,7
cetacean,8
cetaceous,9
cetchup,7
ceterach,8
cetonia,7
cetoniidae,10
cetorhinidae,12
cetorhinus,10
cetraria,8
cetrimide,9
cetus,5
cewa,4
ceylon,6
ceylonese,9
ceylonite,9
cezanne,7
cftr,4
chabad,6
chabasite,9
chabazite,9
chablis,7
chachalaca,10
chachka,7
chacma,6
chad,4
chadar,6
chaddar,7
chadian,7
chadic,6
chadlock,8
chador,6
chaenactis,10
chaenomeles,11
chaenopsis,10
chaeronea,9
chaeta,6
chaetal,7
chaetodipterus,14
chaetodon,9
chaetodontidae,14
chaetognath,11
chaetognatha,12
chaetognathan,13
chaetognathous,14
chafe,5
chafed,6
chafeweed,9
chaff,5
chaffer,7
chaffinch,9
chafflike,9
chaffweed,9
chaffy,6
chafing,7
chaga,5
chagall,7
chagatai,8
chagga,6
chagrin,7
chagrined,9
chahta,6
chain,5
chained,7
chainlike,9
chains,6
chainsaw,8
chair,5
chairlift,9
chairman,8
chairmanship,12
chairperson,11
chairwoman,10
chaise,6
chait,5
chaja,5
chalaza,7
chalazion,9
chalcanthite,12
chalcedon,9
chalcedony,10
chalcid,7
chalcidae,9
chalcidfly,10
chalcididae,11
chalcis,7
chalcocite,10
chalcopyrite,12
chalcostigma,12
chaldaea,8
chaldaean,9
chaldea,7
chaldean,8
chaldee,7
chaldron,8
chalet,6
chalice,7
chalk,5
chalkboard,10
chalkpit,8
chalkstone,10
chalky,6
challah,7
challenge,9
challengeable,13
challenger,10
challenging,11
challis,7
chalons,7
chalybeate,10
chalybite,9
chamaea,7
chamaecrista,12
chamaecyparis,13
chamaecytisus,13
chamaedaphne,12
chamaeleo,9
chamaeleon,10
chamaeleonidae,14
chamaeleontidae,15
chamaemelum,11
chamber,7
chambered,9
chamberlain,11
chambermaid,11
chamberpot,10
chambers,8
chambray,8
chameleon,9
chamfer,7
chamfron,8
chammy,6
chamois,7
chamomile,9
chamosite,9
champ,5
champagne,9
champaign,9
champerty,9
champion,8
championship,12
champlain,9
champleve,9
champollion,11
chanal,6
chanar,6
chance,6
chanceful,9
chancel,7
chancellery,11
chancellor,10
chancellorship,14
chancery,8
chancre,7
chancroid,9
chancroidal,11
chancrous,9
chancy,6
chandelier,10
chandelle,9
chandi,6
chandler,8
chandlery,9
chanfron,8
chang,5
changan,7
change,6
changeability,13
changeable,10
changeableness,14
changed,7
changeful,9
changefulness,13
changeless,10
changelessness,14
changeling,10
changeover,10
changer,7
changing,8
changjiang,10
changtzu,8
channel,7
channelisation,14
channelise,10
channelization,14
channelize,10
channels,8
channidae,9
channukah,9
channukkah,10
chanoyu,7
chant,5
chantarelle,11
chanted,7
chanter,7
chanterelle,11
chantey,7
chanting,8
chantlike,9
chantry,7
chanty,6
chanukah,8
chanukkah,9
chaos,5
chaotic,7
chaotically,11
chap,4
chaparral,9
chapati,7
chapatti,8
chapeau,7
chapel,6
chapelgoer,10
chaperon,8
chaperone,9
chapfallen,10
chapiter,8
chaplain,8
chaplaincy,10
chaplainship,12
chaplet,7
chapleted,9
chaplin,7
chapman,7
chapped,7
chapter,7
chapterhouse,12
chapultepec,11
char,4
chara,5
charabanc,9
characeae,9
characid,8
characidae,10
characin,8
characinidae,12
character,9
characterise,12
characteristic,14
characterize,12
characterless,13
charade,7
charades,8
charadrii,9
charadriidae,12
charadriiformes,15
charadrius,10
charales,8
charcoal,8
charcot,7
charcuterie,11
chard,5
chardonnay,10
charge,6
chargeable,10
charged,7
chargeman,9
charger,7
chari,5
charily,7
charina,7
chariness,9
chariot,7
charioteer,10
charisma,8
charismatic,11
charitable,10
charitableness,14
charitably,10
charity,7
charivari,9
charlatan,9
charlatanism,12
charlemagne,11
charleroi,9
charles,7
charleston,10
charlestown,11
charlock,8
charlotte,9
charlottetown,13
charm,5
charmed,7
charmer,7
charming,8
charmingly,10
charnel,7
charolais,9
charon,6
charophyceae,12
charr,5
charronia,9
chart,5
chartaceous,11
charter,7
chartered,9
charterhouse,12
chartism,8
chartist,8
chartless,9
chartres,8
chartreuse,10
charwoman,9
chary,5
charybdis,9
chase,5
chased,6
chaser,6
chasid,6
chasidic,8
chasidim,8
chasidism,9
chasm,5
chasse,6
chassid,7
chassidic,9
chassidim,9
chassidism,10
chassis,7
chaste,6
chastely,8
chasten,7
chasteness,10
chastening,10
chastise,8
chastisement,12
chastity,8
chasuble,8
chat,4
chateau,7
chateaubriand,13
chatelaine,10
chateura,8
chatoyant,9
chatroom,8
chattahoochee,13
chattanooga,11
chattel,7
chatter,7
chatterbox,10
chatterer,9
chattering,10
chattily,8
chatty,6
chaucer,7
chauffeur,9
chauffeuse,10
chaulmoogra,11
chaulmugra,10
chauna,6
chauvinism,10
chauvinist,10
chauvinistic,12
chavez,6
chaw,4
chawbacon,9
cheap,5
cheapen,7
cheapjack,9
cheaply,7
cheapness,9
cheapskate,10
cheat,5
cheater,7
cheatgrass,10
cheating,8
chebab,6
chechen,7
chechenia,9
chechnya,8
check,5
checkbook,9
checked,7
checker,7
checkerberry,12
checkerbloom,12
checkerboard,12
checkered,9
checkers,8
checklist,9
checkmate,9
checkout,8
checkpoint,10
checkrein,9
checkroom,9
checkrow,8
checksum,8
checkup,7
cheddar,7
cheek,5
cheekbone,9
cheekily,8
cheekiness,10
cheekpiece,10
cheeky,6
cheep,5
cheer,5
cheerer,7
cheerful,8
cheerfully,10
cheerfulness,12
cheerily,8
cheering,8
cheerio,7
cheerlead,9
cheerleader,11
cheerless,9
cheerlessly,11
cheerlessness,13
cheery,6
cheese,6
cheeseboard,11
cheeseburger,12
cheesecake,10
cheesecloth,11
cheeseflower,12
cheeselike,10
cheesemonger,12
cheeseparing,12
cheesy,6
cheetah,7
cheever,7
cheewink,8
chef,4
cheilanthes,11
cheilitis,9
cheiloschisis,13
cheilosis,9
cheiranthus,11
chekhov,7
chekov,6
chela,5
chelate,7
chelated,8
chelation,9
chelicera,9
cheliceral,10
chelicerata,11
chelicerate,11
chelicerous,11
chelidonium,11
chelifer,8
cheliferous,11
cheloid,7
chelone,7
chelonethida,12
chelonia,8
chelonian,9
chelonidae,10
cheloniidae,11
chelyabinsk,11
chelydra,8
chelydridae,11
chemakuan,9
chemakum,8
chemic,6
chemical,8
chemically,10
chemise,7
chemisorb,9
chemisorption,13
chemisorptive,13
chemist,7
chemistry,9
chemnitz,8
chemoimmunology,15
chemoreceptive,14
chemoreceptor,13
chemosis,8
chemosorption,13
chemosorptive,13
chemosurgery,12
chemosynthesis,14
chemotaxis,10
chemotherapy,12
chemulpo,8
chen,4
chenfish,8
chenille,8
chennai,7
chenopodiaceae,14
chenopodiales,13
chenopodium,11
cheops,6
cheque,6
chequebook,10
chequer,7
chequered,9
cherbourg,9
cheremis,8
cheremiss,9
cherepovets,11
cherimolla,10
cherimoya,9
cherish,7
cherished,9
chermidae,9
chernobyl,9
cherokee,8
cheroot,7
cherry,6
cherrystone,11
chert,5
cherty,6
cherub,6
cherubic,8
cherubini,9
chervil,7
chess,5
chessboard,10
chessman,8
chest,5
chester,7
chesterfield,12
chesterton,10
chestnut,8
chesty,6
chetah,6
chetrum,7
chevalier,9
cheviot,7
cheviots,8
chevre,6
chevron,7
chevrotain,10
chevvy,6
chevy,5
chew,4
chewa,5
chewable,8
chewer,6
chewing,7
chewink,7
chewy,5
cheyenne,8
chian,5
chianti,7
chiaroscuro,11
chiasm,6
chiasma,7
chiasmal,8
chiasmatic,10
chiasmic,8
chiasmus,8
chic,4
chicago,7
chicane,7
chicanery,9
chicano,7
chicha,6
chichewa,8
chichi,6
chichipe,8
chick,5
chickadee,9
chickamauga,11
chickasaw,9
chicken,7
chickenfeed,11
chickenfight,12
chickenhearted,14
chickenpox,10
chickenshit,11
chickeree,9
chickpea,8
chickweed,9
chicle,6
chicness,8
chico,5
chicory,7
chicot,6
chide,5
chiding,7
chief,5
chiefly,7
chieftain,9
chieftaincy,11
chieftainship,13
chiffon,7
chiffonier,10
chigetai,8
chigger,7
chiggerflower,13
chignon,7
chigoe,6
chihuahua,9
chilblain,9
chilblained,11
chilblains,10
child,5
childbearing,12
childbed,8
childbirth,10
childcare,9
childhood,9
childish,8
childishly,10
childishness,12
childless,9
childlessness,13
childlike,9
childly,7
childproof,10
chile,5
chilean,7
chili,5
chiliad,7
chiliasm,8
chiliast,8
chiliastic,10
chill,5
chiller,7
chilli,6
chilliness,10
chilling,8
chilly,6
chiloe,6
chilomastix,11
chilomeniscus,13
chilomycterus,13
chilopoda,9
chilopsis,9
chiluba,7
chimaera,8
chimaeridae,11
chimakum,8
chimaphila,10
chimariko,9
chimborazo,10
chime,5
chimera,7
chimeral,8
chimeric,8
chimerical,10
chimney,7
chimneypiece,12
chimneypot,10
chimneystack,12
chimneysweep,12
chimneysweeper,14
chimonanthus,12
chimp,5
chimpanzee,10
chimwini,8
chin,4
china,5
chinaberry,10
chinaman,8
chinaware,9
chincapin,9
chinch,6
chincherinchee,14
chinchilla,10
chinchillidae,13
chinchillon,11
chinchona,9
chinchy,7
chine,5
chinese,7
chingpo,7
chink,5
chinkapin,9
chinked,7
chinless,8
chino,5
chinoiserie,11
chinook,7
chinookan,9
chinquapin,10
chintz,6
chintzily,9
chintzy,7
chiococca,9
chionanthus,11
chios,5
chip,4
chipboard,9
chipewyan,9
chipmunk,8
chipolata,9
chipotle,8
chippendale,11
chipper,7
chippewa,8
chippewaian,11
chippewyan,10
chipping,8
chips,5
chiralgia,9
chirico,7
chirk,5
chirocephalus,13
chirography,11
chirology,9
chiromance,10
chiromancer,11
chiromancy,10
chiromantic,11
chiron,6
chironomidae,12
chironomus,10
chiropodist,11
chiropody,9
chiropractic,12
chiropractor,12
chiroptera,10
chiropteran,11
chirp,5
chirpily,8
chirpiness,10
chirpy,6
chirr,5
chirrup,7
chisel,6
chiseled,8
chiseler,8
chiseller,9
chishona,8
chisinau,8
chislev,7
chit,4
chitchat,8
chitin,6
chitinous,9
chitlings,9
chitlins,8
chiton,6
chittagong,10
chittamwood,11
chitter,7
chitterlings,12
chittimwood,11
chivalric,9
chivalrous,10
chivalrously,12
chivalry,8
chivaree,8
chive,5
chives,6
chivvy,6
chivy,5
chiwere,7
chlamydeous,11
chlamydera,10
chlamydia,9
chlamydiaceae,13
chlamydial,10
chlamydomonas,13
chlamydosaurus,14
chlamydospore,13
chlamyphore,11
chlamyphorus,12
chlamys,7
chloasma,8
chlorambucil,12
chloramine,10
chloramphenicol,15
chloranthaceae,14
chloranthus,11
chlorate,8
chlorella,9
chlorenchyma,12
chlorhexidine,13
chloride,8
chlorinate,10
chlorination,12
chlorine,8
chlorinity,10
chloris,7
chlorite,8
chlorobenzene,13
chlorococcales,14
chlorococcum,12
chloroform,10
chlorofucin,11
chloromycetin,13
chlorophis,10
chlorophoneus,13
chlorophyceae,13
chlorophyl,10
chlorophyll,11
chlorophyllose,14
chlorophyllous,14
chlorophyta,11
chlorophyte,11
chloropicrin,12
chloroplast,11
chloroprene,11
chloroquine,11
chlorosis,9
chlorothiazide,14
chlorotic,9
chloroxylon,11
chlorpromazine,14
chlorpyrifos,12
chlorthalidone,14
chlorura,8
choanocyte,10
choc,4
chock,5
chockablock,11
chockful,8
chocolate,9
choctaw,7
choeronycteris,14
choice,6
choiceness,10
choir,5
choirboy,8
choirmaster,11
choke,5
chokecherry,11
choked,6
chokedamp,9
chokehold,9
chokepoint,10
choker,6
chokey,6
choking,7
choky,5
cholangiography,15
cholangitis,11
cholecalciferol,15
cholecystectomy,15
cholecystitis,13
cholecystokinin,15
cholelithiasis,14
cholelithotomy,14
choler,6
cholera,7
choleraic,9
choleric,8
cholestasis,11
cholesterin,11
cholesterol,11
choline,7
cholinergic,11
cholinesterase,14
cholla,6
choloepus,9
chomp,5
chomping,8
chomsky,7
chon,4
chondrichthian,14
chondrichthyes,14
chondrify,9
chondrin,8
chondriosome,12
chondrite,9
chondritic,10
chondroma,9
chondrosarcoma,14
chondrule,9
chondrus,8
chongqing,9
choose,6
chooser,7
choosey,7
choosy,6
chop,4
chopfallen,10
chophouse,9
chopin,6
chopine,7
chopped,7
chopper,7
choppiness,10
choppy,6
chopsteak,9
chopstick,9
choragic,8
choragus,8
choral,6
chorale,7
chorally,8
chord,5
chordal,7
chordamesoderm,14
chordata,8
chordate,8
chordeiles,10
chorditis,9
chordomesoderm,14
chordophone,11
chordospartium,14
chore,5
chorea,6
choreograph,11
choreographer,13
choreographic,13
choreography,12
choric,6
chorine,7
chorioallantois,15
chorion,7
chorionic,9
chorioretinitis,15
choriotis,9
chorister,9
chorizagrotis,13
chorizema,9
chorizo,7
choroid,7
chortle,7
chorus,6
chosen,6
chou,4
chough,6
chouse,6
chow,4
chowchow,8
chowder,7
chrestomathy,12
chrism,6
chrisom,7
christ,6
christchurch,12
christella,10
christen,8
christendom,11
christening,11
christian,9
christiania,11
christianise,12
christianity,12
christianize,12
christianly,11
christie,8
christless,10
christlike,10
christly,8
christmas,9
christmasberry,14
christmastide,13
christmastime,13
christological,14
christology,11
christopher,11
chroma,6
chromaesthesia,14
chromate,8
chromatic,9
chromatically,13
chromaticity,12
chromatid,9
chromatin,9
chromatinic,11
chromatism,10
chromatogram,12
chromatographic,15
chromatography,14
chrome,6
chromesthesia,13
chromite,8
chromium,8
chromogen,9
chromophore,11
chromoplast,11
chromosomal,11
chromosome,10
chromosphere,12
chronic,7
chronically,11
chronicle,9
chronicler,10
chronograph,11
chronological,13
chronologically,15
chronologise,12
chronologize,12
chronology,10
chronometer,11
chronoperates,13
chronoscope,11
chrysalis,9
chrysanthemum,13
chrysaora,9
chrysarobin,11
chrysemys,9
chrysobalanus,13
chrysoberyl,11
chrysochloridae,15
chrysochloris,13
chrysolepis,11
chrysolite,10
chrysolophus,12
chrysomelid,11
chrysomelidae,13
chrysophrys,11
chrysophyceae,13
chrysophyllum,13
chrysophyta,11
chrysopid,9
chrysopidae,11
chrysoprase,11
chrysopsis,10
chrysosplenium,14
chrysothamnus,13
chrysotherapy,13
chrysotile,10
chthonian,9
chthonic,8
chub,4
chubbiness,10
chubby,6
chuck,5
chuckhole,9
chuckle,7
chuckwalla,10
chuddar,7
chufa,5
chuff,5
chuffed,7
chug,4
chukchi,7
chukka,6
chukker,7
chum,4
chumminess,10
chummy,6
chump,5
chunga,6
chungking,9
chunk,5
chunking,8
chunky,6
chunnel,7
church,6
churchgoer,10
churchgoing,11
churchill,9
churchillian,12
churchly,8
churchman,9
churchwarden,12
churchyard,10
churidars,9
churl,5
churlish,8
churlishly,10
churn,5
churning,8
churr,5
churrigueresco,14
churrigueresque,15
chute,5
chutney,7
chutzpa,7
chutzpah,8
chutzpanik,10
chuvash,7
chylaceous,10
chyle,5
chylifactive,12
chylifactory,12
chyliferous,11
chylific,8
chyloderma,10
chylomicron,11
chylous,7
chyme,5
chymosin,8
chytridiaceae,13
chytridiales,12
cialis,6
ciao,4
ciardi,6
cibotium,8
cicada,6
cicadellidae,12
cicadidae,9
cicala,6
cicatrice,9
cicatrise,9
cicatrix,8
cicatrize,9
cicer,5
cicero,6
cicerone,8
cichlid,7
cichlidae,9
cichorium,9
cicindelidae,12
ciconia,7
ciconiidae,10
ciconiiformes,13
cicuta,6
cider,5
ciderpress,10
cigar,5
cigaret,7
cigarette,9
cigarfish,9
cigarillo,9
cilantro,8
cilial,6
ciliary,7
ciliata,7
ciliate,7
ciliated,8
cilioflagellata,15
ciliophora,10
ciliophoran,11
cilium,6
cimabue,7
cimarron,8
cimetidine,10
cimex,5
cimicidae,9
cimicifuga,10
cimmerian,9
cinch,5
cinchona,8
cinchonine,10
cincinnati,10
cincinnatus,11
cinclidae,9
cinclus,7
cincture,8
cinder,6
cinderella,10
cinema,6
cinematic,9
cinematise,10
cinematize,10
cinematographer,15
cinematography,14
cineraria,9
cinerarium,10
cinerary,8
cingulum,8
cinnabar,8
cinnamene,9
cinnamomum,10
cinnamon,8
cinque,6
cinquefoil,10
cipher,6
cipro,5
ciprofloxacin,13
cira,4
circadian,9
circaea,7
circaetus,9
circassian,10
circe,5
circinate,9
circinus,8
circle,6
circlet,7
circuit,7
circuitous,10
circuitry,9
circular,8
circularisation,15
circularise,11
circularity,11
circularization,15
circularize,11
circularly,10
circulate,9
circulating,11
circulation,11
circulative,11
circulatory,11
circumambulate,14
circumboreal,12
circumcise,10
circumcision,12
circumduction,13
circumference,13
circumferent,12
circumferential,15
circumflex,10
circumfuse,10
circumlocution,14
circumlocutious,15
circumlocutory,14
circumnavigate,14
circumpolar,11
circumscribe,12
circumscribed,13
circumscription,15
circumspect,11
circumspection,14
circumspectly,13
circumstance,12
circumstances,13
circumstantial,14
circumstantiate,15
circumvallate,13
circumvent,10
circumvention,13
circumvolute,12
circumvolution,14
circumvolve,11
circus,6
cirio,5
cirque,6
cirrhosis,9
cirrhus,7
cirriped,8
cirripede,9
cirripedia,10
cirrocumulus,12
cirrostratus,12
cirrus,6
cirsium,7
cisalpine,9
cisc,4
cisco,5
cislunar,8
cismontane,10
cissy,5
cistaceae,9
cistercian,10
cistern,7
cisterna,8
cistothorus,11
cistron,7
cistus,6
citadel,7
citation,8
cite,4
citellus,8
citharichthys,13
cither,6
cithern,7
citified,8
citify,6
citizen,7
citizenry,9
citizenship,11
citlaltepetl,12
citole,6
citrange,8
citrate,7
citric,6
citrin,6
citrine,7
citron,6
citroncirus,11
citronwood,10
citrous,7
citrulline,10
citrullus,9
citrus,6
cittern,7
city,4
cityfied,8
cityscape,9
citywide,8
cive,4
civet,5
civic,5
civics,6
civies,6
civil,5
civilian,8
civilisation,12
civilise,8
civilised,9
civility,8
civilization,12
civilize,8
civilized,9
civilly,7
civvies,7
clabber,7
clack,5
clad,4
cladding,8
clade,5
cladistics,10
cladode,7
cladogram,9
cladonia,8
cladoniaceae,12
cladophyll,10
cladorhyncus,12
cladrastis,10
claforan,8
claim,5
claimant,8
clairvoyance,12
clairvoyant,11
clam,4
clamant,7
clamatores,10
clamatorial,11
clambake,8
clamber,7
clammily,8
clamminess,10
clammy,6
clammyweed,10
clamor,6
clamoring,9
clamorous,9
clamorously,11
clamour,7
clamouring,10
clamp,5
clampdown,9
clams,5
clamshell,9
clan,4
clandestine,11
clang,5
clanger,7
clanging,8
clangor,7
clangoring,10
clangorous,10
clangour,8
clangula,8
clank,5
clanking,8
clannish,8
clannishly,10
clannishness,12
clansman,8
clanswoman,10
clap,4
clapboard,9
clapper,7
clapperboard,12
clapperclaw,11
clappers,8
clapping,8
claptrap,8
claque,6
clarence,8
claret,6
clarification,13
clarify,7
clarifying,10
clarinet,8
clarinetist,11
clarinettist,12
clarion,7
clarity,7
clark,5
clarksburg,10
claro,5
clary,5
clash,5
clashing,8
clasp,5
class,5
classic,7
classical,9
classicalism,12
classically,11
classicise,10
classicism,10
classicist,10
classicistic,12
classicize,10
classics,8
classifiable,12
classification,14
classificatory,14
classified,10
classifier,10
classify,8
classless,9
classmate,9
classroom,9
classwork,9
classy,6
clast,5
clastic,7
clathraceae,11
clathrate,9
clathrus,8
clatter,7
clattery,8
claudication,12
claudius,8
clausal,7
clause,6
clausewitz,10
claustrophobe,13
claustrophobia,14
claustrophobic,14
claustrum,9
clavariaceae,12
claver,6
claviceps,9
clavichord,10
clavicipitaceae,15
clavicle,8
clavier,7
clavus,6
claw,4
clawback,8
clawed,6
clawfoot,8
clawhammer,10
clawlike,8
claxon,6
clay,4
clayey,6
claymore,8
claystone,9
claytonia,9
clayware,8
clean,5
cleanable,9
cleaner,7
cleaners,8
cleaning,8
cleanliness,11
cleanly,7
cleanness,9
cleanse,7
cleanser,8
cleansing,9
cleanthes,9
cleanup,7
clear,5
clearance,9
clearcutness,12
cleared,7
clearheaded,11
clearing,8
clearly,7
clearness,9
clearstory,10
clearway,8
clearweed,9
cleat,5
cleats,6
cleavable,9
cleavage,8
cleave,6
cleaver,7
cleavers,8
clef,4
cleft,5
cleg,4
clegg,5
cleistes,8
cleistocarp,11
cleistogamic,12
cleistogamous,13
cleistogamy,11
cleistothecium,14
clematis,8
clemenceau,10
clemency,8
clemens,7
clement,7
clementine,10
clench,6
clenched,8
cleome,6
cleopatra,9
clepsydra,9
clerestory,10
clergy,6
clergyman,9
cleric,6
clerical,8
clericalism,11
clericalist,11
clerid,6
cleridae,8
clerihew,8
clerisy,7
clerk,5
clerking,8
clerkship,9
clethra,7
clethraceae,11
clethrionomys,13
cleveland,9
clever,6
cleverly,8
cleverness,10
clevis,6
clew,4
clews,5
clianthus,9
cliche,6
cliched,7
clichy,6
click,5
client,6
clientage,9
clientele,9
cliff,5
cliffhanger,11
cliftonia,9
climacteric,11
climactic,9
climate,7
climatic,8
climatical,10
climatically,12
climatologist,13
climatology,11
climax,6
climb,5
climbable,9
climber,7
climbing,8
clime,5
clinch,6
clinched,8
clincher,8
cline,5
cling,5
clingfilm,9
clingfish,9
clingstone,10
clinic,6
clinical,8
clinically,10
clinician,9
clinid,6
clinidae,8
clink,5
clinker,7
clinking,8
clinocephalism,14
clinocephaly,12
clinodactyly,12
clinometer,10
clinopodium,11
clinoril,8
clinquant,9
clinton,7
clintonia,9
clio,4
clioquinol,10
clip,4
clipboard,9
clipped,7
clipper,7
clipping,8
clique,6
cliquish,8
cliquishly,10
cliquishness,12
clit,4
clitocybe,9
clitoral,8
clitoria,8
clitoric,8
clitoridectomy,14
clitoris,8
clitter,7
clive,5
clivers,7
cloaca,6
cloak,5
cloaked,7
cloakmaker,10
cloakroom,9
clobber,7
cloche,6
clock,5
clocking,8
clockmaker,10
clocks,6
clocksmith,10
clockwise,9
clockwork,9
clod,4
cloddish,8
clodhopper,10
clofibrate,10
clog,4
clogged,7
clogging,8
cloggy,6
cloisonne,9
cloister,8
cloistered,10
cloistral,9
clomid,6
clomiphene,10
clomipramine,12
clomp,5
clon,4
clonal,6
clone,5
clonic,6
clonidine,9
cloning,7
clonus,6
clop,4
clopping,8
clorox,6
close,5
closed,6
closedown,9
closefisted,11
closelipped,11
closely,7
closemouthed,12
closeness,9
closeout,8
closer,6
closest,7
closet,6
closeup,7
closing,7
clostridia,10
clostridium,11
closure,7
clot,4
clotbur,7
cloth,5
clothe,6
clothed,7
clothes,7
clothesbrush,12
clotheshorse,12
clothesless,11
clothesline,11
clothespin,10
clothespress,12
clothier,8
clothing,8
clotho,6
clotted,7
clotting,8
cloture,7
cloud,5
cloudberry,10
cloudburst,10
clouded,7
cloudiness,10
clouding,8
cloudless,9
cloudlessness,13
cloudlike,9
cloudy,6
clout,5
clove,5
cloven,6
clover,6
cloverleaf,10
cloveroot,9
clovis,6
clowder,7
clown,5
clowning,8
clownish,8
clownlike,9
cloy,4
cloying,7
cloyingly,9
clozapine,9
clozaril,8
cloze,5
club,4
clubable,8
clubbable,9
clubbing,8
clubbish,8
clubby,6
clubfoot,8
clubfooted,10
clubhead,8
clubhouse,9
clubroom,8
cluck,5
clucking,8
clue,4
clueless,8
clumber,7
clump,5
clumping,8
clumsily,8
clumsiness,10
clumsy,6
clunch,6
clunk,5
clunking,8
clunky,6
clupea,6
clupeid,7
clupeidae,9
clusia,6
clusiaceae,10
cluster,7
clustered,9
clustering,10
clutch,6
clutches,8
clutter,7
cluttered,9
clxv,4
clxx,4
clxxv,5
clxxx,5
clyde,5
clydesdale,10
clypeus,7
clyster,7
clytemnestra,12
cmbr,4
cnemidophorus,13
cnicus,6
cnidaria,8
cnidarian,9
cnidoscolus,11
cnidosporidia,13
cnossos,7
cnossus,7
cnpz,4
cnut,4
coach,5
coachbuilder,12
coaching,8
coachman,8
coachwhip,9
coact,5
coaction,8
coadjutor,9
coagulable,10
coagulant,9
coagulase,9
coagulate,9
coagulated,10
coagulation,11
coagulator,10
coagulum,8
coahuila,8
coal,4
coalbin,7
coalesce,8
coalesced,9
coalescence,11
coalescency,11
coalescent,10
coalescing,10
coalface,8
coalfield,9
coalhole,8
coalition,9
coalman,7
coalpit,7
coaming,7
coapt,5
coarctate,9
coarctation,11
coarse,6
coarsely,8
coarsen,7
coarsened,9
coarseness,10
coast,5
coastal,7
coaster,7
coastguard,10
coastguardsman,14
coastland,9
coastline,9
coastward,9
coastwise,9
coat,4
coatdress,9
coated,6
coatee,6
coati,5
coating,7
coatrack,8
coatroom,8
coattail,8
coauthor,8
coax,4
coaxal,6
coaxer,6
coaxial,7
coaxing,7
coaxingly,9
cobalamin,9
cobalt,6
cobaltite,9
cobber,6
cobble,6
cobbler,7
cobblers,8
cobblestone,11
cobbling,8
cobia,5
cobitidae,9
cobnut,6
cobol,5
cobra,5
cobweb,6
cobwebby,8
coca,4
cocain,6
cocaine,7
cocainise,9
cocainize,9
cocarboxylase,13
coccal,6
cocci,5
coccidae,8
coccidia,8
coccidiomycosis,15
coccidiosis,11
coccidium,9
coccinellidae,13
coccobacillus,13
coccoid,7
coccoidea,9
coccothraustes,14
cocculus,8
coccus,6
coccygeal,9
coccyx,6
coccyzus,8
cochimi,7
cochin,6
cochineal,9
cochise,7
cochlea,7
cochlear,8
cochlearia,10
cochlearius,11
cochran,7
cock,4
cockade,7
cockaigne,9
cockamamie,10
cockamamy,9
cockateel,9
cockatiel,9
cockatoo,8
cockatrice,10
cockchafer,10
cockcroft,9
cockcrow,8
cocker,6
cockerel,8
cockeyed,8
cockfight,9
cockfighting,12
cockhorse,9
cockiness,9
cockle,6
cocklebur,9
cockleburr,10
cockleshell,11
cockloft,8
cockney,7
cockpit,7
cockroach,9
cockscomb,9
cocksfoot,9
cockspur,8
cocksucker,10
cocksure,8
cocksureness,12
cocktail,8
cockup,6
cocky,5
coco,4
cocoa,5
cocoanut,8
cocobolo,8
coconspirator,13
coconspire,10
coconut,7
cocoon,6
cocooning,9
cocopa,6
cocopah,7
cocos,5
cocoswood,9
cocotte,7
cocoyam,7
cocozelle,9
cocteau,7
cocus,5
cocuswood,9
cocytus,7
coda,4
codariocalyx,12
coddle,6
coddler,7
code,4
codefendant,11
codeine,7
coder,5
codetalker,10
codex,5
codfish,7
codger,6
codiaeum,8
codicil,7
codification,12
codified,8
codify,6
coding,6
codling,7
codon,5
codpiece,8
codswallop,10
cody,4
coeducate,9
coeducation,11
coeducational,13
coefficient,11
coelacanth,10
coelenterata,12
coelenterate,12
coelenteron,11
coeliac,7
coeloglossum,12
coelogyne,9
coelom,6
coelophysis,11
coelostat,9
coenobite,9
coenobitic,10
coenobitical,12
coenzyme,8
coequal,7
coerce,6
coercion,8
coercive,8
coereba,7
coerebidae,10
coetaneous,10
coeval,6
coevals,7
coexist,7
coexistence,11
coexistent,10
coexisting,10
coextension,11
coextensive,11
cofactor,8
coffea,6
coffee,6
coffeeberry,11
coffeecake,10
coffeehouse,11
coffeepot,9
coffer,6
cofferdam,9
coffin,6
cofounder,9
cogency,7
cogent,6
cogged,6
coggle,6
cogitable,9
cogitate,8
cogitation,10
cogitative,10
cognac,6
cognate,7
cognation,9
cognisable,10
cognisance,10
cognisant,9
cognise,7
cognition,9
cognitive,9
cognitively,11
cognizable,10
cognizance,10
cognizant,9
cognize,7
cognomen,8
cognoscente,11
cognoscible,11
cogwheel,8
cohabit,7
cohabitation,12
cohan,5
cohere,6
coherence,9
coherency,9
coherent,8
coherently,10
cohesion,8
cohesive,8
cohesiveness,12
cohn,4
coho,4
cohoe,5
cohort,6
cohosh,6
cohune,6
coif,4
coiffe,6
coiffeur,8
coiffeuse,9
coiffure,8
coign,5
coigne,6
coigue,6
coil,4
coiled,6
coiling,7
coin,4
coinage,7
coincide,8
coincidence,11
coincident,10
coincidental,12
coincidentally,14
coincidently,12
coinciding,10
coiner,6
coinsurance,11
coinsure,8
coir,4
coital,6
coition,7
coitus,6
coke,4
cola,4
colander,8
colaptes,8
colbert,7
colchicaceae,12
colchicine,10
colchicum,9
colchis,7
cold,4
coldcock,8
coldcream,9
coldhearted,11
coldheartedness,15
coldly,6
coldness,8
coldwork,8
cole,4
coleonyx,8
coleoptera,10
coleridge,9
coleridgean,11
coleridgian,11
coleslaw,8
colette,7
coleus,6
colewort,8
colic,5
colicky,7
colicroot,9
colima,6
colinus,7
coliphage,9
coliseum,8
colitis,7
collaborate,11
collaboration,13
collaborative,13
collaborator,12
collage,7
collagen,8
collagenase,11
collagenic,10
collagenous,11
collapsable,11
collapse,8
collapsible,11
collar,6
collarbone,10
collard,7
collards,8
collarless,10
collate,7
collateral,10
collateralize,13
collation,9
colleague,9
collect,7
collectable,11
collected,9
collectedly,11
collectible,11
collecting,10
collection,10
collective,10
collectively,12
collectivise,12
collectivised,13
collectivism,12
collectivist,12
collectivistic,14
collectivize,12
collectivized,13
collector,9
colleen,7
college,7
collegial,9
collegian,9
collegiate,10
collembola,10
collembolan,11
collet,6
collide,7
collider,8
collie,6
collier,7
colliery,8
colligate,9
colligation,11
collimate,9
collimation,11
collimator,10
collinear,9
collins,7
collinsia,9
collinsonia,11
collision,9
collocalia,10
collocate,9
collocation,11
collodion,9
collogue,8
colloid,7
colloidal,9
colloidally,11
colloquial,10
colloquialism,13
colloquially,12
colloquium,10
colloquy,8
collotype,9
collude,7
collusion,9
collusive,9
colly,5
collyrium,9
collywobbles,12
colobus,7
colocasia,9
cologne,7
colombia,8
colombian,9
colombo,7
colon,5
colonel,7
colonial,8
colonialism,11
colonialist,11
colonic,7
colonisation,12
colonise,8
colonised,9
coloniser,9
colonist,8
colonization,12
colonize,8
colonized,9
colonizer,9
colonnade,9
colonnaded,10
colonoscope,11
colonoscopy,11
colony,6
colophon,8
colophony,9
color,5
coloradan,9
coloradillo,11
colorado,8
coloration,10
coloratura,10
colorcast,9
colorectal,10
colored,7
colorfast,9
colorful,8
colorimeter,11
colorimetric,12
colorimetrical,14
colorimetry,11
coloring,8
colorise,8
colorist,8
colorize,8
colorless,9
colorlessness,13
colors,6
colossae,8
colossal,8
colosseum,9
colossian,9
colossians,10
colossus,8
colostomy,9
colostrum,9
colour,6
colouration,11
colourcast,10
coloured,8
colourful,9
colouring,9
colourise,9
colourize,9
colourless,10
colourlessness,14
colours,7
colpitis,8
colpocele,9
colpocystitis,13
colpocystocele,14
colpoxerosis,12
colt,4
coltan,6
colter,6
coltish,7
coltsfoot,9
coluber,7
colubrid,8
colubridae,10
colubrina,9
colugo,6
columba,7
columbarium,11
columbary,9
columbia,8
columbian,9
columbidae,10
columbiformes,13
columbine,9
columbite,9
columbium,9
columbo,7
columbus,8
columella,9
column,6
columnar,8
columnea,8
columned,8
columniation,12
columniform,11
columnist,9
columnlike,10
colutea,7
colymbiformes,13
colza,5
coma,4
comal,5
comanche,8
comandra,8
comate,6
comatose,8
comatoseness,12
comatula,8
comatulid,9
comatulidae,11
comb,4
combat,6
combatant,9
combative,9
combatively,11
combativeness,13
combed,6
comber,6
combinable,10
combination,11
combinational,13
combinative,11
combinatorial,13
combinatory,11
combine,7
combined,8
combing,7
combining,9
combo,5
combretaceae,12
combretum,9
comburant,9
comburent,9
combust,7
combustibility,14
combustible,11
combustibleness,15
combustion,10
combustive,10
come,4
comeback,8
comedian,8
comedienne,10
comedo,6
comedown,8
comedy,6
comeliness,10
comely,6
comenius,8
comer,5
comestible,10
comet,5
cometary,8
cometic,7
comeupance,10
comeuppance,11
comfit,6
comfort,7
comfortable,11
comfortableness,15
comfortably,11
comforted,9
comforter,9
comforting,10
comfortingly,12
comfortless,11
comforts,8
comfrey,7
comfy,5
comic,5
comical,7
comicality,10
comically,9
coming,6
comint,6
comity,6
comma,5
command,7
commandant,10
commandeer,10
commander,9
commandership,13
commandery,10
commanding,10
commandment,11
commando,8
commelina,9
commelinaceae,13
commelinales,12
commelinidae,12
commemorate,11
commemorating,13
commemoration,13
commemorative,13
commence,8
commencement,12
commend,7
commendable,11
commendation,12
commensal,9
commensalism,12
commensally,11
commensurable,13
commensurate,12
comment,7
commentary,10
commentate,10
commentator,11
commerce,8
commercial,10
commercialise,13
commercialised,14
commercialism,13
commercialize,13
commercialized,14
commercially,12
commie,6
comminate,9
commination,11
comminatory,11
commingle,9
comminute,9
commiphora,10
commiserate,11
commiseration,13
commiserative,13
commissar,9
commissariat,12
commissary,10
commission,10
commissionaire,14
commissioned,12
commissioner,12
commissioning,13
commissure,10
commit,6
commitment,10
committal,9
committed,9
committedness,13
committee,9
committeeman,12
committeewoman,14
commix,6
commixture,10
commode,7
commodious,10
commodiousness,14
commodity,9
commodore,9
common,6
commonage,9
commonality,11
commonalty,10
commoner,8
commonly,8
commonness,10
commonplace,11
commonplaceness,15
commons,7
commonsense,11
commonsensible,14
commonsensical,14
commonweal,10
commonwealth,12
commotion,9
commove,7
communal,8
communalise,11
communalism,11
communalize,11
communally,10
commune,7
communicable,12
communicant,11
communicate,11
communicating,13
communication,13
communicational,15
communications,14
communicative,13
communicator,12
communicatory,13
communion,9
communique,10
communisation,13
communise,9
communism,9
communist,9
communistic,11
community,9
communization,13
communize,9
commutability,13
commutable,10
commutate,9
commutation,11
commutative,11
commutator,10
commute,7
commuter,8
commuting,9
comoros,7
comose,6
comp,4
compact,7
compaction,10
compactly,9
compactness,11
companion,9
companionable,13
companionate,12
companionship,13
companionway,12
company,7
comparability,13
comparable,10
comparably,10
comparative,11
comparatively,13
compare,7
comparing,9
comparison,10
compart,7
compartment,11
compartmental,13
compartmented,13
compass,7
compassion,10
compassionate,13
compassionately,15
compatibility,13
compatible,10
compatibly,10
compatriot,10
compeer,7
compel,6
compelling,10
compendious,11
compendium,10
compensable,11
compensate,10
compensated,11
compensation,12
compere,7
compete,7
competence,10
competency,10
competent,9
competently,11
competition,11
competitive,11
competitively,13
competitiveness,15
competitor,10
competitory,11
compilation,11
compile,7
compiler,8
compiling,9
complacence,11
complacency,11
complacent,10
complacently,12
complain,8
complainant,11
complainer,10
complaining,11
complainingly,13
complaint,9
complaintive,12
complaisance,12
complaisant,11
complect,8
complement,10
complemental,12
complementarity,15
complementary,13
complementation,15
complete,8
completed,9
completely,10
completeness,12
completing,10
completion,10
complex,7
complexifier,12
complexify,10
complexion,10
complexity,10
complexly,9
complexness,11
compliance,10
compliancy,10
compliant,9
complicate,10
complicated,11
complicatedness,15
complication,12
complicity,10
compliment,10
complimentary,13
compliments,11
complin,7
compline,8
complot,7
comply,6
component,9
comport,7
comportment,11
compose,7
composed,8
composedly,10
composer,8
composing,9
compositae,10
composite,9
compositeness,13
composition,11
compositional,13
compositor,10
compost,7
composure,9
compote,7
compound,8
compounded,10
compounding,11
comprehend,10
comprehended,12
comprehendible,14
comprehensible,14
comprehension,13
comprehensive,13
comprehensively,15
compress,8
compressed,10
compressibility,15
compressible,12
compressing,11
compression,11
compressor,10
comprise,8
compromise,10
compromiser,11
compromising,12
compsognathus,13
compton,7
comptonia,9
comptroller,11
comptrollership,15
compulsion,10
compulsive,10
compulsively,12
compulsiveness,14
compulsivity,12
compulsorily,12
compulsory,10
compunction,11
computable,10
computation,11
computational,13
computationally,15
compute,7
computer,8
computerise,11
computerization,15
computerize,11
computing,9
comrade,7
comradeliness,13
comradely,9
comradery,9
comradeship,11
comstock,8
comstockery,11
comte,5
comtism,7
conacaste,9
conakry,7
concatenate,11
concatenation,13
concave,7
concavely,9
concaveness,11
concavity,9
conceal,7
concealed,9
concealing,10
concealment,11
concede,7
conceding,9
conceit,7
conceited,9
conceitedly,11
conceitedness,13
conceivability,14
conceivable,11
conceivableness,15
conceivably,11
conceive,8
conceiver,9
concenter,9
concentrate,11
concentrated,12
concentration,13
concentre,9
concentric,10
concentrical,12
concentricity,13
concepcion,10
concept,7
conception,10
conceptional,12
conceptive,10
conceptual,10
conceptualise,13
conceptualism,13
conceptualistic,15
conceptuality,13
conceptualize,13
conceptually,12
conceptus,9
concern,7
concerned,9
concernedly,11
concert,7
concerted,9
concertina,10
concertise,10
concertize,10
concerto,8
concession,10
concessionaire,14
concessioner,12
concessive,10
conch,5
concha,6
conchfish,9
conchologist,12
conchology,10
concierge,9
conciliable,11
conciliate,10
conciliation,12
conciliative,12
conciliator,11
conciliatory,12
concise,7
concisely,9
conciseness,11
concision,9
conclave,8
conclude,8
concluded,9
concluding,10
conclusion,10
conclusive,10
conclusively,12
conclusiveness,14
concoct,7
concoction,10
concomitance,12
concomitant,11
concord,7
concordance,11
concordant,10
concordat,9
concourse,9
concrete,8
concretely,10
concreteness,12
concretion,10
concretise,10
concretism,10
concretistic,12
concretize,10
concubinage,11
concubine,9
concupiscence,13
concupiscent,12
concur,6
concurrence,11
concurrency,11
concurrent,10
concurrently,12
concurring,10
concuss,7
concussion,10
condemn,7
condemnable,11
condemnation,12
condemnatory,12
condemning,10
condensate,10
condensation,12
condense,8
condenser,9
condensing,10
condescend,10
condescending,13
condescendingly,15
condescension,13
condign,7
condiment,9
condition,9
conditional,11
conditionality,14
conditionally,13
conditioned,11
conditioner,11
conditioning,12
conditions,10
condo,5
condole,7
condolence,10
condolent,9
condom,6
condominium,11
condonation,11
condone,7
condor,6
condorcet,9
conduce,7
conducive,9
conduct,7
conductance,11
conducting,10
conduction,10
conductive,10
conductivity,12
conductor,9
conductress,11
conduit,7
condylar,8
condyle,7
condylion,9
condylura,9
cone,4
coneflower,10
conelike,8
conenose,8
conepatus,9
conessi,7
conestoga,9
coney,5
confab,6
confabulate,11
confabulation,13
confect,7
confection,10
confectionary,13
confectioner,12
confectionery,13
confederacy,11
confederate,11
confederation,13
confederative,13
confer,6
conferee,8
conference,10
conferment,10
conferral,9
conferrer,9
conferva,8
confess,7
confessedly,11
confession,10
confessional,12
confessor,9
confetti,8
confidant,9
confidante,10
confide,7
confidence,10
confident,9
confidential,12
confidentiality,15
confidentially,14
confidently,11
confiding,9
confidingly,11
configuration,13
configurational,15
configure,9
configured,10
confine,7
confined,8
confinement,11
confines,8
confining,9
confirm,7
confirmable,11
confirmation,12
confirmative,12
confirmatory,12
confirmed,9
confirming,10
confiscate,10
confiscation,12
confit,6
confiture,9
conflagrate,11
conflagration,13
conflate,8
conflict,8
conflicting,11
confluence,10
confluent,9
conflux,7
conform,7
conformable,11
conformably,11
conformance,11
conformation,12
conforming,10
conformism,10
conformist,10
conformity,10
confound,8
confounded,10
confoundedly,12
confounding,11
confrere,8
confront,8
confrontation,13
confrontational,15
confucian,9
confucianism,12
confucianist,12
confucius,9
confusable,10
confuse,7
confused,8
confusedly,10
confusedness,12
confusing,9
confusingly,11
confusion,9
confutable,10
confutation,11
confutative,11
confute,7
confuter,8
conga,5
conge,5
congeal,7
congealed,9
congealment,11
congee,6
congelation,11
congenator,10
congener,8
congeneric,10
congenerical,12
congenerous,11
congenial,9
congeniality,12
congenially,11
congenialness,13
congenital,10
conger,6
congeries,9
congest,7
congested,9
congestion,10
congestive,10
congius,7
conglobate,10
conglobation,12
conglobe,8
conglomerate,12
conglomeration,14
conglutinate,12
conglutination,14
congo,5
congolese,9
congou,6
congratulate,12
congratulation,14
congratulations,15
congratulatory,14
congregant,10
congregate,10
congregating,12
congregation,12
congregational,14
congress,8
congressional,13
congressman,11
congresswoman,13
congreve,8
congridae,9
congruence,10
congruent,9
congruity,9
congruous,9
congruousness,13
conic,5
conical,7
conically,9
conidiophore,12
conidiospore,12
conidium,8
conifer,7
coniferales,11
coniferophyta,13
coniferophytina,15
coniferopsida,13
coniferous,10
conilurus,9
conima,6
coniogramme,11
conium,6
conjectural,11
conjecturally,13
conjecture,10
conjoin,7
conjoined,9
conjoint,8
conjointly,10
conjugal,8
conjugally,10
conjugate,9
conjugated,10
conjugation,11
conjunct,8
conjunction,11
conjunctiva,11
conjunctival,12
conjunctive,11
conjunctivitis,14
conjuncture,11
conjuration,11
conjure,7
conjurer,8
conjuring,9
conjuror,8
conjury,7
conk,4
conker,6
conn,4
connaraceae,11
connarus,8
connate,7
connatural,10
connect,7
connected,9
connectedness,13
connecter,9
connecticut,11
connecticuter,13
connection,10
connective,10
connectivity,12
connector,9
connexion,9
conniption,10
connivance,10
connive,7
conniving,9
connochaetes,12
connoisseur,11
connoisseurship,15
connolly,8
connors,7
connotation,11
connotational,13
connotative,11
connote,7
connubial,9
conocarpus,10
conoclinium,11
conodont,8
conodonta,9
conoid,6
conopodium,10
conospermum,11
conoy,5
conquer,7
conquerable,11
conquering,10
conqueror,9
conquest,8
conquistador,12
conrad,6
conradina,9
consanguine,11
consanguineal,13
consanguineous,14
consanguinity,13
conscience,10
conscienceless,14
conscientious,13
conscientiously,15
conscionable,12
conscious,9
consciously,11
consciousness,13
conscript,9
conscription,12
consecrate,10
consecrated,11
consecration,12
consecutive,11
consecutively,13
consensual,10
consensus,9
consent,7
consentaneous,13
consentient,11
consenting,10
consequence,11
consequent,10
consequential,13
consequentially,15
consequently,12
conservancy,11
conservation,12
conservationist,15
conservatism,12
conservative,12
conservatively,14
conservativism,14
conservativist,14
conservatoire,13
conservator,11
conservatory,12
conserve,8
conserved,9
conserves,9
consider,8
considerable,12
considerably,12
considerate,11
considerately,13
considerateness,15
consideration,13
considered,10
consign,7
consignee,9
consigner,9
consignment,11
consignor,9
consist,7
consistence,11
consistency,11
consistent,10
consistently,12
consistory,10
consociate,10
consolable,10
consolation,11
consolatory,11
console,7
consolida,9
consolidate,11
consolidated,12
consolidation,13
consolidative,13
consoling,9
consolingly,11
consomme,8
consonance,10
consonant,9
consonantal,11
consonate,9
consort,7
consortium,10
conspecific,11
conspectus,10
conspicuous,11
conspicuously,13
conspicuousness,15
conspiracy,10
conspirative,12
conspirator,11
conspiratorial,14
conspire,8
constable,9
constabulary,12
constance,9
constancy,9
constant,8
constantan,10
constantina,11
constantine,11
constantinople,14
constantly,10
constatation,12
constellate,11
constellation,13
consternate,11
consternation,13
constipate,10
constipated,11
constipation,12
constituency,12
constituent,11
constitute,10
constituted,11
constitution,12
constitutional,14
constitutive,12
constrain,9
constrained,11
constrainedly,13
constraining,12
constraint,10
constrict,9
constricted,11
constricting,12
constriction,12
constrictive,12
constrictor,11
constringe,10
construal,9
construct,9
construction,12
constructive,12
constructively,14
constructivism,14
constructivist,14
constructor,11
construe,8
consubstantial,14
consubstantiate,15
consuetude,10
consuetudinal,13
consuetudinary,14
consul,6
consular,8
consulate,9
consulship,10
consult,7
consultancy,11
consultant,10
consultation,12
consultative,12
consultatory,12
consultive,10
consumable,10
consume,7
consumer,8
consumerism,11
consuming,9
consummate,10
consummated,11
consummation,12
consumption,11
consumptive,11
contact,7
contadino,9
contagion,9
contagious,10
contagiously,12
contain,7
contained,9
container,9
containerful,12
containerise,12
containerize,12
containership,13
containment,11
contaminant,11
contaminate,11
contaminated,12
contaminating,13
contamination,13
contaminative,13
contemn,7
contemplate,11
contemplation,13
contemplative,13
contemporaneity,15
contemporaneous,15
contemporaries,14
contemporary,12
contemporise,12
contemporize,12
contempt,8
contemptibility,15
contemptible,12
contemptibly,12
contemptuous,12
contemptuously,14
contend,7
contender,9
content,7
contented,9
contentedly,11
contentedness,13
contention,10
contentious,11
contentiousness,15
contentment,11
contents,8
conterminous,12
contest,7
contestable,11
contestant,10
contestation,12
contested,9
contestee,9
contester,9
context,7
contextual,10
contextualism,13
contextually,12
contiguity,10
contiguous,10
contiguousness,14
continence,10
continency,10
continent,9
continental,11
contingence,11
contingency,11
contingent,10
continual,9
continually,11
continuance,11
continuant,10
continuation,12
continuative,12
continue,8
continued,9
continuing,10
continuity,10
continuo,8
continuous,10
continuously,12
continuousness,14
continuum,9
conto,5
contopus,8
contort,7
contorted,9
contortion,10
contortionist,13
contour,7
contra,6
contraband,10
contrabandist,13
contrabass,10
contrabassoon,13
contraception,13
contraceptive,13
contraclockwise,15
contract,8
contractable,12
contracted,10
contractile,11
contractility,13
contracting,11
contraction,11
contractor,10
contractual,11
contractually,13
contracture,11
contradance,11
contradict,10
contradiction,13
contradictorily,15
contradictory,13
contrafagotto,13
contrail,8
contraindicate,14
contralateral,13
contralto,9
contraption,11
contrapuntal,12
contrapuntist,13
contrarian,10
contrariety,11
contrarily,10
contrariness,12
contrarious,11
contrariwise,12
contrary,8
contras,7
contrast,8
contrasting,11
contrastingly,13
contrastive,11
contrasty,9
contravene,10
contravention,13
contredanse,11
contretemps,11
contribute,10
contributing,12
contribution,12
contributive,12
contributor,11
contributory,12
contrite,8
contritely,10
contriteness,12
contrition,10
contrivance,11
contrive,8
contrived,9
contriver,9
control,7
controllable,12
controlled,10
controller,10
controllership,14
controlling,11
controversial,13
controversially,15
controversy,11
controvert,10
contumacious,12
contumaciously,14
contumacy,9
contumelious,12
contumeliously,14
contumely,9
contuse,7
contusion,9
conundrum,9
conurbation,11
conuropsis,10
convalesce,10
convalescence,13
convalescent,12
convallaria,11
convallariaceae,15
convect,7
convection,10
convector,9
convene,7
convener,8
convenience,11
conveniences,12
convenient,10
conveniently,12
convening,9
convent,7
conventicle,11
convention,10
conventional,12
conventionalise,15
conventionalism,15
conventionality,15
conventionalize,15
conventionally,14
conventioneer,13
conventual,10
converge,8
convergence,11
convergency,11
convergent,10
converging,10
conversance,11
conversancy,11
conversant,10
conversation,12
conversational,14
conversationist,15
converse,8
conversely,10
conversion,10
converso,8
convert,7
converted,9
converter,9
convertibility,14
convertible,11
convertor,9
convex,6
convexity,9
convexly,8
convexness,10
convey,6
conveyable,10
conveyance,10
conveyancer,11
conveyancing,12
conveyer,8
conveying,9
conveyor,8
convict,7
convictfish,11
conviction,10
convince,8
convinced,9
convincible,11
convincing,10
convincingly,12
convincingness,14
convivial,9
conviviality,12
convivially,11
convocation,11
convoke,7
convolute,9
convoluted,10
convolution,11
convolve,8
convolvulaceae,14
convolvulus,11
convoy,6
convulse,8
convulsion,10
convulsive,10
convulsively,12
cony,4
conyza,6
cooccur,7
cooccurring,11
cook,4
cookbook,8
cooke,5
cooked,6
cooker,6
cookery,7
cookfire,8
cookhouse,9
cookie,6
cooking,7
cookout,7
cookstove,9
cookware,8
cooky,5
cool,4
coolant,7
cooler,6
coolheaded,10
coolidge,8
coolie,6
cooling,7
coolly,6
coolness,8
coolwart,8
cooly,5
coon,4
coondog,7
coonhound,9
coonskin,8
coontie,7
coop,4
cooper,6
cooperate,9
cooperation,11
cooperative,11
cooperatively,13
cooperativeness,15
cooperator,10
cooperstown,11
coordinate,10
coordinated,11
coordinately,12
coordinating,12
coordination,12
coordinative,12
coordinator,11
coosa,5
coot,4
cooter,6
cootie,6
copacetic,9
copaiba,7
copal,5
copaline,8
copalite,8
copartner,9
copartnership,13
copasetic,9
cope,4
copeck,6
copehan,7
copenhagen,10
copepod,7
copepoda,8
copernican,10
copernicia,10
copernicus,10
copesetic,9
copesettic,10
copestone,9
copier,6
copilot,7
coping,6
copious,7
copiously,9
copiousness,11
coplanar,8
copland,7
copley,6
copolymer,9
copolymerise,12
copolymerize,12
copout,6
copper,6
copperhead,10
copperplate,11
coppersmith,11
copperware,10
coppery,7
coppice,7
coppola,7
copra,5
coprinaceae,11
coprinus,8
coprolalia,10
coprolite,9
coprolith,9
coprophagia,11
coprophagy,10
copse,5
copt,4
coptic,6
coptis,6
copula,6
copular,7
copulate,8
copulation,10
copulative,10
copulatory,10
copy,4
copybook,8
copycat,7
copyedit,8
copyhold,8
copyholder,10
copying,7
copyist,7
copyread,8
copyreader,10
copyright,9
copyrighted,11
copywriter,10
coquet,6
coquetry,8
coquette,8
coquettish,10
coquettishly,12
coquille,8
cora,4
coracan,7
coracias,8
coraciidae,10
coraciiformes,13
coracle,7
coragyps,8
corakan,7
coral,5
coralbells,10
coralberry,10
corallorhiza,12
coralroot,9
coralwood,9
coralwort,9
corbel,6
corbelled,9
corbett,7
corbiestep,10
corbina,7
corchorus,9
cord,4
cordage,7
cordaitaceae,12
cordaitales,11
cordaites,9
cordarone,9
cordate,7
corday,6
corded,6
cordgrass,9
cordia,6
cordial,7
cordiality,10
cordially,9
cordierite,10
cordiform,9
cordite,7
corditis,8
cordless,8
cordoba,7
cordon,6
cordova,7
cordovan,8
cords,5
corduroy,8
corduroys,9
cordwood,8
cordylidae,10
cordyline,9
cordylus,8
core,4
coreference,11
coreferent,10
coreferential,13
coregonidae,11
coregonus,9
coreid,6
coreidae,8
coreligionist,13
corelli,7
coreopsis,9
corer,5
corespondent,12
corgard,7
corgi,5
coriaceous,10
coriander,9
coriandrum,10
coricidin,9
corinth,7
corinthian,10
corium,6
corixa,6
corixidae,9
cork,4
corkage,7
corkboard,9
corked,6
corker,6
corking,7
corkscrew,9
corkwood,8
corky,5
corm,4
cormorant,9
cormose,7
cormous,7
corn,4
cornaceae,9
cornbread,9
corncob,7
corncrake,9
corncrib,8
cornea,6
corneal,7
corned,6
corneille,9
cornel,6
cornelian,9
cornell,7
corneous,8
corner,6
cornerback,10
cornered,8
cornerstone,11
cornet,6
cornetfish,10
cornetist,9
corneum,7
cornfield,9
cornflour,9
cornflower,10
cornhusk,8
cornhusker,10
cornhusking,11
cornice,7
cornish,7
cornishman,10
cornishwoman,12
cornmeal,8
cornpone,8
cornsilk,8
cornsmut,8
cornstalk,9
cornstarch,10
cornu,5
cornucopia,10
cornus,6
cornwall,8
cornwallis,10
corny,5
corokia,7
corolla,7
corollary,9
corona,6
coronach,8
coronal,7
coronary,8
coronate,8
coronation,10
coroner,7
coronet,7
coroneted,9
coronilla,9
coronion,8
coropuna,8
corot,5
corozo,6
corp,4
corporal,8
corporality,11
corporate,9
corporation,11
corporatism,11
corporatist,11
corporeal,9
corporeality,12
corposant,9
corps,5
corpse,6
corpulence,10
corpulency,10
corpulent,9
corpus,6
corpuscle,9
corpuscular,11
corrade,7
corral,6
corrasion,9
correct,7
correctable,11
corrected,9
correction,10
correctional,12
corrections,11
correctitude,12
corrective,10
correctly,9
correctness,11
correggio,9
corregidor,10
correlate,9
correlated,10
correlation,11
correlational,13
correlative,11
correlativity,13
correspond,10
correspondence,14
correspondent,13
corresponding,13
correspondingly,15
corrida,7
corridor,8
corrie,6
corrigenda,10
corrigendum,11
corrigible,10
corroborant,11
corroborate,11
corroboration,13
corroborative,13
corroboratory,13
corrode,7
corroded,8
corrodentia,11
corroding,9
corrosion,9
corrosive,9
corrugate,9
corrugated,10
corrugation,11
corrupt,7
corrupted,9
corruptedly,11
corruptibility,14
corruptible,11
corrupting,10
corruption,10
corruptive,10
corruptly,9
corruptness,11
corsage,7
corsair,7
corse,5
corselet,8
corset,6
corsica,7
corsican,8
corslet,7
cortaderia,10
cortef,6
cortege,7
cortes,6
cortex,6
cortez,6
cortical,8
cortically,10
corticifugal,12
corticipetal,12
corticium,9
corticoafferent,15
corticoefferent,15
corticofugal,12
corticoid,9
corticosteroid,14
corticosterone,14
corticotrophin,14
corticotropin,13
cortina,7
cortinariaceae,14
cortinarius,11
cortisol,8
cortisone,9
cortland,8
corundom,8
corundum,8
coruscant,9
coruscate,9
coruscation,11
corvee,6
corvette,8
corvidae,8
corvine,7
corvus,6
coryanthes,10
corydalidae,11
corydalis,9
corydalus,9
corylaceae,10
corylopsis,10
corylus,7
corymb,6
corymbose,9
corynebacterium,15
corypha,7
coryphaenidae,13
coryphantha,11
corythosaur,11
corythosaurus,13
coryza,6
coscoroba,9
cosec,5
cosecant,8
coseismal,9
coseismic,9
cosh,4
cosher,6
cosign,6
cosignatory,11
cosigner,8
cosily,6
cosine,6
cosiness,8
cosmea,6
cosmetic,8
cosmetically,12
cosmetician,11
cosmetologist,13
cosmetology,11
cosmic,6
cosmid,6
cosmocampus,11
cosmogenic,10
cosmogeny,9
cosmogonic,10
cosmogonical,12
cosmogony,9
cosmographer,12
cosmographist,13
cosmography,11
cosmolatry,10
cosmologic,10
cosmological,12
cosmologist,11
cosmology,9
cosmonaut,9
cosmopolitan,12
cosmopolite,11
cosmos,6
cosmotron,9
cosponsor,9
coss,4
cossack,7
cosset,6
cost,4
costa,5
costal,6
costalgia,9
costanoan,9
costate,7
costermonger,12
costia,6
costiasis,9
costing,7
costive,7
costless,8
costliness,10
costly,6
costmary,8
costochondritis,15
costs,5
costume,7
costumed,8
costumer,8
costumier,9
costusroot,10
cosy,4
cotacachi,9
cotan,5
cotangent,9
cote,4
cotenant,8
coterie,7
coterminous,11
coterminously,13
cotilion,8
cotillion,9
cotinga,7
cotingidae,10
cotinus,7
cotoneaster,11
cotonou,7
cotopaxi,8
cotswold,8
cotswolds,9
cottage,7
cottager,8
cottar,6
cotter,6
cottidae,8
cottier,7
cotton,6
cottonmouth,11
cottonseed,10
cottontail,10
cottonweed,10
cottonwick,10
cottonwood,10
cottony,7
cottus,6
cotula,6
coturnix,8
cotyledon,9
cotyloid,8
cotyloidal,10
coucal,6
couch,5
couchant,8
couchette,9
coue,4
cougar,6
cough,5
coughing,8
coulisse,8
coulomb,7
coulter,7
coumadin,8
coumarone,9
coumarouna,10
council,7
councillor,10
councillorship,14
councilman,10
councilorship,13
councilwoman,12
counsel,7
counseling,10
counselling,11
counsellor,10
counsellorship,14
counselor,9
counselorship,13
count,5
countable,9
countdown,9
countenance,11
counter,7
counteract,10
counteraction,13
counteractive,13
counteractively,15
counterargument,15
counterattack,13
counterbalance,14
counterbalanced,15
counterblast,12
counterblow,11
counterbore,11
counterchange,13
countercharge,13
countercheck,12
counterclaim,12
countercoup,11
counterculture,14
countercurrent,14
counterexample,14
counterfactual,14
counterfeit,11
counterfeiter,13
counterfire,11
counterfoil,11
counterglow,11
counterirritant,15
counterman,10
countermand,11
countermarch,12
countermeasure,14
countermine,11
countermove,11
counteroffer,12
counterpane,11
counterpart,11
counterperson,13
counterplan,11
counterplay,11
counterplea,11
counterplot,11
counterpoint,12
counterpoise,12
counterpoised,13
counterpoison,13
counterpose,11
counterproposal,15
counterpunch,12
countershot,11
countersign,11
countersink,11
counterspy,10
counterstain,12
counterstrike,13
countersuit,11
countertenor,12
counterterror,13
countertop,10
countervail,11
counterweight,13
counterwoman,12
countess,8
counting,8
countinghouse,13
countless,9
countlessness,13
countrified,11
country,7
countryfied,11
countryfolk,11
countryman,10
countryseat,11
countryside,11
countrywide,11
countrywoman,12
county,6
countywide,10
coup,4
coupe,5
couperin,8
couple,6
coupled,7
coupler,7
couplet,7
coupling,8
coupon,6
courage,7
courageous,10
courageously,12
courageousness,14
courante,8
courbaril,9
courbet,7
courgette,9
courier,7
courlan,7
course,6
courser,7
coursework,10
coursing,8
court,5
courtelle,9
courteous,9
courteously,11
courtesan,9
courtesy,8
courthouse,10
courtier,8
courting,8
courtliness,11
courtly,7
courtroom,9
courtship,9
courtyard,9
couscous,8
cousin,6
cousinly,8
cousteau,8
couth,5
couthie,7
couthy,6
couture,7
couturier,9
couvade,7
couverture,10
covalence,9
covalency,9
covalent,8
covariance,10
covariant,9
covariation,11
cove,4
coven,5
covenant,8
coventry,8
cover,5
coverage,8
coverall,8
covered,7
covering,8
coverlet,8
covert,6
covertly,8
covertness,10
covet,5
coveted,7
covetous,8
covetously,10
covetousness,12
covey,5
coville,7
cowage,6
coward,6
cowardice,9
cowardliness,12
cowardly,8
cowbarn,7
cowbell,7
cowberry,8
cowbird,7
cowboy,6
cowcatcher,10
cower,5
cowfish,7
cowgirl,7
cowhand,7
cowherb,7
cowherd,7
cowhide,7
cowhouse,8
cowl,4
cowled,6
cowlick,7
cowling,7
cowman,6
cowpea,6
cowpens,7
cowper,6
cowpie,6
cowpoke,7
cowpox,6
cowpuncher,10
cowrie,6
cowry,5
cows,4
cowshed,7
cowskin,7
cowslip,7
cowtown,7
coxa,4
coxcomb,7
coxsackievirus,14
coxswain,8
coydog,6
coyly,5
coyness,7
coyol,5
coyote,6
coypu,5
cozen,5
cozenage,8
cozily,6
coziness,8
cozy,4
crab,4
crabapple,9
crabbed,7
crabbedness,11
crabbiness,10
crabby,6
crabgrass,9
crabmeat,8
crabs,5
crabwise,8
cracidae,8
crack,5
crackbrained,12
crackdown,9
cracked,7
cracker,7
crackerberry,12
crackerjack,11
crackers,8
cracking,8
crackle,7
crackleware,11
crackling,9
cracklings,10
crackpot,8
cracksman,9
cracow,6
cracticidae,11
cracticus,9
cradle,6
cradlesong,10
craft,5
crafter,7
craftily,8
craftiness,10
craftsman,9
craftsmanship,13
crafty,6
crag,4
cragfast,8
cragged,7
craggy,6
cragsman,8
craigie,7
crake,5
cram,4
crambe,6
crammer,7
cramp,5
crampbark,9
cramped,7
crampfish,9
crampon,7
crampoon,8
cran,4
cranberry,9
cranch,6
crane,5
cranesbill,10
crangon,7
crangonidae,11
cranial,7
craniata,8
craniate,8
craniologist,12
craniology,10
craniometer,11
craniometric,12
craniometrical,14
craniometry,11
craniotomy,10
cranium,7
crank,5
crankcase,9
crankiness,10
crankshaft,10
cranky,6
crannied,8
cranny,6
crap,4
crapaud,7
crape,5
crapette,8
crapper,7
crappie,7
crappy,6
craps,5
crapshoot,9
crapshooter,11
crapulence,10
crapulent,9
crapulous,9
crash,5
crasher,7
crashing,8
craspedia,9
crass,5
crassitude,10
crassness,9
crassostrea,11
crassula,8
crassulaceae,12
crataegus,9
crate,5
crateful,8
crater,6
crateva,7
craton,6
craunch,7
cravat,6
crave,5
craved,6
craven,6
cravenness,10
craving,7
craw,4
crawdad,7
crawdaddy,9
crawfish,8
crawford,8
crawl,5
crawler,7
crawling,8
crawlspace,10
crax,4
crayfish,8
crayon,6
craze,5
crazed,6
crazily,7
craziness,9
crazy,5
crazyweed,9
creak,5
creakily,8
creaking,8
creakingly,10
creaky,6
cream,5
creamcups,9
creamer,7
creamery,8
creaminess,10
creamy,6
crease,6
creaseless,10
creaseproof,11
creashak,8
create,6
creatin,7
creatine,8
creation,8
creationism,11
creative,8
creatively,10
creativeness,12
creativity,10
creator,7
creature,8
creche,6
crecy,5
cred,4
credal,6
credence,8
credendum,9
credential,10
credentialled,13
credentials,11
credenza,8
credibility,11
credible,8
credibleness,12
credibly,8
credit,6
creditable,10
creditably,10
credited,8
creditor,8
credits,7
creditworthy,12
credo,5
credulity,9
credulous,9
credulously,11
credulousness,13
cree,4
creed,5
creedal,7
creek,5
creel,5
creep,5
creeper,7
creepiness,10
creeping,8
creeps,6
creepy,6
creese,6
cremains,8
cremate,7
cremation,9
crematorium,11
crematory,9
cremona,7
crenate,7
crenated,8
crenation,9
crenature,9
crenel,6
crenelate,9
crenelation,11
crenellate,10
crenellation,12
crenelle,8
crenulate,9
crenulated,10
creole,6
creolize,8
creon,5
creosol,7
creosote,8
crepe,5
crepis,6
crepitate,9
crepitation,11
crepuscle,9
crepuscular,11
crepuscule,10
crescendo,9
crescent,8
crescentia,10
cresol,6
cress,5
cresson,7
crest,5
crested,7
crestfallen,11
cretaceous,10
cretan,6
crete,5
cretin,6
cretinism,9
cretinous,9
cretonne,8
crevasse,8
crevice,7
crew,4
crewelwork,10
crewet,6
crewman,7
crex,4
crib,4
cribbage,8
cricetidae,10
cricetus,8
crichton,8
crick,5
cricket,7
cricketer,9
crier,5
crime,5
crimea,6
criminal,8
criminalisation,15
criminalise,11
criminalism,11
criminality,11
criminalization,15
criminalize,11
criminally,10
criminalness,12
criminate,9
criminative,11
criminatory,11
criminological,14
criminologist,13
criminology,11
crimp,5
crimper,7
crimson,7
cringe,6
cringing,8
cringle,7
crinion,7
crinkle,7
crinkled,8
crinkleroot,11
crinkly,7
crinoid,7
crinoidea,9
crinoline,9
criollo,7
cripple,7
crippled,8
crippling,9
crisis,6
crisp,5
crispate,8
crispen,7
crispin,7
crispiness,10
crisply,7
crispness,9
crispy,6
crisscross,10
crisscrossed,12
cristal,7
cristobalite,12
criterial,9
criterion,9
criterional,11
crith,5
critic,6
critical,8
criticality,11
critically,10
criticalness,12
criticise,9
criticism,9
criticize,9
critique,8
critter,7
crius,5
crixivan,8
croak,5
croaker,7
croaking,8
croaky,6
croat,5
croatia,7
croatian,8
crocethia,9
crochet,7
crocheting,10
crock,5
crocked,7
crockery,8
crocket,7
crocketed,9
crockett,8
crocodile,9
crocodilia,10
crocodilian,11
crocodilus,10
crocodylia,10
crocodylidae,12
crocodylus,10
crocolite,9
crocus,6
crocuta,7
croesus,7
croft,5
crofter,7
crohn,5
croissant,9
cromlech,8
cromorne,8
cromwell,8
cromwellian,11
cronartium,10
crone,5
cronk,5
cronus,6
crony,5
cronyism,8
cronyn,6
crook,5
crookback,9
crookbacked,11
crooked,7
crookedly,9
crookedness,11
crookes,7
crookneck,9
croon,5
crooner,7
crooning,8
crop,4
cropped,7
cropper,7
croquet,7
croquette,9
crore,5
crosby,6
crosier,7
cross,5
crossbar,8
crossbeam,9
crossbench,10
crossbencher,12
crossbill,9
crossbones,10
crossbow,8
crossbred,9
crossbreed,10
crossbreeding,13
crosscheck,10
crosscurrent,12
crosscut,8
crosse,6
crossed,7
crossfire,9
crosshairs,10
crosshatch,10
crosshatched,12
crosshead,9
crossheading,12
crossing,8
crossjack,9
crossly,7
crossness,9
crossopterygian,15
crossopterygii,14
crossover,9
crosspatch,10
crosspiece,10
crossroad,9
crossroads,10
crossruff,9
crosstalk,9
crosstie,8
crosstown,9
crosswalk,9
crossway,8
crossways,9
crosswind,9
crosswise,9
crossword,9
crotal,6
crotalaria,10
crotalidae,10
crotalus,8
crotaphion,10
crotaphytus,11
crotch,6
crotchet,8
crotchetiness,13
crotchety,9
croton,6
crotonbug,9
crotophaga,10
crottal,7
crottle,7
crouch,6
croup,5
croupe,6
croupier,8
croupy,6
crouse,6
crouton,7
crow,4
crowbait,8
crowbar,7
crowberry,9
crowd,5
crowded,7
crowding,8
crowfoot,8
crowing,7
crown,5
crownbeard,10
crowned,7
crowning,8
crownless,9
crownwork,9
crozier,7
crucial,7
cruciality,10
crucially,9
cruciate,8
crucible,8
crucifer,8
cruciferae,10
cruciferous,11
crucifix,8
crucifixion,11
cruciform,9
crucify,7
crud,4
cruddy,6
crude,5
crudely,7
crudeness,9
crudites,8
crudity,7
cruel,5
cruelly,7
cruelness,9
cruelty,7
cruet,5
cruise,6
cruiser,7
cruiserweight,13
cruller,7
crumb,5
crumble,7
crumbliness,11
crumbly,7
crumhorn,8
crummy,6
crump,5
crumpet,7
crumple,7
crumpled,8
crunch,6
crupper,7
crural,6
crus,4
crusade,7
crusader,8
cruse,5
crush,5
crushed,7
crusher,7
crushing,8
crushingly,10
crust,5
crustacea,9
crustacean,10
crustaceous,11
crustal,7
crusted,7
crustlike,9
crustose,8
crusty,6
crutch,6
crux,4
cryaesthesia,12
crybaby,7
cryesthesia,11
crying,6
cryoanaesthesia,15
cryoanesthesia,14
cryobiology,11
cryocautery,11
cryogen,7
cryogenic,9
cryogenics,10
cryogeny,8
cryolite,8
cryometer,9
cryonic,7
cryonics,8
cryopathy,9
cryophobia,10
cryoscope,9
cryostat,8
cryosurgery,11
crypt,5
cryptacanthodes,15
cryptanalysis,13
cryptanalyst,12
cryptanalytic,13
cryptanalytics,14
cryptic,7
cryptical,9
cryptically,11
cryptobiosis,12
cryptobiotic,12
cryptobranchus,14
cryptocercidae,14
cryptocercus,12
cryptococcosis,14
cryptocoryne,12
cryptogam,9
cryptogamia,11
cryptogamic,11
cryptogamous,12
cryptogram,10
cryptogramma,12
cryptograph,11
cryptographer,13
cryptographic,13
cryptographical,15
cryptography,12
cryptologic,11
cryptological,13
cryptologist,12
cryptology,10
cryptomeria,11
cryptomonad,11
cryptophyceae,13
cryptophyta,11
cryptophyte,11
cryptoprocta,12
cryptorchidism,14
cryptorchidy,12
cryptorchism,12
cryptotermes,12
cryptotis,9
crystal,7
crystalise,10
crystalised,11
crystalize,10
crystalized,11
crystalline,11
crystallisation,15
crystallise,11
crystallised,12
crystallite,11
crystallization,15
crystallize,11
crystallized,12
crystallizing,13
crystallography,15
csis,4
ctene,5
ctenidium,9
ctenizidae,10
ctenocephalides,15
ctenocephalus,13
ctenoid,7
ctenophora,10
ctenophore,10
cuba,4
cuban,5
cubby,5
cubbyhole,9
cube,4
cubeb,5
cubelike,8
cubic,5
cubical,7
cubicity,8
cubicle,7
cubiform,8
cubism,6
cubist,6
cubistic,8
cubit,5
cubital,7
cubitiere,9
cubitus,7
cuboid,6
cuboidal,8
cuckold,7
cuckoldom,9
cuckoldry,9
cuckoo,6
cuckooflower,12
cuckoopint,10
cuculidae,9
cuculiformes,12
cuculus,7
cucumber,8
cucumis,7
cucurbit,8
cucurbita,9
cucurbitaceae,13
cucurbitaceous,14
cudbear,7
cuddle,6
cuddlesome,10
cuddling,8
cuddly,6
cuddy,5
cudgel,6
cudweed,7
cuff,4
cufflink,8
cuirass,7
cuirassier,10
cuisine,7
cuisse,6
cuke,4
culbertson,10
culcita,7
culdoscope,10
culdoscopy,10
culebra,7
culex,5
culiacan,8
culicidae,9
culinary,8
cull,4
cullender,9
cullis,6
culm,4
culminate,9
culmination,11
culotte,7
culpability,11
culpable,8
culpableness,12
culpably,8
culprit,7
cult,4
cultism,7
cultist,7
cultivable,10
cultivar,8
cultivatable,12
cultivate,9
cultivated,10
cultivation,11
cultivator,10
cultural,8
culturally,10
culturati,9
culture,7
cultured,8
cultus,6
culverin,8
culvert,7
cumana,6
cumarone,8
cumber,6
cumberland,10
cumbersome,10
cumbersomeness,14
cumbria,7
cumbrous,8
cumfrey,7
cumin,5
cuminum,7
cummerbund,10
cummings,8
cumquat,7
cumulate,8
cumulation,10
cumulative,10
cumulatively,12
cumuliform,10
cumulonimbus,12
cumulous,8
cumulus,7
cunaxa,6
cunctation,10
cunctator,9
cuneal,6
cuneate,7
cuneiform,9
cuneus,6
cuniculus,9
cunner,6
cunnilinctus,12
cunnilingus,11
cunning,7
cunningham,10
cunningly,9
cunoniaceae,11
cunt,4
cuon,4
cupbearer,9
cupboard,8
cupcake,7
cupel,5
cupflower,9
cupful,6
cupid,5
cupidity,8
cuplike,7
cupola,6
cuppa,5
cupper,6
cupping,7
cupressaceae,12
cupressus,9
cupric,6
cuprimine,9
cuprite,7
cupronickel,11
cuprous,7
cupular,7
cupulate,8
cupule,6
cuquenan,8
curability,10
curable,7
curableness,11
curacao,7
curacoa,7
curacy,6
curandera,9
curandero,9
curare,6
curassow,8
curate,6
curative,8
curator,7
curatorial,10
curatorship,11
curb,4
curbing,7
curbside,8
curbstone,9
curculionidae,13
curcuma,7
curd,4
curdle,6
curdled,7
curdling,8
cure,4
cured,5
curet,5
curettage,9
curette,7
curettement,11
curfew,6
curia,5
curie,5
curietherapy,12
curing,6
curio,5
curiosa,7
curiosity,9
curious,7
curiously,9
curiousness,11
curitiba,8
curium,6
curl,4
curled,6
curler,6
curlew,6
curlicue,8
curliness,9
curling,7
curly,5
curmudgeon,10
curmudgeonly,12
currajong,9
currant,7
currawong,9
currency,8
current,7
currently,9
currentness,11
curricular,10
curriculum,10
currier,7
currish,7
currishly,9
curry,5
currycomb,9
curse,5
cursed,6
cursedly,8
cursive,7
cursively,9
cursor,6
cursorial,9
cursorily,9
cursorius,9
cursory,7
curst,5
curt,4
curtail,7
curtailment,11
curtain,7
curtained,9
curtainless,11
curtal,6
curtilage,9
curtis,6
curtisia,8
curtiss,7
curtly,6
curtness,8
curtsey,7
curtsy,6
curvaceous,10
curvaceously,12
curvaceousness,14
curvature,9
curve,5
curved,6
curvet,6
curvey,6
curvilineal,11
curvilinear,11
curving,7
curvy,5
cusco,5
cuscus,6
cuscuta,7
cushat,6
cushaw,6
cushing,7
cushion,7
cushioned,9
cushioning,10
cushiony,8
cushitic,8
cushy,5
cusk,4
cusp,4
cuspate,7
cuspated,8
cusped,6
cuspid,6
cuspidal,8
cuspidate,9
cuspidated,10
cuspidation,11
cuspidor,8
cuss,4
cussed,6
cussedly,8
cussedness,10
custard,7
custer,6
custodial,9
custodian,9
custodianship,13
custody,7
custom,6
customarily,11
customary,9
customer,8
customhouse,11
customise,9
customize,9
customs,7
customshouse,12
cutaneal,8
cutaneous,9
cutaway,7
cutback,7
cutch,5
cute,4
cutely,6
cuteness,8
cuterebra,9
cuterebridae,12
cuticle,7
cuticula,8
cuticular,9
cutin,5
cutinize,8
cutis,5
cutlas,6
cutlass,7
cutlassfish,11
cutler,6
cutlery,7
cutlet,6
cutoff,6
cutout,6
cutpurse,8
cuttable,8
cutter,6
cutthroat,9
cutting,7
cuttingly,9
cuttle,6
cuttlefish,10
cutwork,7
cutworm,7
cuvier,6
cuzco,5
cxlv,4
cxxv,4
cxxx,4
cxxxv,5
cyamopsis,9
cyamus,6
cyan,4
cyanamid,8
cyanamide,9
cyanide,7
cyanite,7
cyanobacteria,13
cyanobacterial,14
cyanocitta,10
cyanocobalamin,14
cyanogen,8
cyanogenetic,12
cyanogenic,10
cyanohydrin,11
cyanophyceae,12
cyanophyta,10
cyanophyte,10
cyanosis,8
cyanuramide,11
cyathea,7
cyatheaceae,11
cybele,6
cyberart,8
cybercafe,9
cybercrime,10
cyberculture,12
cybernate,9
cybernation,11
cybernaut,9
cybernetic,10
cybernetics,11
cyberphobia,11
cyberpunk,9
cybersex,8
cyberspace,10
cyberwar,8
cyborg,6
cycad,5
cycadaceae,10
cycadales,9
cycadofilicales,15
cycadophyta,11
cycadophytina,13
cycadopsida,11
cycas,5
cyclades,8
cyclamen,8
cycle,5
cyclic,6
cyclical,8
cyclicity,9
cycling,7
cycliophora,11
cyclist,7
cyclobenzaprine,15
cyclohexanol,12
cycloid,7
cycloidal,9
cycloloma,9
cyclonal,8
cyclone,7
cyclonic,8
cyclonical,10
cyclooxygenase,14
cyclopaedia,11
cyclopean,9
cyclopedia,10
cyclopes,8
cyclophorus,11
cyclopia,8
cyclopropane,12
cyclops,7
cyclopteridae,13
cyclopterus,11
cyclorama,9
cycloserine,11
cyclosis,8
cyclosorus,10
cyclosporeae,12
cyclostomata,12
cyclostome,10
cyclostyle,10
cyclothymia,11
cyclothymic,11
cyclotron,9
cycnoches,9
cyder,5
cydippea,8
cydippida,9
cydippidea,10
cydonia,7
cygnet,6
cygnus,6
cylinder,8
cylindric,9
cylindrical,11
cylindricality,14
cylindricalness,15
cylix,5
cyma,4
cymatiidae,10
cymatium,8
cymbal,6
cymbalist,9
cymbid,6
cymbidium,9
cyme,4
cymene,6
cymling,7
cymograph,9
cymose,6
cymric,6
cymru,5
cymry,5
cymule,6
cynancum,8
cynara,6
cynewulf,8
cynic,5
cynical,7
cynically,9
cynicism,8
cynipidae,9
cynips,6
cynocephalidae,14
cynocephalus,12
cynodon,7
cynodont,8
cynodontia,10
cynoglossidae,13
cynoglossum,11
cynomys,7
cynophobia,10
cynopterus,10
cynoscephalae,13
cynoscion,9
cynosure,8
cynthia,7
cynwulf,7
cyon,4
cyperaceae,10
cyperus,7
cypher,6
cyphomandra,11
cypraea,7
cypraeidae,10
cypre,5
cypress,7
cyprian,7
cyprinid,8
cyprinidae,10
cypriniformes,13
cyprinodont,11
cyprinodontidae,15
cyprinoid,9
cyprinus,8
cypriot,7
cypriote,8
cypripedia,10
cypripedium,11
cyproheptadine,14
cyprus,6
cyril,5
cyrilla,7
cyrilliaceae,12
cyrillic,8
cyrtomium,9
cyrus,5
cyst,4
cysteine,8
cystic,6
cystine,7
cystitis,8
cystocele,9
cystolith,9
cystoparalysis,14
cystophora,10
cystoplegia,11
cystopteris,11
cytherea,8
cytidine,8
cytisus,7
cytochrome,10
cytogenesis,11
cytogenetic,11
cytogenetical,13
cytogeneticist,14
cytogenetics,12
cytogeny,8
cytokine,8
cytokinesis,11
cytokinetic,11
cytokinin,9
cytol,5
cytologic,9
cytological,11
cytologist,10
cytology,8
cytolysin,9
cytolysis,9
cytolytic,9
cytomegalic,11
cytomegalovirus,15
cytomembrane,12
cytopathogenic,14
cytopenia,9
cytophotometer,14
cytophotometric,15
cytophotometry,14
cytoplasm,9
cytoplasmatic,13
cytoplasmic,11
cytoplasmically,15
cytoplast,9
cytoplastic,11
cytosine,8
cytoskeleton,12
cytosmear,9
cytosol,7
cytostome,9
cytotoxic,9
cytotoxicity,12
cytotoxin,9
czar,4
czarina,7
czarist,7
czaristic,9
czaritza,8
czech,5
czechoslovak,12
czechoslovakia,14
czechoslovakian,15
czerny,6
czestochowa,11
daba,4
dabble,6
dabbled,7
dabbler,7
dabchick,8
daboecia,8
dacca,5
dace,4
dacelo,6
dacha,5
dachau,6
dachshund,9
dachsie,7
dacite,6
dacitic,7
dacninae,8
dacoit,6
dacoity,7
dacron,6
dacrycarpus,11
dacrydium,9
dacrymyces,10
dacrymycetaceae,15
dacryocyst,10
dacryocystitis,14
dacryon,7
dactyl,6
dactylic,8
dactylis,8
dactyloctenium,14
dactylomegaly,13
dactylopiidae,13
dactylopius,11
dactylopteridae,15
dactylopterus,13
dactylorhiza,12
dactyloscopidae,15
dada,4
dadaism,7
daddy,5
dado,4
daedal,6
daedalus,8
daemon,6
daffo,5
daffodil,8
dafla,5
daft,4
daftly,6
daftness,8
dagame,6
dagan,5
dagda,5
dagestani,9
dagga,5
dagger,6
daggerboard,11
dago,4
dagon,5
daguerre,8
daguerreotype,13
dahl,4
dahlia,6
dahna,5
dahomey,7
daikon,6
dail,4
daily,5
daimler,7
daimon,6
daintily,8
daintiness,10
dainty,6
daiquiri,8
dairen,6
dairy,5
dairying,8
dairymaid,9
dairyman,8
dais,4
daishiki,8
daisy,5
daisybush,9
daisylike,9
dakar,5
dakoit,6
dakoity,7
dakota,6
dalasi,6
dalbergia,9
dale,4
dalea,5
dalesman,8
daleth,6
dali,4
dalian,6
dallas,6
dalliance,9
dallier,7
dallisgrass,11
dally,5
dalmane,7
dalmatia,8
dalmatian,9
dalo,4
dalton,6
daltonism,9
dama,4
damage,6
damaged,7
damages,7
damaging,8
damaliscus,10
damar,5
damascene,9
damascus,8
damask,6
dame,4
damgalnunna,11
daminozide,10
damkina,7
dammar,6
damn,4
damnable,8
damnably,8
damnation,9
damnatory,9
damned,6
damning,7
damocles,8
damoiselle,10
damon,5
damosel,7
damourite,9
damozel,7
damp,4
dampen,6
dampener,8
dampening,9
damper,6
dampish,7
damply,6
dampness,8
damsel,6
damselfish,10
damselfly,9
damson,6
dana,4
danaea,6
danaid,6
danaidae,8
danau,5
danaus,6
dance,5
danceable,9
dancer,6
dancing,7
dandelion,9
dander,6
dandified,9
dandify,7
dandily,7
dandle,6
dandruff,8
dandy,5
dandyish,8
dandyism,8
dane,4
danewort,8
dangaleat,9
danger,6
dangerous,9
dangerously,11
dangerousness,13
dangla,6
dangle,6
dangleberry,11
dangling,8
daniel,6
danish,6
dank,4
dankness,8
danmark,7
danseur,7
danseuse,8
dante,5
dantean,7
dantesque,9
danton,6
danu,4
danube,6
danzig,6
daoism,6
daphne,6
daphnia,7
dapper,6
dapperness,10
dapple,6
dappled,7
dapsang,7
dapsone,7
daraf,5
dard,4
dardan,6
dardanelles,11
dardanian,9
dardanus,8
dardic,6
dare,4
daredevil,9
daredevilry,11
daredeviltry,12
darfur,6
dari,4
daricon,7
daring,6
daringly,8
darjeeling,10
dark,4
darken,6
darkened,8
darkening,9
darkey,6
darkie,6
darkish,7
darkling,8
darkly,6
darkness,8
darkroom,8
darky,5
darling,7
darlingtonia,12
darmera,7
darmstadtium,12
darn,4
darned,6
darnel,6
darner,6
darning,7
darpa,5
darrow,6
darsana,7
dart,4
dartboard,9
darter,6
dartmouth,9
darts,5
darvon,6
darwin,6
darwinian,9
darwinism,9
dash,4
dashboard,9
dashed,6
dasheen,7
dashiki,7
dashing,7
dashingly,9
dassie,6
dastard,7
dastardliness,13
dastardly,9
dasyatidae,10
dasyatis,8
dasymeter,9
dasypodidae,11
dasyprocta,10
dasyproctidae,13
dasypus,7
dasyure,7
dasyurid,8
dasyuridae,10
dasyurus,8
data,4
database,8
datable,7
date,4
dateable,8
dated,5
dateless,8
dateline,8
datemark,8
dating,6
dative,6
datril,6
datum,5
datura,6
daub,4
daubentonia,11
daubentoniidae,14
dauber,6
daubing,7
daucus,6
daugavpils,10
daughter,8
daughterly,10
daumier,7
daunt,5
daunted,7
daunting,8
dauntingly,10
dauntless,9
dauntlessly,11
dauntlessness,13
dauphin,7
davallia,8
davalliaceae,12
davenport,9
david,5
daviesia,8
davis,5
davit,5
davy,4
davys,5
dawah,5
dawdle,6
dawdler,7
dawdling,8
dawes,5
dawn,4
dawning,7
dawson,6
dayan,5
daybed,6
daybook,7
dayboy,6
daybreak,8
daycare,7
daydream,8
daydreamer,10
daydreaming,11
dayflower,9
dayfly,6
daygirl,7
daylight,8
daylily,7
daylong,7
daypro,6
days,4
dayspring,9
daystar,7
daytime,7
dayton,6
daze,4
dazed,5
dazedly,7
dazzle,6
dazzled,7
dazzling,8
dazzlingly,10
dbms,4
dccp,4
deaccession,11
deacon,6
deaconess,9
deactivate,10
deactivation,12
dead,4
deadbeat,8
deadbolt,8
deaden,6
deadened,8
deadening,9
deadeye,7
deadhead,8
deadlight,9
deadline,8
deadliness,10
deadlock,8
deadlocked,10
deadly,6
deadness,8
deadpan,7
deadwood,8
deaerate,8
deaf,4
deafen,6
deafened,8
deafening,9
deafness,8
deal,4
dealer,6
dealership,10
dealfish,8
dealignment,11
dealing,7
dealings,8
deaminate,9
deamination,11
deaminization,13
deaminize,9
dean,4
deanery,7
deanship,8
dear,4
dearest,7
dearie,6
dearly,6
dearness,8
dearth,6
deary,5
death,5
deathbed,8
deathblow,9
deathless,9
deathlike,9
deathly,7
deathrate,9
deathtrap,9
deathwatch,10
debacle,7
debar,5
debark,6
debarkation,11
debarment,9
debase,6
debased,7
debasement,10
debaser,7
debasing,8
debatable,9
debate,6
debater,7
debauch,7
debauched,9
debauchee,9
debaucher,9
debauchery,10
debenture,9
debile,6
debilitate,10
debilitated,11
debilitating,12
debilitation,12
debilitative,12
debility,8
debit,5
debitor,7
debonair,8
debonaire,9
debone,6
deboned,7
debonnaire,10
debouch,7
debridement,11
debrief,7
debriefing,10
debris,6
debs,4
debt,4
debtor,6
debug,5
debugger,8
debunk,6
debunking,9
debussy,7
debut,5
debutante,9
decade,6
decadence,9
decadency,9
decadent,8
decadron,8
decaf,5
decaffeinate,12
decagon,7
decagram,8
decahedron,10
decal,5
decalcification,15
decalcify,9
decalcomania,12
decalescence,12
decalescent,11
decaliter,9
decalitre,9
decalogue,9
decameter,9
decametre,9
decamp,6
decampment,10
decant,6
decantation,11
decanter,8
decapitate,10
decapitated,11
decapitation,12
decapod,7
decapoda,8
decapterus,10
decarbonate,11
decarbonise,11
decarbonize,11
decarboxylase,13
decarboxylate,13
decarboxylation,15
decarburise,11
decarburize,11
decasyllabic,12
decasyllable,12
decathlon,9
decatur,7
decay,5
decayable,9
decayed,7
decease,7
deceased,8
decedent,8
deceit,6
deceitful,9
deceitfully,11
deceitfulness,13
deceive,7
deceiver,8
deceivingly,11
decelerate,10
deceleration,12
december,8
decency,7
decennary,9
decennium,9
decent,6
decentalisation,15
decently,8
decentralise,12
decentralised,13
decentralising,14
decentralize,12
decentralized,13
decentralizing,14
deception,9
deceptive,9
deceptively,11
deceptiveness,13
decerebrate,11
decertify,9
dechlorinate,12
decibel,7
decide,6
decided,7
decidedly,9
deciding,8
decidua,7
deciduous,9
decigram,8
decile,6
deciliter,9
decilitre,9
decimal,7
decimalisation,14
decimalise,10
decimalization,14
decimalize,10
decimate,8
decimation,10
decimeter,9
decimetre,9
decipher,8
decipherable,12
decipherably,12
deciphered,10
decipherer,10
decipherment,12
decision,8
decisive,8
decisively,10
decisiveness,12
decius,6
deck,4
decker,6
deckhand,8
deckle,6
deckled,7
declaim,7
declamation,11
declamatory,11
declarable,10
declaration,11
declarative,11
declaratory,11
declare,7
declared,8
declarer,8
declassified,12
declassify,10
declaw,6
declension,10
declination,11
decline,7
declinometer,12
declivitous,11
declivity,9
declomycin,10
declutch,8
deco,4
decoagulant,11
decoct,6
decoction,9
decode,6
decoder,7
decoding,8
decoke,6
decollate,9
decolletage,11
decollete,9
decolonisation,14
decolonise,10
decolonization,14
decolonize,10
decolor,7
decolorise,10
decolorize,10
decolour,8
decolourise,11
decolourize,11
decommission,12
decomposable,12
decompose,9
decomposition,13
decompositional,15
decompound,10
decompress,10
decompressing,13
decompression,13
deconcentrate,13
decongestant,12
deconsecrate,12
deconsecrated,13
deconstruct,11
deconstruction,14
decontaminate,13
decontamination,15
decontrol,9
decor,5
decorate,8
decorated,9
decoration,10
decorative,10
decoratively,12
decorativeness,14
decorator,9
decorous,8
decorously,10
decorousness,12
decorticate,11
decortication,13
decorum,7
decoupage,9
decouple,8
decoy,5
decrease,8
decreased,9
decreasing,10
decree,6
decreed,7
decrement,9
decrepit,8
decrepitate,11
decrepitation,13
decrepitude,11
decrescendo,11
decriminalise,13
decriminalize,13
decry,5
decrypt,7
decryption,10
decubitus,9
decumaria,9
decumary,8
decumbent,9
decurved,8
decussate,9
decussation,11
dedicate,8
dedicated,9
dedication,10
dedifferentiate,15
deduce,6
deducible,9
deduct,6
deductible,10
deduction,9
deductive,9
deed,4
deedbox,7
deeds,5
deem,4
deep,4
deepen,6
deepening,9
deepfreeze,10
deeply,6
deepness,8
deer,4
deerberry,9
deere,5
deerhound,9
deerskin,8
deerstalker,11
deerstalking,12
deface,6
defacement,10
defalcate,9
defalcation,11
defalcator,10
defamation,10
defamatory,10
defame,6
defamer,7
defang,6
defat,5
default,7
defaulter,9
defeasible,10
defeat,6
defeated,8
defeatism,9
defeatist,9
defecate,8
defecation,10
defecator,9
defect,6
defection,9
defective,9
defectively,11
defectiveness,13
defector,8
defeminise,10
defeminize,10
defence,7
defenceless,11
defencelessly,13
defencelessness,15
defend,6
defendable,10
defendant,9
defender,8
defending,9
defenestrate,12
defenestration,14
defense,7
defenseless,11
defenselessly,13
defenselessness,15
defensibility,13
defensible,10
defensive,9
defensively,11
defensiveness,13
defer,5
deference,9
deferent,8
deferential,11
deferentially,13
deferment,9
deferral,8
defervesce,10
defervescence,13
defervescent,12
defiance,8
defiant,7
defiantly,9
defibrillate,12
defibrillation,14
defibrillator,13
defibrinate,11
deficiency,10
deficient,9
deficit,7
defilade,8
defile,6
defiled,7
defilement,10
defiler,7
definable,9
define,6
defined,7
defining,8
definite,8
definitely,10
definiteness,12
definition,10
definitive,10
deflagrate,10
deflagration,12
deflate,7
deflated,8
deflation,9
deflationary,12
deflator,8
deflect,7
deflection,10
deflective,10
deflector,9
deflexion,9
defloration,11
deflower,8
defoe,5
defog,5
defoliant,9
defoliate,9
defoliated,10
defoliation,11
defoliator,10
deforest,8
deforestation,13
deform,6
deformation,11
deformational,13
deformed,8
deformity,9
defraud,7
defrauder,9
defray,6
defrayal,8
defrayment,10
defrock,7
defrost,7
defroster,9
deft,4
deftly,6
deftness,8
defunct,7
defunctness,11
defuse,6
defusing,8
defy,4
degage,6
degas,5
degauss,7
degaussing,10
degeneracy,10
degenerate,10
degeneration,12
degenerative,12
deglaze,7
deglutition,11
deglycerolise,13
deglycerolize,13
degradation,11
degrade,7
degraded,8
degrader,8
degrading,9
degrease,8
degree,6
degressive,10
degust,6
degustation,11
dehisce,7
dehiscence,10
dehiscent,9
dehorn,6
dehumanisation,14
dehumanise,10
dehumanised,11
dehumanization,14
dehumanize,10
dehumanized,11
dehumidify,10
dehydrate,9
dehydrated,10
dehydration,11
dehydrogenate,13
dehydroretinol,14
deice,5
deicer,6
deictic,7
deific,6
deification,11
deify,5
deign,5
deimos,6
deinocheirus,12
deinonychus,11
deionize,8
deipnosophist,13
deism,5
deist,5
deistic,7
deity,5
deixis,6
deject,6
dejected,8
dejectedly,10
dejectedness,12
dejection,9
dejeuner,8
dekagram,8
dekaliter,9
dekalitre,9
dekameter,9
dekametre,9
dekker,6
dekko,5
delacroix,9
delairea,8
delavirdine,11
delaware,8
delawarean,10
delawarian,10
delay,5
delayed,7
delayer,7
delbruck,8
delectability,13
delectable,10
delectation,11
delegacy,8
delegate,8
delegating,10
delegation,10
delete,6
deleterious,11
deletion,8
delf,4
delft,5
delhi,5
deli,4
deliberate,10
deliberately,12
deliberateness,14
deliberation,12
deliberative,12
delibes,7
delible,7
delicacy,8
delicate,8
delicately,10
delicatessen,12
delichon,8
delicious,9
deliciously,11
deliciousness,13
delight,7
delighted,9
delightedly,11
delightful,10
delightfully,12
delilah,7
delimit,7
delimitate,10
delimitation,12
delimited,9
delineate,9
delineated,10
delineation,11
delineative,11
delinquency,11
delinquent,10
deliquesce,10
deliquescent,12
deliquium,9
delirious,9
deliriously,11
delirium,8
delist,6
delius,6
deliver,7
deliverable,11
deliverance,11
deliverer,9
delivery,8
deliveryman,11
dell,4
delocalize,10
delonix,7
delorme,7
delouse,7
delphi,6
delphian,8
delphic,7
delphinapterus,14
delphinidae,11
delphinium,10
delphinus,9
delta,5
deltasone,9
deltoid,7
delude,6
deluge,6
delusion,8
delusional,10
delusive,8
delusively,10
delusory,8
deluxe,6
delve,5
demagnetisation,15
demagnetise,11
demagnetization,15
demagnetize,11
demagog,7
demagogic,9
demagogical,11
demagogue,9
demagoguery,11
demagogy,8
demand,6
demander,8
demanding,9
demandingly,11
demantoid,9
demarcate,9
demarcation,11
demarche,8
demasculinise,13
demasculinize,13
dematerialise,13
dematerialize,13
dematiaceae,11
demavend,8
demean,6
demeaning,9
demeaningly,11
demeanor,8
demeanour,9
demented,8
dementedly,10
dementedness,12
dementia,8
demerara,8
demerit,7
demerol,7
demesne,7
demeter,7
demetrius,9
demiglace,9
demigod,7
demijohn,8
demilitarise,12
demilitarize,12
demille,7
demimondaine,12
demimonde,9
demineralise,12
demineralize,12
demise,6
demisemiquaver,14
demist,6
demister,8
demitasse,9
demiurge,8
demo,4
demob,5
demobilisation,14
demobilise,10
demobilization,14
demobilize,10
democracy,9
democrat,8
democratic,10
democratically,14
democratisation,15
democratise,11
democratization,15
democratize,11
democritus,10
demode,6
demodulate,10
demodulation,12
demodulator,11
demogorgon,10
demographer,11
demographic,11
demographist,12
demography,10
demoiselle,10
demolish,8
demolished,10
demolishing,11
demolition,10
demon,5
demonetisation,14
demonetise,10
demonetization,14
demonetize,10
demoniac,8
demoniacal,10
demoniacally,12
demonic,7
demonisation,12
demonise,8
demonism,8
demonization,12
demonize,8
demonolatry,11
demonstrability,15
demonstrable,12
demonstrably,12
demonstrate,11
demonstrated,12
demonstration,13
demonstrative,13
demonstratively,15
demonstrator,12
demoralisation,14
demoralise,10
demoralised,11
demoralising,12
demoralization,14
demoralize,10
demoralized,11
demoralizing,12
demosthenes,11
demosthenic,11
demote,6
demotic,7
demotion,8
dempsey,7
demulcent,9
demulen,7
demulsify,9
demur,5
demure,6
demurely,8
demureness,10
demurrage,9
demurral,8
demurrer,8
demyelinate,11
demyelination,13
demystify,9
demythologise,13
demythologised,14
demythologize,13
demythologized,14
denali,6
denary,6
denationalise,13
denationalize,13
denaturalise,12
denaturalize,12
denaturant,10
denature,8
denatured,9
denaturised,11
denaturized,11
denazification,14
denazify,8
dendranthema,12
dendraspis,10
dendriform,10
dendrite,8
dendritic,9
dendroaspis,11
dendrobium,10
dendrocalamus,13
dendrocolaptes,14
dendroctonus,12
dendroica,9
dendroid,8
dendroidal,10
dendrolagus,11
dendromecon,11
deneb,5
denebola,8
dengue,6
deniable,8
denial,6
denier,6
denigrate,9
denigrating,11
denigration,11
denigrative,11
denigratory,11
denim,5
denisonia,9
denitrify,9
denizen,7
denmark,7
dennstaedtia,12
denominate,10
denomination,12
denominational,14
denominator,11
denotation,10
denotative,10
denotatum,9
denote,6
denotive,8
denouement,10
denounce,8
denouncement,12
dense,5
densely,7
denseness,9
densification,13
densimeter,10
densitometer,12
densitometry,12
density,7
dent,4
dental,6
dentaria,8
dentate,7
dented,6
denticle,8
denticulate,11
dentifrice,10
dentin,6
dentine,7
dentist,7
dentistry,9
dentition,9
denture,7
denturist,9
denudate,8
denudation,10
denude,6
denuded,7
denumerable,11
denunciation,12
denunciative,12
denunciatory,12
denver,6
deny,4
deodar,6
deodorant,9
deodorise,9
deodorize,9
deodourant,10
deodourise,10
deossification,14
deoxidise,9
deoxidize,9
deoxyadenosine,14
deoxycytidine,13
deoxyephedrine,14
deoxygenate,11
deoxyguanosine,14
deoxyribose,11
deoxythymidine,14
depardieu,9
deparia,7
depart,6
departed,8
departer,8
department,10
departmental,12
departmentally,14
departure,9
depend,6
dependability,13
dependable,10
dependableness,14
dependably,10
dependance,10
dependant,9
dependence,10
dependency,10
dependent,9
depersonalise,13
depersonalize,13
depict,6
depicted,8
depicting,9
depiction,9
depictive,9
depigmentation,14
depilate,8
depilation,10
depilator,9
depilatory,10
depilous,8
deplane,7
depletable,10
deplete,7
depleted,8
depletion,9
deplorable,10
deplorably,10
deplore,7
deploy,6
deployment,10
deplumate,9
deplume,7
depokene,8
depolarisation,14
depolarise,10
depolarization,14
depolarize,10
depone,6
deponent,8
depopulate,10
depopulated,11
depopulation,12
deport,6
deportation,11
deportee,8
deportment,10
depose,6
deposer,7
deposit,7
depositary,10
deposition,10
depositor,9
depository,10
depot,5
depravation,11
deprave,7
depraved,8
depravity,9
deprecate,9
deprecating,11
deprecation,11
deprecative,11
deprecatively,13
deprecatory,11
depreciate,10
depreciating,12
depreciation,12
depreciative,12
depreciator,11
depreciatory,12
depredation,11
depress,7
depressant,10
depressed,9
depressing,10
depressingly,12
depression,10
depressive,10
depressor,9
depressurise,12
depressurize,12
deprivation,11
deprive,7
deprived,8
depth,5
deputation,10
depute,6
deputise,8
deputize,8
deputy,6
deracinate,10
deracination,12
derail,6
derailment,10
derain,6
derange,7
deranged,8
derangement,11
derate,6
derby,5
derecognise,11
derecognize,11
deregulate,10
deregulating,12
deregulation,12
derelict,8
dereliction,11
derequisition,13
derestrict,10
deride,6
derision,8
derisive,8
derisively,10
derisorily,10
derisory,8
derivable,9
derivation,10
derivational,12
derivative,10
derive,6
derived,7
deriving,8
derma,5
dermabrasion,12
dermacentor,11
dermal,6
dermaptera,10
dermatitis,10
dermatobia,10
dermatoglyphic,14
dermatoglyphics,15
dermatologic,12
dermatological,14
dermatologist,13
dermatology,11
dermatome,9
dermatomycosis,14
dermatomyositis,15
dermatophytosis,15
dermatosis,10
dermestidae,11
dermic,6
dermis,6
dermochelyidae,14
dermochelys,11
dermoptera,10
derogate,8
derogation,10
derogative,10
derogatory,10
derrick,7
derrida,7
derriere,8
derringer,9
derris,6
derv,4
dervish,7
desacralize,11
desalinate,10
desalination,12
desalinisation,14
desalinise,10
desalinization,14
desalinize,10
desalt,6
descale,7
descant,7
descartes,9
descend,7
descendant,10
descendants,11
descendent,10
descender,9
descending,10
descensus,9
descent,7
describable,11
describe,8
described,9
description,11
descriptive,11
descriptively,13
descriptivism,13
descriptor,10
descry,6
descurainia,11
desecrate,9
desecrated,10
desecration,11
desegrated,10
desegregate,11
desegregation,13
desensitisation,15
desensitise,11
desensitising,13
desensitization,15
desensitize,11
desensitizing,13
desert,6
deserted,8
deserter,8
desertification,15
desertion,9
deserts,7
deserve,7
deserved,8
deservedly,10
deserving,9
deservingness,13
desex,5
desexualise,11
desexualize,11
deshabille,10
desiccant,9
desiccate,9
desiccated,10
desiccation,11
desideratum,11
design,6
designate,9
designation,11
designative,11
designatum,10
designed,8
designedly,10
designer,8
designing,9
desipramine,11
desirability,12
desirable,9
desirableness,13
desire,6
desired,7
desirous,8
desist,6
desk,4
deskbound,9
deskman,7
desktop,7
desmanthus,10
desmid,6
desmidiaceae,12
desmidium,9
desmodium,9
desmodontidae,13
desmodus,8
desmograthus,12
desolate,8
desolately,10
desolation,10
desorb,6
desorption,10
despair,7
despairing,10
despairingly,12
despatch,8
desperado,9
desperate,9
desperately,11
desperation,11
despicability,13
despicable,10
despicableness,14
despicably,10
despisal,8
despise,7
despised,8
despising,9
despite,7
despiteful,10
despitefully,12
despoil,7
despoilation,12
despoiled,9
despoiler,9
despoilment,11
despoina,8
despoliation,12
despond,7
despondence,11
despondency,11
despondent,10
despondently,12
despot,6
despotic,8
despotical,10
despotism,9
desquamate,10
desquamation,12
dessert,7
dessertspoon,12
dessertspoonful,15
dessiatine,10
destabilisation,15
destabilise,11
destabilization,15
destabilize,11
destain,7
destalinisation,15
destalinise,11
destalinization,15
destalinize,11
destination,11
destine,7
destined,8
destiny,7
destitute,9
destitution,11
destress,8
destroy,7
destroyable,11
destroyed,9
destroyer,9
destruct,8
destructibility,15
destructible,12
destruction,11
destructive,11
destructively,13
destructiveness,15
desuetude,9
desulfurize,11
desulphurize,12
desultory,9
desynchronise,13
desynchronize,13
desynchronizing,15
desyrel,7
detach,6
detachable,10
detached,8
detachment,10
detail,6
detailed,8
detailing,9
details,7
detain,6
detainee,8
detainment,10
detect,6
detectable,10
detected,8
detecting,9
detection,9
detective,9
detector,8
detent,6
detente,7
detention,9
deter,5
deterge,7
detergence,10
detergency,10
detergent,9
deteriorate,11
deterioration,13
determent,9
determinable,12
determinant,11
determinate,11
determinateness,15
determination,13
determinative,13
determine,9
determined,10
determinedly,12
determiner,10
determining,11
determinism,11
determinist,11
deterministic,13
deterrence,10
deterrent,9
detersive,9
detest,6
detestable,10
detestably,10
detestation,11
detested,8
dethaw,6
dethrone,8
dethronement,12
detick,6
detonate,8
detonation,10
detonative,10
detonator,9
detour,6
detox,5
detoxicate,10
detoxification,14
detoxify,8
detract,7
detraction,10
detractive,10
detractor,9
detrain,7
detransitivise,14
detransitivize,14
detribalisation,15
detribalise,11
detribalization,15
detribalize,11
detriment,9
detrimental,11
detrimentally,13
detrition,9
detritus,8
detroit,7
detumescence,12
detusk,6
deuce,5
deuced,6
deucedly,8
deuteranopia,12
deuteranopic,12
deuterium,9
deuteromycetes,14
deuteromycota,13
deuteromycotina,15
deuteron,8
deuteronomy,11
deutschland,11
deutschmark,11
deutzia,7
devaluate,9
devaluation,11
devalue,7
devalued,8
devanagari,10
devastate,9
devastating,11
devastation,11
devein,6
develop,7
developed,9
developer,9
developing,10
development,11
developmental,13
developmentally,15
devi,4
deviance,8
deviant,7
deviate,7
deviation,9
deviationism,12
deviationist,12
device,6
devices,7
devil,5
devilfish,9
devilise,8
devilish,8
devilishly,10
devilize,8
devilment,9
devilry,7
deviltry,8
devilwood,9
devious,7
deviously,9
deviousness,11
devisal,7
devise,6
devisee,7
deviser,7
devising,8
devisor,7
devitalisation,14
devitalise,10
devitalization,14
devitalize,10
devitrify,9
devoice,7
devoid,6
devoir,6
devolution,10
devolve,7
devolvement,11
devon,5
devonian,8
devonshire,10
devote,6
devoted,7
devotedly,9
devotedness,11
devotee,7
devotion,8
devotional,10
devour,6
devourer,8
devouring,9
devout,6
devoutly,8
devoutness,10
devries,7
dewar,5
dewberry,8
dewdrop,7
dewey,5
deweyan,7
dewlap,6
dewy,4
dexamethasone,13
dexedrine,9
dexone,6
dexter,6
dexterity,9
dexterous,9
dexterously,11
dextral,7
dextrality,10
dextrin,7
dextrocardia,12
dextroglucose,13
dextrorotary,12
dextrorotation,14
dextrorotatory,14
dextrorsal,10
dextrorse,9
dextrose,8
dextrous,8
dextrously,10
dflp,4
dhahran,7
dhak,4
dhaka,5
dhal,4
dharma,6
dhaulagiri,10
dhava,5
dhawa,5
dhegiha,7
dhodhekanisos,13
dhole,5
dhoti,5
dhow,4
diabatic,8
diabeta,7
diabetes,8
diabetic,8
diabolatry,10
diabolic,8
diabolical,10
diabolically,12
diabolise,9
diabolism,9
diabolist,9
diabolize,9
diacalpa,8
diachronic,10
diachrony,9
diacritic,9
diacritical,11
diadem,6
diadophis,9
diadromous,10
diaeresis,9
diaghilev,9
diaglyph,8
diagnosable,11
diagnose,8
diagnosing,10
diagnosis,9
diagnostic,10
diagnostician,13
diagnostics,11
diagonal,8
diagonalisation,15
diagonalise,11
diagonalizable,14
diagonalization,15
diagonalize,11
diagonally,10
diagram,7
diagrammatic,12
diagrammatical,14
diagramming,11
diakinesis,10
dial,4
dialect,7
dialectal,9
dialectic,9
dialectical,11
dialectically,13
dialectician,12
dialectics,10
dialectology,12
dialeurodes,11
dialog,6
dialogue,8
dialyse,7
dialysis,8
dialyze,7
dialyzer,8
diam,4
diamagnet,9
diamagnetic,11
diamagnetism,12
diamante,8
diamantine,10
diameter,8
diametral,9
diametric,9
diametrical,11
diametrically,13
diamine,7
diamond,7
diamondback,11
diana,5
dianoetic,9
dianthus,8
diapason,8
diapedesis,10
diapensia,9
diapensiaceae,13
diapensiales,12
diaper,6
diaphanous,10
diapheromera,12
diaphone,8
diaphoresis,11
diaphoretic,11
diaphragm,9
diaphyseal,10
diaphysial,10
diaphysis,9
diapir,6
diapsid,7
diapsida,8
diarchy,7
diarist,7
diarrhea,8
diarrheal,9
diarrheic,9
diarrhetic,10
diarrhoea,9
diarrhoeal,10
diarrhoeic,10
diarrhoetic,11
diarthrosis,11
diary,5
dias,4
diaspididae,11
diaspora,8
diastasis,9
diastema,8
diastole,8
diastolic,9
diastrophism,12
diathermy,9
diathesis,9
diatom,6
diatomic,8
diatomite,9
diatomophyceae,14
diatonic,8
diatribe,8
diaz,4
diazepam,8
diazo,5
diazonium,9
diazotize,9
diazoxide,9
dibber,6
dibble,6
dibbuk,6
dibrach,7
dibranch,8
dibranchia,10
dibranchiata,12
dibranchiate,12
dibs,4
dibucaine,9
dicamptodon,11
dicamptodontid,14
dicarboxylic,12
dice,4
dicentra,8
dicer,5
diceros,7
dicey,5
dichloride,10
dichloromethane,15
dichondra,9
dichotomisation,15
dichotomise,11
dichotomization,15
dichotomize,11
dichotomous,11
dichotomously,13
dichotomy,9
dichroism,9
dichromacy,10
dichromasy,10
dichromat,9
dichromate,10
dichromatic,11
dichromatism,12
dichromatopsia,14
dichromia,9
dick,4
dickens,7
dickensian,10
dicker,6
dickey,6
dickeybird,10
dickhead,8
dickie,6
dickinson,9
dicksonia,9
dicksoniaceae,13
dicky,5
dickybird,9
diclinous,9
dicloxacillin,13
dicot,5
dicotyledon,11
dicotyledonae,13
dicotyledones,13
dicotyledonous,14
dicoumarol,10
dicranaceae,11
dicranales,10
dicranopteris,13
dicranum,8
dicrostonyx,11
dictamnus,9
dictaphone,10
dictate,7
dictated,8
dictation,9
dictator,8
dictatorial,11
dictatorially,13
dictatorship,12
diction,7
dictionary,10
dictostylium,12
dictum,6
dictyophera,11
dictyoptera,11
dictyopteran,12
dictyosome,10
dicumarol,9
dicynodont,10
dicynodontia,12
didactic,8
didactical,10
didactically,12
didacticism,11
didactics,9
didanosine,10
didder,6
diddle,6
diddley,7
diddly,6
diddlyshit,10
diddlysquat,11
didelphidae,11
didelphis,9
dideoxycytosine,15
dideoxyinosine,14
diderot,7
didion,6
dido,4
didrikson,9
dieback,7
dieffenbachia,13
diegueno,8
diehard,7
dielectric,10
dielectrolysis,14
diemaker,8
diencephalon,12
dieresis,8
diervilla,9
diesel,6
diesinker,9
diesis,6
diestock,8
diestrous,9
diestrual,9
diestrum,8
diestrus,8
diet,4
dietary,7
dieter,6
dietetic,8
dietetical,10
dietetics,9
dietician,9
dieting,7
dietitian,9
dietrich,8
differ,6
difference,10
different,9
differentia,11
differentiable,14
differential,12
differentially,14
differentiate,13
differentiated,14
differentiation,15
differentiator,14
differently,11
difficult,9
difficultness,13
difficulty,10
diffidence,10
diffident,9
diffidently,11
difflugia,9
diffract,8
diffraction,11
diffuse,7
diffused,8
diffusely,9
diffuseness,11
diffuser,8
diffusing,9
diffusion,9
diffusive,9
diffusor,8
diflunisal,10
digenesis,9
digest,6
digester,8
digestibility,13
digestible,10
digestibleness,14
digestion,9
digestive,9
digger,6
digging,7
diggings,8
dighted,7
digit,5
digital,7
digitalin,9
digitalis,9
digitalisation,14
digitalise,10
digitalization,14
digitalize,10
digitally,9
digitaria,9
digitate,8
digitately,10
digitigrade,11
digitisation,12
digitise,8
digitiser,9
digitization,12
digitize,8
digitizer,9
digitoxin,9
dignified,9
dignify,7
dignifying,10
dignitary,9
dignity,7
digoxin,7
digram,6
digraph,7
digress,7
digression,10
digressive,10
digs,4
dihybrid,8
dijon,5
dika,4
dike,4
dilantin,8
dilapidate,10
dilapidated,11
dilapidation,12
dilatation,10
dilate,6
dilater,7
dilation,8
dilator,7
dilatoriness,12
dilatory,8
dilaudid,8
dildo,5
dilemma,7
dilettante,10
dilettanteish,13
dilettantish,12
diligence,9
diligent,8
diligently,10
dill,4
dillenia,8
dilleniaceae,12
dilleniidae,11
dillydallier,12
dillydally,10
diltiazem,9
diluent,7
dilutant,8
dilute,6
diluted,7
dilution,8
diluvial,8
diluvian,8
dimaggio,8
dimash,6
dime,4
dimenhydrinate,14
dimension,9
dimensional,11
dimensionality,14
dimensioning,12
dimer,5
dimetane,8
dimetapp,8
dimetrodon,10
diminish,8
diminished,10
diminishing,11
diminuendo,10
diminution,10
diminutive,10
diminutiveness,14
dimity,6
dimly,5
dimmed,6
dimmer,6
dimness,7
dimocarpus,10
dimorphic,9
dimorphism,10
dimorphotheca,13
dimorphous,10
dimout,6
dimple,6
dimwit,6
dinar,5
dindymene,9
dine,4
diner,5
dinero,6
dinesen,7
dinette,7
ding,4
dingbat,7
dingdong,8
dinge,5
dinghy,6
dingily,7
dinginess,9
dingle,6
dingo,5
dingy,5
dining,6
dink,4
dinka,5
dinkey,6
dinky,5
dinner,6
dinnertime,10
dinnerware,10
dinoceras,9
dinocerata,10
dinocerate,10
dinoflagellata,14
dinoflagellate,14
dinornis,8
dinornithidae,13
dinosaur,8
dint,4
diocesan,8
diocese,7
diocletian,10
diode,5
diodon,6
diodontidae,11
dioecian,8
dioecious,9
dioestrous,10
dioestrual,10
diogenes,8
diol,4
diomedeidae,11
dionaea,7
dionysia,8
dionysian,9
dionysius,9
dionysus,8
dioon,5
diophantus,10
diopter,7
dioptre,7
dior,4
diorama,7
diorite,7
dioscorea,9
dioscoreaceae,13
diospyros,9
diovan,6
dioxide,7
dioxin,6
diphenhydramine,15
diphtheria,10
diphthong,9
diphthongise,12
diphthongize,12
diphylla,8
dipladenia,10
diplegia,8
diplococcus,11
diplodocus,10
diploid,7
diploidy,8
diploma,7
diplomacy,9
diplomat,8
diplomate,9
diplomatic,10
diplomatical,12
diplomatically,14
diplomatist,11
diplopia,8
diplopoda,9
diplopterygium,14
diplotaxis,10
diplotene,9
dipnoi,6
dipodidae,9
dipodomys,9
dipogon,7
dipolar,7
dipole,6
dipped,6
dipper,6
dippers,7
dipsacaceae,11
dipsacus,8
dipsomania,10
dipsomaniac,11
dipsosaurus,11
dipstick,8
diptera,7
dipteran,8
dipterocarp,11
dipteron,8
dipteronia,10
dipterous,9
dipteryx,8
diptych,7
dipus,5
dipylon,7
dirac,5
dirca,5
dire,4
direct,6
directed,8
directing,9
direction,9
directional,11
directionality,14
directionless,13
directive,9
directiveness,13
directivity,11
directly,8
directness,10
director,8
directorate,11
directorship,12
directory,9
direful,7
direfully,9
dirge,5
dirham,6
dirigible,9
dirk,4
dirndl,6
dirt,4
dirtily,7
dirtiness,9
dirty,5
dirtying,8
disa,4
disability,10
disable,7
disabled,8
disablement,11
disabling,9
disabuse,8
disabused,9
disaccharidase,14
disaccharide,12
disaccord,9
disadvantage,12
disadvantaged,13
disadvantageous,15
disaffect,9
disaffected,11
disaffection,12
disaffirmation,14
disafforest,11
disagree,8
disagreeable,12
disagreeably,12
disagreement,12
disallow,8
disambiguate,12
disambiguation,14
disambiguator,13
disappear,9
disappearance,13
disappearing,12
disappoint,10
disappointed,12
disappointedly,14
disappointing,13
disappointingly,15
disappointment,14
disapprobation,14
disapproval,11
disapprove,10
disapproving,12
disapprovingly,14
disarm,6
disarmament,11
disarmer,8
disarming,9
disarrange,10
disarranged,11
disarrangement,14
disarray,8
disarrayed,10
disarticulate,13
disassemble,11
disassembly,11
disassociate,12
disassociation,14
disaster,8
disastrous,10
disastrously,12
disavow,7
disavowable,11
disavowal,9
disband,7
disbandment,11
disbar,6
disbarment,10
disbelief,9
disbelieve,10
disbeliever,11
disbelieving,12
disbelievingly,14
disbud,6
disburden,9
disbursal,9
disburse,8
disbursement,12
disburser,9
disc,4
discalceate,11
discalced,9
discant,7
discard,7
discarded,9
discase,7
disceptation,12
discern,7
discernability,14
discernable,11
discernible,11
discerning,10
discernment,11
discerp,7
discharge,9
discharged,10
disciform,9
discina,7
disciple,8
discipleship,12
disciplinal,11
disciplinarian,14
disciplinary,12
discipline,10
disciplined,11
disclaim,8
disclaimer,10
disclike,8
disclose,8
disclosed,9
disclosure,10
disco,5
discocephali,12
discoglossidae,14
discography,11
discoid,7
discoidal,9
discolor,8
discoloration,13
discolorise,11
discolorize,11
discolour,9
discolouration,14
discolourise,12
discombobulate,14
discombobulated,15
discomfit,9
discomfited,11
discomfiture,12
discomfort,10
discommode,10
discompose,10
discomposed,11
discomposure,12
discomycete,11
discomycetes,12
discomycetous,13
disconcert,10
disconcerted,12
disconcerting,13
disconcertingly,15
disconcertion,13
disconcertment,14
disconfirming,13
disconnect,10
disconnected,12
disconnection,13
disconsolate,12
disconsolately,14
discontent,10
discontented,12
discontentedly,14
discontentment,14
discontinuance,14
discontinuation,15
discontinue,11
discontinued,12
discontinuity,13
discontinuous,13
discord,7
discordance,11
discordant,10
discordantly,12
discorporate,12
discotheque,11
discount,8
discountenance,14
discounter,10
discourage,10
discouraged,11
discouragement,14
discouraging,12
discouragingly,14
discourse,9
discourteous,12
discourteously,14
discourtesy,11
discover,8
discoverable,12
discovered,10
discoverer,10
discovery,9
discredit,9
discreditable,13
discreditably,13
discredited,11
discreet,8
discreetly,10
discreetness,12
discrepancy,11
discrepant,10
discrete,8
discreteness,12
discretion,10
discretional,12
discretionary,13
discriminable,13
discriminate,12
discriminating,14
discrimination,14
discriminative,14
discriminator,13
discriminatory,14
discursive,10
discursively,12
discursiveness,14
discus,6
discuss,7
discussant,10
discussion,10
disdain,7
disdainful,10
disdainfully,12
disdainfulness,14
disease,7
diseased,8
disembark,9
disembarkation,14
disembarkment,13
disembarrass,12
disembodied,11
disembody,9
disembowel,10
disembowelment,14
disembroil,10
disenable,9
disenchant,10
disenchanted,12
disenchanting,13
disenchantment,14
disencumber,11
disenfranchise,14
disenfranchised,15
disengage,9
disengagement,13
disentangle,11
disentangled,12
disentanglement,15
disentangler,12
disequilibrium,14
disestablish,12
disesteem,9
disfavor,8
disfavour,9
disfiguration,13
disfigure,9
disfigured,10
disfigurement,13
disfluency,10
disforest,9
disforestation,14
disfranchise,12
disfranchised,13
disfunction,11
disgorge,8
disgorgement,12
disgrace,8
disgraced,9
disgraceful,11
disgracefully,13
disgracefulness,15
disgruntle,10
disgruntled,11
disgruntlement,14
disguise,8
disguised,9
disgust,7
disgusted,9
disgustedly,11
disgustful,10
disgusting,10
disgustingly,12
disgustingness,14
dish,4
dishabille,10
disharmonious,13
disharmonize,12
disharmony,10
dishcloth,9
dishearten,10
disheartened,12
disheartening,13
disheartenment,14
dished,6
dishevel,8
disheveled,10
dishevelled,11
dishful,7
dishonest,9
dishonestly,11
dishonesty,10
dishonor,8
dishonorable,12
dishonorably,12
dishonored,10
dishonour,9
dishonourable,13
dishonourably,13
dishpan,7
dishrag,7
dishtowel,9
dishware,8
dishwasher,10
dishwashing,11
dishwater,9
dishy,5
disillusion,11
disillusioned,13
disillusioning,14
disillusionment,15
disincarnate,12
disincentive,12
disinclination,14
disincline,10
disinclined,11
disinfect,9
disinfectant,12
disinfection,12
disinfest,9
disinfestation,14
disinflation,12
disinformation,14
disingenuous,12
disingenuously,14
disinherit,10
disinheritance,14
disinherited,12
disintegrable,13
disintegrate,12
disintegration,14
disintegrative,14
disinter,8
disinterest,11
disinterested,13
disinterestedly,15
disinterment,12
disinvest,9
disinvestment,13
disinvolve,10
disjoin,7
disjoined,9
disjoint,8
disjointed,10
disjointedly,12
disjointedness,14
disjunct,8
disjunction,11
disjunctive,11
disjuncture,11
disk,4
diskette,8
disklike,8
dislikable,10
dislike,7
disliked,8
dislocate,9
dislocated,10
dislocation,11
dislodge,8
dislodgement,12
dislodgment,11
dislogistic,11
disloyal,8
disloyally,10
disloyalty,10
dismal,6
dismally,8
dismantle,9
dismantled,10
dismantlement,13
dismantling,11
dismay,6
dismayed,8
dismaying,9
dismember,9
dismemberment,13
dismiss,7
dismissal,9
dismissed,9
dismissible,11
dismission,10
dismissive,10
dismount,8
disney,6
disneyland,10
disobedience,12
disobedient,11
disobediently,13
disobey,7
disoblige,9
disobliging,11
disorder,8
disordered,10
disorderliness,14
disorderly,10
disorganisation,15
disorganise,11
disorganised,12
disorganization,15
disorganize,11
disorganized,12
disorient,9
disorientate,12
disorientation,14
disoriented,11
disorienting,12
disown,6
disowning,9
disownment,10
disparage,9
disparagement,13
disparager,10
disparaging,11
disparagingly,13
disparate,9
disparateness,13
disparity,9
dispassion,10
dispassionate,13
dispassionately,15
dispatch,8
dispatcher,10
dispel,6
dispensability,14
dispensable,11
dispensableness,15
dispensary,10
dispensation,12
dispense,8
dispensed,9
dispenser,9
dispersal,9
disperse,8
dispersed,9
dispersion,10
dispersive,10
dispirit,8
dispirited,10
dispiritedly,12
dispiritedness,14
dispiriting,11
displace,8
displacement,12
display,7
displease,9
displeased,10
displeasing,11
displeasingly,13
displeasure,11
displume,8
disport,7
disposable,10
disposal,8
dispose,7
disposed,8
disposition,11
dispossess,10
dispossessed,12
dispossession,13
dispraise,9
dispread,8
disproof,8
disproportion,13
disproportional,15
disprove,8
disprover,9
disputable,10
disputant,9
disputation,11
disputatious,12
disputatiously,14
disputative,11
dispute,7
disputed,8
disqualified,12
disqualify,10
disqualifying,13
disquiet,8
disquieted,10
disquieting,11
disquietingly,13
disquietude,11
disquisition,12
disraeli,8
disregard,9
disregarded,11
disregarding,12
disregardless,13
disrepair,9
disreputability,15
disreputable,12
disreputably,12
disrepute,9
disrespect,10
disrespectful,13
disrespectfully,15
disrobe,7
disrupt,7
disrupted,9
disruption,10
disruptive,10
disruptively,12
diss,4
dissatisfaction,15
dissatisfactory,15
dissatisfied,12
dissatisfy,10
dissect,7
dissected,9
dissection,10
dissemble,9
dissembler,10
dissembling,11
disseminate,11
dissemination,13
disseminative,13
disseminator,12
dissension,10
dissent,7
dissenter,9
dissentient,11
dissenting,10
dissentious,11
dissertate,10
dissertation,12
disservice,10
dissever,8
dissidence,10
dissident,9
dissilience,11
dissilient,10
dissimilar,10
dissimilarity,13
dissimilate,11
dissimilation,13
dissimilitude,13
dissimulate,11
dissimulation,13
dissimulative,13
dissimulator,12
dissipate,9
dissipated,10
dissipation,11
dissociable,11
dissociate,10
dissociation,12
dissociative,12
dissolubility,13
dissoluble,10
dissolute,9
dissolutely,11
dissoluteness,13
dissolution,11
dissolvable,11
dissolve,8
dissolved,9
dissolvent,10
dissolver,9
dissolving,10
dissonance,10
dissonant,9
dissonate,9
dissuade,8
dissuasion,10
dissuasive,10
dissyllable,11
dissymmetry,11
distaff,7
distal,6
distally,8
distance,8
distant,7
distantly,9
distaste,8
distasteful,11
distastefully,13
distastefulness,15
distemper,9
distend,7
distensible,11
distension,10
distention,10
distich,7
distil,6
distill,7
distillate,10
distillation,12
distiller,9
distillery,10
distillment,11
distinct,8
distinction,11
distinctive,11
distinctively,13
distinctiveness,15
distinctly,10
distinctness,12
distinguish,11
distinguishable,15
distinguished,13
distomatosis,12
distort,7
distortable,11
distorted,9
distortion,10
distortionist,13
distract,8
distracted,10
distractedly,12
distraction,11
distrain,8
distraint,9
distrait,8
distraught,10
distress,8
distressed,10
distressful,11
distressfully,13
distressfulness,15
distressing,11
distressingly,13
distressingness,15
distributary,12
distribute,10
distributed,11
distributer,11
distribution,12
distributional,14
distributive,12
distributively,14
distributor,11
district,8
distrust,8
distrustful,11
distrustfully,13
distrustfulness,15
disturb,7
disturbance,11
disturbed,9
disturber,9
disturbing,10
disturbingly,12
disulfiram,10
disunify,8
disunion,8
disunite,8
disunited,9
disunity,8
disuse,6
disused,7
disyllabic,10
disyllable,10
dita,4
ditch,5
ditchmoss,9
dither,6
dithering,9
dithyramb,9
dithyrambic,11
dittany,7
ditto,5
ditty,5
diuresis,8
diuretic,8
diuril,6
diurnal,7
diva,4
divagate,8
divagation,10
divalent,8
divan,5
divaricate,10
divarication,12
dive,4
diver,5
diverge,7
divergence,10
divergency,10
divergent,9
diverging,9
divers,6
diverse,7
diversely,9
diverseness,11
diversification,15
diversified,11
diversify,9
diversion,9
diversionary,12
diversionist,12
diversity,9
divert,6
diverted,8
diverticulitis,14
diverticulosis,14
diverticulum,12
divertimento,12
diverting,9
divertingly,11
divest,6
divestiture,11
dividable,9
divide,6
divided,7
dividend,8
divider,7
divination,10
divinatory,10
divine,6
divinely,8
diviner,7
diving,6
divinity,8
divisibility,12
divisible,9
division,8
divisional,10
divisive,8
divisor,7
divorce,7
divorced,8
divorcee,8
divorcement,11
divot,5
divulge,7
divulgement,11
divulgence,10
divvy,5
diwan,5
dixie,5
dixiecrats,10
dixieland,9
dizen,5
dizygotic,9
dizygous,8
dizzily,7
dizziness,9
dizzy,5
djakarta,8
djanet,6
djibouti,8
djiboutian,10
djinn,5
djinni,6
djinny,6
dmus,4
dnieper,7
dnipropetrovsk,14
doable,6
dobbin,6
doberman,8
dobra,5
dobrich,7
dobson,6
dobsonfly,9
docent,6
docetism,8
docile,6
docility,8
dock,4
dockage,7
docker,6
docket,6
dockhand,8
docking,7
dockside,8
dockworker,10
dockyard,8
doctor,6
doctoral,8
doctorate,9
doctorfish,10
doctorial,9
doctorow,8
doctorspeak,11
doctrinaire,11
doctrinal,9
doctrinally,11
doctrine,8
docudrama,9
document,8
documental,10
documentary,11
documentation,13
documented,10
dodder,6
dodderer,8
doddering,9
doddery,7
doddle,6
dodecagon,9
dodecahedron,12
dodecanese,10
dodge,5
dodgem,6
dodger,6
dodging,7
dodgson,7
dodgy,5
dodo,4
dodoma,6
dodonaea,8
doei,4
doer,4
doeskin,7
doff,4
dogbane,7
dogcart,7
doge,4
dogfight,8
dogfighter,10
dogfish,7
dogged,6
doggedly,8
doggedness,10
doggerel,8
doggie,6
dogging,7
doggo,5
doggy,5
doghouse,8
dogie,5
dogleg,6
doglike,7
dogma,5
dogmatic,8
dogmatical,10
dogmatically,12
dogmatise,9
dogmatism,9
dogmatist,9
dogmatize,9
dogsbody,8
dogshit,7
dogsled,7
dogtooth,8
dogtrot,7
dogwatch,8
dogwood,7
dogy,4
doha,4
doily,5
doings,6
dojc,4
dolabrate,9
dolabriform,11
dolby,5
dolce,5
doldrums,8
dole,4
doleful,7
dolefully,9
dolefulness,11
dolichocephalic,15
dolichocephaly,14
dolichocranial,14
dolichocranic,13
dolichonyx,10
dolichos,8
dolichotis,10
doliolidae,10
doliolum,8
doll,4
dollar,6
dollarfish,10
dollhouse,9
dollop,6
dolly,5
dolman,6
dolmas,6
dolmen,6
dolobid,7
dolomite,8
dolomitic,9
dolor,5
dolorous,8
dolour,6
dolourous,9
dolphin,7
dolphinfish,11
dolt,4
doltish,7
doltishly,9
domain,6
domatium,8
dombeya,7
dome,4
domed,5
domestic,8
domestically,12
domesticate,11
domesticated,12
domestication,13
domesticise,11
domesticity,11
domesticize,11
domicile,8
domiciliary,11
domiciliate,11
domiciliation,13
dominance,9
dominant,8
dominate,8
dominated,9
dominating,10
domination,10
dominatrix,10
domine,6
dominee,7
domineer,8
domineering,11
domineeringly,13
domineeringness,15
domingo,7
dominic,7
dominica,8
dominical,9
dominican,9
dominick,8
dominicus,9
dominie,7
dominion,8
dominique,9
domino,6
dominoes,8
dominos,7
dominus,7
domitian,8
dona,4
donar,5
donate,6
donatello,9
donation,8
donatism,8
donatist,8
donatus,7
donbas,6
donbass,7
done,4
donee,5
donetsk,7
donetske,8
dong,4
dongle,6
donizetti,9
donjon,6
donkey,6
donkeywork,10
donkin,6
donna,5
donne,5
donnean,7
donnian,7
donnish,7
donor,5
donut,5
doob,4
doodad,6
doodia,6
doodle,6
doodlebug,9
doofus,6
doohickey,9
doojigger,9
doolittle,9
doom,4
doomed,6
doomsday,8
door,4
doorbell,8
doorcase,8
doorframe,9
doorhandle,10
doorjamb,8
doorkeeper,10
doorknob,8
doorknocker,11
doorlock,8
doorman,7
doormat,7
doornail,8
doorplate,9
doorpost,8
doorsill,8
doorstep,8
doorstop,8
doorstopper,11
doorway,7
dooryard,8
dopa,4
dopamine,8
dopastat,8
dope,4
doped,5
dopey,5
doppelganger,12
doppelzentner,13
doppler,7
dopy,4
dorado,6
dorbeetle,9
dorian,6
doric,5
doriden,7
doris,5
dork,4
dorking,7
dorm,4
dormancy,8
dormant,7
dormer,6
dormie,6
dormition,9
dormitory,9
dormouse,8
dormy,5
doronicum,9
dorotheanthus,13
dorsal,6
dorsally,8
dorsiflexion,12
dorsoventral,12
dorsoventrally,14
dorsum,6
dortmund,8
dory,4
dorylinae,9
doryopteris,11
dosage,6
dose,4
dosed,5
dosemeter,9
dosimeter,9
dosimetry,9
doss,4
dossal,6
dossel,6
dosser,6
dosshouse,9
dossier,7
dostoevski,10
dostoevskian,12
dostoevsky,10
dostoyevskian,13
dostoyevsky,11
dotage,6
dotard,6
dote,4
doting,6
dotrel,6
dotted,6
dotterel,8
dottily,7
dottle,6
dotty,5
douala,6
double,6
doubled,7
doubleheader,12
doubler,7
doubles,7
doublespeak,11
doublet,7
doublethink,11
doubleton,9
doubletree,10
doubling,8
doubloon,8
doubly,6
doubt,5
doubter,7
doubtful,8
doubtfully,10
doubtfulness,12
doubting,8
doubtless,9
doubtlessly,11
douche,6
dough,5
doughboy,8
doughnut,8
doughy,6
douglas,7
douglass,8
doula,5
dour,4
doura,5
dourah,6
dourly,6
douroucouli,11
douse,5
dousing,7
dove,4
dovecote,8
dovekie,7
dover,5
dovetail,8
dovish,6
dovishness,10
dovyalis,8
dowager,7
dowdily,7
dowdiness,9
dowding,7
dowdy,5
dowel,5
doweling,8
dower,5
dowered,7
dowerless,9
dowery,6
dowitcher,9
dowland,7
down,4
downbeat,8
downbound,9
downcast,8
downdraft,9
downer,6
downfall,8
downfield,9
downgrade,9
downhearted,11
downheartedness,15
downhill,8
downiness,9
downing,7
downlike,8
download,8
downmarket,10
downplay,8
downpour,8
downright,9
downrightness,13
downriver,9
downscale,9
downshift,9
downside,8
downsize,8
downsizing,10
downslope,9
downspin,8
downstage,9
downstair,9
downstairs,10
downstream,10
downstroke,10
downswing,9
downtick,8
downtime,8
downtown,8
downtrodden,11
downturn,8
downward,8
downwardly,10
downwards,9
downwind,8
downy,5
dowry,5
dowse,5
dowser,6
dowsing,7
doxazosin,9
doxepin,7
doxology,8
doxorubicin,11
doxy,4
doxycycline,11
doyen,5
doyenne,7
doyley,6
doyly,5
doze,4
dozen,5
dozens,6
dozer,5
dozy,4
dphil,5
dprk,4
drab,4
draba,5
drably,6
drabness,8
dracaena,8
dracaenaceae,12
dracenaceae,11
drachm,6
drachma,7
draco,5
dracocephalum,13
draconian,9
dracontium,10
dracula,7
dracunculiasis,14
dracunculidae,13
dracunculus,11
draft,5
draftee,7
drafter,7
drafting,8
draftsman,9
draftsmanship,13
draftsperson,12
drafty,6
drag,4
dragee,6
dragger,7
dragging,8
draggingly,10
draggle,7
draggled,8
dragnet,7
dragoman,8
dragon,6
dragonet,8
dragonfly,9
dragonhead,10
dragoon,7
dragunov,8
drain,5
drainage,8
drainboard,10
drained,7
draining,8
drainpipe,9
drainplug,9
drake,5
dram,4
drama,5
dramamine,9
dramatic,8
dramatically,12
dramatics,9
dramatisation,13
dramatise,9
dramatist,9
dramatization,13
dramatize,9
dramaturgic,11
dramaturgical,13
dramaturgy,10
drambuie,8
drape,5
draped,6
draper,6
drapery,7
drastic,7
drastically,11
draught,7
draughts,8
draughtsman,11
draughty,8
dravidian,9
dravidic,8
draw,4
drawback,8
drawbar,7
drawbridge,10
drawee,6
drawer,6
drawers,7
drawing,7
drawknife,9
drawl,5
drawler,7
drawn,5
drawnwork,9
drawshave,9
drawstring,10
dray,4
drayhorse,9
dread,5
dreaded,7
dreadful,8
dreadfully,10
dreadfulness,12
dreadlock,9
dreadnaught,11
dreadnought,11
dream,5
dreamed,7
dreamer,7
dreamfully,10
dreamily,8
dreaminess,10
dreaming,8
dreamland,9
dreamless,9
dreamlike,9
dreamworld,10
dreamy,6
drear,5
drearily,8
dreariness,10
dreary,6
dreck,5
dredge,6
dredger,7
dreg,4
dregs,5
dreiser,7
dreissena,9
drench,6
drenched,8
drenching,9
drepanididae,12
drepanis,8
dresden,7
dress,5
dressage,8
dressed,7
dresser,7
dressing,8
dressmaker,10
dressmaking,11
dressy,6
drew,4
drey,4
dreyfus,7
drib,4
dribble,7
dribbler,8
dribbling,9
driblet,7
dried,5
drier,5
drift,5
driftage,8
drifter,7
driftfish,9
drifting,8
driftwood,9
drill,5
drilled,7
drilling,8
drily,5
drimys,6
drink,5
drinkable,9
drinker,7
drinking,8
drip,4
dripless,8
drippage,8
drippily,8
drippiness,10
dripping,8
drippings,9
drippy,6
dripstone,9
drive,5
drivel,6
driveller,9
driven,6
driver,6
driveshaft,10
driveway,8
driving,7
drixoral,8
drizzle,7
drizzling,9
drizzly,7
drms,4
drogheda,8
drogue,6
droll,5
drollery,8
dromaeosaur,11
dromaeosauridae,15
dromaius,8
drome,5
dromedary,9
dronabinol,10
drone,5
droning,7
drool,5
drooler,7
droop,5
drooping,8
droopingly,10
droopy,6
drop,4
dropforge,9
dropkick,8
dropkicker,10
droplet,7
dropline,8
dropout,7
dropper,7
dropping,8
droppings,9
dropseed,8
dropsical,9
dropsy,6
drosera,7
droseraceae,11
droshky,7
drosky,6
drosophila,10
drosophilidae,13
drosophyllum,12
dross,5
drought,7
drouth,6
drove,5
drover,6
drown,5
drowse,6
drowsily,8
drowsiness,10
drowsing,8
drowsy,6
drub,4
drubbing,8
drudge,6
drudgery,8
drudging,8
drug,4
drugged,7
drugget,7
drugging,8
druggist,8
drugless,8
drugstore,9
druid,5
druidism,8
drum,4
drumbeat,8
drumbeater,10
drumfire,8
drumfish,8
drumhead,8
drumlin,7
drummer,7
drumming,8
drumstick,9
drunk,5
drunkard,8
drunken,7
drunkenly,9
drunkenness,11
drupaceous,10
drupe,5
drupelet,8
druse,5
drusen,6
druthers,8
druze,5
dryad,5
dryadella,9
dryas,5
dryden,6
drydock,7
dryer,5
drygoods,8
dryly,5
drymarchon,10
drymoglossum,12
drynaria,8
dryness,7
dryopithecine,13
dryopithecus,12
dryopteridaceae,15
dryopteris,10
drypis,6
drywall,7
dscdna,6
dtic,4
duad,4
dual,4
dualism,7
dualist,7
dualistic,9
duality,7
dubai,5
dubbin,6
dubbing,7
dubiety,7
dubious,7
dubiously,9
dubiousness,11
dubitable,9
dublin,6
dubliner,8
dubnium,7
dubonnet,8
dubrovnik,9
dubuque,7
dubya,5
dubyuh,6
ducal,5
ducat,5
duce,4
duchamp,7
duchess,7
duchy,5
duck,4
duckbill,8
duckboard,9
ducking,7
duckling,8
duckpin,7
duckpins,8
duckweed,8
ducky,5
duct,4
ductile,7
ductileness,11
ductility,9
ductless,8
ductule,7
ductulus,8
dude,4
dudeen,6
dudgeon,7
duds,4
duel,4
dueler,6
duelist,7
dueller,7
duellist,8
duenna,6
duet,4
duette,6
duff,4
duffel,6
duffer,6
duffle,6
dufy,4
dugong,6
dugongidae,10
dugout,6
dukas,5
duke,4
dukedom,7
dulcet,6
dulciana,8
dulcify,7
dulcimer,8
dulcinea,8
dulcorate,9
dull,4
dullard,7
dulled,6
dulles,6
dullness,8
dully,5
dulse,5
duluth,6
duly,4
duma,4
dumas,5
dumb,4
dumbass,7
dumbbell,8
dumbfound,9
dumbfounded,11
dumbfounding,12
dumbly,6
dumbness,8
dumbstricken,12
dumbstruck,10
dumbwaiter,10
dumdum,6
dumetella,9
dumfounded,10
dumfounding,11
dummy,5
dump,4
dumpcart,8
dumper,6
dumpiness,9
dumping,7
dumpling,8
dumplings,9
dumps,5
dumpsite,8
dumpster,8
dumpy,5
dumuzi,6
duncan,6
dunce,5
duncical,8
duncish,7
dunderhead,10
dune,4
dung,4
dungaree,8
dungeon,7
dunghill,8
dunk,4
dunkard,7
dunker,6
dunkerque,9
dunkers,7
dunkirk,7
dunlin,6
dunnock,7
duodecimal,10
duodenal,8
duodenum,8
duologue,8
duomo,5
dupe,4
dupery,6
duple,5
duplex,6
duplicability,13
duplicable,10
duplicatable,12
duplicate,9
duplication,11
duplicator,10
duplicidentata,14
duplicitous,11
duplicity,9
dura,4
durability,10
durable,7
durables,8
durabolin,9
dural,5
duralumin,9
duramen,7
durance,7
durango,7
durant,6
durante,7
duration,8
durative,8
durazzo,7
durban,6
durbar,6
durer,5
duress,6
durga,5
durham,6
durian,6
durio,5
durion,6
durkheim,8
durmast,7
durra,5
durrell,7
durres,6
durum,5
dusanbe,7
duse,4
dushanbe,8
dusicyon,8
dusk,4
duskiness,9
dusky,5
dusseldorf,10
dust,4
dustbin,7
dustcart,8
dustcloth,9
duster,6
dustiness,9
dustlike,8
dustman,7
dustmop,7
dustpan,7
dustpanful,10
dustrag,7
dustup,6
dusty,5
dutch,5
dutchman,8
duteous,7
dutiable,8
dutiful,7
dutifully,9
dutifulness,11
duty,4
duvalier,8
duvet,5
dvorak,6
dwarf,5
dwarfish,8
dwarfishness,12
dwarfism,8
dweeb,5
dwell,5
dweller,7
dwelling,8
dwindle,7
dwindling,9
dyad,4
dyadic,6
dyarchy,7
dyaus,5
dybbuk,6
dyed,4
dyeing,6
dyer,4
dyestuff,8
dyeweed,7
dyewood,7
dying,5
dyirbal,7
dyke,4
dylan,5
dynamic,7
dynamical,9
dynamically,11
dynamics,8
dynamise,8
dynamism,8
dynamite,8
dynamiter,9
dynamitist,10
dynamize,8
dynamo,6
dynamometer,11
dynapen,7
dynast,6
dynastic,8
dynasty,7
dyne,4
dysaphia,8
dysarthria,10
dyscalculia,11
dyschezia,9
dyscrasia,9
dysdercus,9
dysentery,9
dysfunction,11
dysfunctional,13
dysgenesis,10
dysgenic,8
dysgenics,9
dysgraphia,10
dyskinesia,10
dyslectic,9
dyslexia,8
dyslexic,8
dyslogia,8
dyslogistic,11
dysmenorrhea,12
dysomia,7
dysosmia,8
dyspepsia,9
dyspeptic,9
dysphagia,9
dysphasia,9
dysphemism,10
dysphemistic,12
dysphonia,9
dysphoria,9
dysphoric,9
dysplasia,9
dysplastic,10
dyspnea,7
dyspneal,8
dyspneic,8
dyspnoea,8
dyspnoeal,9
dyspnoeic,9
dysprosium,10
dyssynergia,11
dysthymia,9
dystopia,8
dystopian,9
dystrophy,9
dysuria,7
dytiscidae,10
dyushambe,9
dziggetai,9
each,4
eacles,6
eadwig,6
eager,5
eagerly,7
eagerness,9
eagle,5
eaglet,6
eagre,5
eames,5
earache,7
eardrop,7
eardrum,7
eared,5
earflap,7
earful,6
earhart,7
earl,4
earlap,6
earldom,7
earless,7
earlier,7
earliest,8
earliness,9
earlobe,7
early,5
earlyish,8
earmark,7
earmuff,7
earn,4
earned,6
earner,6
earnest,7
earnestly,9
earnestness,11
earnings,8
earphone,8
earpiece,8
earplug,7
earreach,8
earring,7
earshot,7
earsplitting,12
earth,5
earthball,9
earthborn,9
earthbound,10
earthen,7
earthenware,11
earthing,8
earthlike,9
earthling,9
earthly,7
earthman,8
earthnut,8
earthquake,10
earthshaking,12
earthstar,9
earthtongue,11
earthwork,9
earthworm,9
earthy,6
earwax,6
earwig,6
ease,4
eased,5
easel,5
easement,8
easily,6
easiness,8
easing,6
east,4
eastbound,9
easter,6
easterly,8
eastern,7
easterner,9
easternmost,11
eastertide,10
eastman,7
eastmost,8
eastside,8
eastward,8
eastwards,9
easy,4
easygoing,9
easygoingness,13
eatable,7
eatage,6
eater,5
eatery,6
eating,6
eats,4
eaves,5
eavesdrop,9
eavesdropper,12
ebbing,6
ebbtide,7
ebenaceae,9
ebenales,8
ebionite,8
ebit,4
ebitda,6
eblis,5
ebola,5
ebon,4
ebonics,7
ebonise,7
ebonite,7
ebonize,7
ebony,5
ebracteate,10
ebro,4
ebullience,10
ebullient,9
ebulliently,11
ebullition,10
eburnation,10
eburophyton,11
ecarte,6
ecballium,9
eccentric,9
eccentrically,13
eccentricity,12
ecchymosis,10
eccles,6
ecclesiastes,12
ecclesiastic,12
ecclesiastical,14
ecclesiasticism,15
ecclesiasticus,14
ecclesiology,12
eccm,4
eccrine,7
eccyesis,8
ecdemic,7
ecdysiast,9
ecdysis,7
ecesis,6
echelon,7
echeneididae,12
echeneis,8
echidna,7
echidnophaga,12
echinacea,9
echinocactus,12
echinocereus,12
echinochloa,11
echinococcosis,14
echinococcus,12
echinoderm,10
echinodermata,13
echinoidea,10
echinops,8
echinus,7
echium,6
echo,4
echocardiogram,14
echocardiograph,15
echogram,8
echography,10
echoic,6
echoing,7
echolalia,9
echoless,8
echolike,8
echolocation,12
echovirus,9
echt,4
eckhart,7
eclair,6
eclampsia,9
eclat,5
eclectic,8
eclecticism,11
eclecticist,11
eclipse,7
eclipsis,8
ecliptic,8
eclogue,7
ecobabble,9
ecologic,8
ecological,10
ecologically,12
ecologist,9
ecology,7
econometric,11
econometrician,14
econometrics,12
econometrist,12
economic,8
economical,10
economically,12
economics,9
economise,9
economiser,10
economist,9
economize,9
economizer,10
economy,7
ecosoc,6
ecosystem,9
ecoterrorism,12
ecotourism,10
ecphonesis,10
ecrevisse,9
ecru,4
ecstasy,7
ecstatic,8
ecstatically,12
ectasia,7
ectasis,7
ectoblast,9
ectoderm,8
ectodermal,10
ectodermic,10
ectomorph,9
ectomorphic,11
ectomorphy,10
ectoparasite,12
ectopia,7
ectopic,7
ectopistes,10
ectoplasm,9
ectoproct,9
ectoprocta,10
ectotherm,9
ectothermic,11
ectozoan,8
ectozoon,8
ectrodactyly,12
ecuador,7
ecuadoran,9
ecuadorian,10
ecumenic,8
ecumenical,10
ecumenicalism,13
ecumenicism,11
ecumenism,9
eczema,6
edacious,8
edacity,7
edam,4
edaphosauridae,14
edaphosaurus,12
edda,4
eddington,9
eddo,4
eddy,4
edecrin,7
edelweiss,9
edema,5
edematous,9
eden,4
edental,7
edentata,8
edentate,8
edentulate,10
edentulous,10
ederle,6
edgar,5
edge,4
edged,5
edgeless,8
edger,5
edgeways,8
edgewise,8
edginess,8
edging,6
edgy,4
edibility,9
edible,6
edibleness,10
edict,5
edification,11
edifice,7
edified,7
edify,5
edifying,8
edinburgh,9
edirne,6
edison,6
edit,4
edited,6
editing,7
edition,7
editor,6
editorial,9
editorialise,12
editorialist,12
editorialize,12
editorially,11
editorship,10
edmonton,8
edmontonia,10
edmontosaurus,13
edronax,7
edta,4
educate,7
educated,8
educatee,8
education,9
educational,11
educationalist,14
educationally,13
educationist,12
educative,9
educator,8
educe,5
edulcorate,10
edutainment,11
edward,6
edwardian,9
edwards,7
edwin,5
edwy,4
eelam,5
eelblenny,9
eelgrass,8
eellike,7
eelpout,7
eelworm,7
eerie,5
eerily,6
eeriness,8
eery,4
efface,6
effaceable,10
effacement,10
effect,6
effected,8
effecter,8
effective,9
effectively,11
effectiveness,13
effectivity,11
effector,8
effects,7
effectual,9
effectuality,12
effectually,11
effectualness,13
effectuate,10
effectuation,12
effeminacy,10
effeminate,10
effeminateness,14
effeminise,10
effeminize,10
effendi,7
efferent,8
effervesce,10
effervescence,13
effervescent,12
effervescing,12
effete,6
efficacious,11
efficaciously,13
efficaciousness,15
efficacy,8
efficiency,10
efficient,9
efficiently,11
effigy,6
effleurage,10
effloresce,10
efflorescence,13
efflorescent,12
effluence,9
effluent,8
effluvium,9
efflux,6
effort,6
effortful,9
effortfulness,13
effortless,10
effortlessly,12
effortlessness,14
effrontery,10
effulgence,10
effulgent,9
effuse,6
effusion,8
effusive,8
effusively,10
effusiveness,12
egalitarian,11
egalitarianism,14
egalite,7
egality,7
egbert,6
egeria,6
egest,5
eggar,5
eggbeater,9
eggcup,6
egger,5
eggfruit,8
egghead,7
eggnog,6
eggplant,8
eggs,4
eggshake,8
eggshell,8
eggwhisk,8
egis,4
eglantine,9
eglevsky,8
egocentric,10
egocentrism,11
egoism,6
egoist,6
egoistic,8
egoistical,10
egomania,8
egomaniac,9
egotism,7
egotist,7
egotistic,9
egotistical,11
egotistically,13
egotrip,7
egregious,9
egress,6
egression,9
egret,5
egretta,7
egtk,4
egypt,5
egyptian,8
egyptologist,12
egyptology,10
ehadhamen,9
ehrenberg,9
ehrlich,7
eibit,5
eichhornia,10
eichmann,8
eider,5
eiderdown,9
eidetic,7
eidos,5
eiffel,6
eigen,5
eigenvalue,10
eight,5
eighteen,8
eighteenth,10
eighter,7
eightfold,9
eighth,6
eighties,8
eightieth,9
eightpence,10
eightpenny,10
eightsome,9
eightvo,7
eighty,6
eijkman,7
eimeria,7
eimeriidae,10
eindhoven,9
einstein,8
einsteinian,11
einsteinium,11
einthoven,9
eira,4
eire,4
eisegesis,9
eisenhower,10
eisenstaedt,11
eisenstein,10
eisteddfod,10
either,6
ejaculate,9
ejaculation,11
ejaculator,10
eject,5
ejection,8
ejector,7
ekman,5
elaborate,9
elaborated,10
elaborately,11
elaborateness,13
elaboration,11
elaeagnaceae,12
elaeagnus,9
elaeis,6
elaeocarpaceae,14
elaeocarpus,11
elagatis,8
elam,4
elamite,7
elamitic,8
elan,4
eland,5
elanoides,9
elanus,6
elaphe,6
elaphure,8
elaphurus,9
elapid,6
elapidae,8
elapse,6
elapsed,7
elasmobranch,12
elasmobranchii,14
elastance,9
elastase,8
elastic,7
elasticised,11
elasticity,10
elasticized,11
elastin,7
elastomer,9
elastoplast,11
elastosis,9
elate,5
elated,6
elater,6
elaterid,8
elateridae,10
elating,7
elation,7
elavil,6
elbe,4
elbow,5
elbowing,8
elder,5
elderberry,10
elderly,7
eldership,9
eldest,6
eldorado,8
eldritch,8
elecampane,10
elect,5
elected,7
election,8
electioneer,11
electioneering,14
elective,8
elector,7
electoral,9
electorate,10
electra,7
electric,8
electrical,10
electrically,12
electrician,11
electricity,11
electrification,15
electrify,9
electrifying,12
electrocautery,14
electrochemical,15
electrocute,11
electrocution,13
electrocutioner,15
electrode,9
electrograph,12
electrologist,13
electrolysis,12
electrolyte,11
electrolytic,12
electromagnet,13
electromagnetic,15
electrometer,12
electromotive,13
electromyogram,14
electromyograph,15
electron,8
electronegative,15
electroneutral,14
electronic,10
electronically,14
electronics,11
electrophoresis,15
electrophoretic,15
electrophoridae,15
electrophorus,13
electroplate,12
electroplater,13
electropositive,15
electroscope,12
electroshock,12
electrosleep,12
electrostatic,13
electrostatics,14
electrosurgery,14
electrotherapy,14
electrum,8
eleemosynary,12
elegance,8
elegant,7
elegantly,9
elegiac,7
elegise,7
elegist,7
elegize,7
elegy,5
element,7
elemental,9
elementarily,12
elementary,10
elements,8
elemi,5
eleocharis,10
eleotridae,10
elephant,8
elephantiasis,13
elephantidae,12
elephantine,11
elephantopus,12
elephas,7
elettaria,9
eleusine,8
elevate,7
elevated,8
elevation,9
elevator,8
eleven,6
eleventh,8
elfin,5
elfish,6
elflike,7
elgar,5
elia,4
elicit,6
elicitation,11
elicited,8
elide,5
eligibility,11
eligible,8
elijah,6
eliminate,9
elimination,11
eliminator,10
elint,5
elinvar,7
eliomys,7
eliot,5
elisa,5
elisabethville,14
elision,7
elite,5
elitism,7
elitist,7
elixir,6
elixophyllin,12
elizabeth,9
elizabethan,11
elkhound,8
elkwood,7
ellas,5
elli,4
ellington,9
ellipse,7
ellipsis,8
ellipsoid,9
ellipsoidal,11
elliptic,8
elliptical,10
ellipticity,11
ellison,7
ellsworth,9
ellul,5
elmont,6
elmwood,7
elocute,7
elocution,9
elocutionary,12
elocutionist,12
elodea,6
elongate,8
elongated,9
elongation,10
elope,5
elopement,9
elopidae,8
elops,5
eloquence,9
eloquent,8
eloquently,10
elsass,6
elsewhere,9
elsholtzia,10
elspar,6
eluate,6
elucidate,9
elucidation,11
elucidative,11
elude,5
eluding,7
elul,4
elusion,7
elusive,7
elusiveness,11
elute,5
elution,7
elver,5
elves,5
elvis,5
elvish,6
elymus,6
elysian,7
elysium,7
elytron,7
emaciate,8
emaciated,9
emaciation,10
email,5
emanate,7
emanation,9
emancipate,10
emancipated,11
emancipation,12
emancipationist,15
emancipative,12
emancipator,11
emarginate,10
emasculate,10
emasculated,11
emasculation,12
embalm,6
embalmer,8
embalmment,10
embank,6
embankment,10
embargo,7
embark,6
embarkation,11
embarkment,10
embarrass,9
embarrassed,11
embarrassing,12
embarrassingly,14
embarrassment,13
embassador,10
embassy,7
embattle,8
embattled,9
embayment,9
embed,5
embedded,8
embellish,9
embellishment,13
ember,5
emberiza,8
emberizidae,11
embezzle,8
embezzled,9
embezzlement,12
embezzler,9
embiodea,8
embioptera,10
embiotocidae,12
embitter,8
embitterment,12
emblazon,8
emblem,6
emblematic,10
emblematical,12
embodied,8
embodiment,10
embody,6
embolden,8
emboldened,10
embolectomy,11
embolic,7
embolism,8
embolus,7
embonpoint,10
emboss,6
embossed,8
embossment,10
embothrium,10
embouchure,10
embower,7
embrace,7
embracement,11
embracing,9
embrangle,9
embrasure,9
embrittle,9
embrocate,9
embrocation,11
embroider,9
embroiderer,11
embroideress,12
embroidery,10
embroil,7
embroiled,9
embroilment,11
embrown,7
embryo,6
embryologic,11
embryologist,12
embryology,10
embryonal,9
embryonic,9
embryotic,9
emcee,5
emda,4
emeer,5
emend,5
emendation,10
emended,7
emerald,7
emerge,6
emergence,9
emergency,9
emergent,8
emerging,8
emeritus,8
emersion,8
emerson,7
emery,5
emeside,7
emesis,6
emetic,6
emetrol,7
emigrant,8
emigrate,8
emigration,10
emigre,6
emigree,7
emile,5
emilia,6
eminence,8
eminent,7
eminently,9
emir,4
emirate,7
emissary,8
emission,8
emit,4
emitter,7
emmanthe,8
emmenagogue,11
emmental,8
emmentaler,10
emmenthal,9
emmenthaler,11
emmer,5
emmet,5
emmetropia,10
emmetropic,10
emmy,4
emollient,9
emolument,9
emote,5
emoticon,8
emotion,7
emotional,9
emotionalism,12
emotionality,12
emotionally,11
emotionless,11
emotionlessness,15
emotive,7
empale,6
empanel,7
empathetic,10
empathetically,14
empathic,8
empathise,9
empathize,9
empathy,7
empedocles,10
empennage,9
emperor,7
empetraceae,11
empetrum,8
emphasis,8
emphasise,9
emphasised,10
emphasize,9
emphasized,10
emphasizing,11
emphatic,8
emphatically,12
emphysema,9
emphysematous,13
empire,6
empiric,7
empirical,9
empirically,11
empiricism,10
empiricist,10
empirin,7
emplace,7
emplacement,11
emplane,7
employ,6
employable,10
employed,8
employee,8
employer,8
employment,10
emporium,8
empower,7
empowered,9
empowerment,11
empress,7
emptiness,9
emptor,6
empty,5
emptying,8
empurple,8
empurpled,9
empyema,7
empyreal,8
empyrean,8
emulate,7
emulation,9
emulator,8
emulous,7
emulously,9
emulsifier,10
emulsify,8
emulsion,8
emydidae,8
enable,6
enabling,8
enact,5
enactment,9
enalapril,9
enallage,8
enamel,6
enamelware,10
enamine,7
enamor,6
enamored,8
enamoredness,12
enamour,7
enanthem,8
enanthema,9
enantiomer,10
enantiomorph,12
enantiomorphism,15
enarthrosis,11
enate,5
enatic,6
enation,7
enbrel,6
encainide,9
encamp,6
encampment,10
encapsulate,11
encapsulation,13
encase,6
encased,7
encasement,10
encaustic,9
enceinte,8
encelia,7
enceliopsis,11
encephalartos,13
encephalitis,12
encephalocele,13
encephalogram,13
encephalography,15
encephalon,10
encephalopathy,14
enchain,7
enchained,9
enchant,7
enchanted,9
enchanter,9
enchanting,10
enchantingly,12
enchantment,11
enchantress,11
enchilada,9
enchiridion,11
enchondroma,11
encipher,8
encircle,8
encircled,9
encirclement,12
encircling,10
enclave,7
enclose,7
enclosed,8
enclosing,9
enclosure,9
enclothe,8
encode,6
encoding,8
encolure,8
encomiastic,11
encomium,8
encompass,9
encompassing,12
encompassment,13
encopresis,10
encore,6
encounter,9
encourage,9
encouraged,10
encouragement,13
encouraging,11
encouragingly,13
encrimson,9
encroach,8
encroacher,10
encroaching,11
encroachment,12
encrust,7
encrustation,12
encrusted,9
encrypt,7
encryption,10
enculturation,13
encumber,8
encumbered,10
encumbrance,11
encyclia,8
encyclical,10
encyclopaedia,13
encyclopaedic,13
encyclopaedism,14
encyclopaedist,14
encyclopedia,12
encyclopedic,12
encyclopedism,13
encyclopedist,13
encysted,8
endaemonism,11
endameba,8
endamoeba,9
endamoebidae,12
endanger,8
endangered,10
endangerment,12
endarterectomy,14
endarteritis,12
endear,6
endearing,9
endearingly,11
endearment,10
endeavor,8
endeavour,9
endecott,8
ended,5
endemic,7
endemical,9
endemism,8
endergonic,10
endermatic,10
endermic,8
endgame,7
endicott,8
ending,6
endive,6
endless,7
endlessly,9
endlessness,11
endoblast,9
endocarditis,12
endocardium,11
endocarp,8
endocentric,11
endocervicitis,14
endocranium,11
endocrinal,10
endocrine,9
endocrinologist,15
endocrinology,13
endoderm,8
endodontia,10
endodontic,10
endodontics,11
endodontist,11
endoergic,9
endogamic,9
endogamous,10
endogamy,8
endogen,7
endogenetic,11
endogenic,9
endogenous,10
endogenously,12
endogeny,8
endolymph,9
endometrial,11
endometriosis,13
endometritis,12
endometrium,11
endomorph,9
endomorphic,11
endomorphy,10
endomycetales,13
endoneurium,11
endonuclease,12
endoparasite,12
endoparasitic,13
endoplasm,9
endoprocta,10
endorphin,9
endorse,7
endorsement,11
endorser,8
endoscope,9
endoscopic,10
endoscopy,9
endoskeleton,12
endosperm,9
endospore,9
endosteum,9
endothelial,11
endothelium,11
endothermal,11
endothermic,11
endotoxin,9
endovenous,10
endow,5
endowed,7
endowment,9
endozoan,8
endozoic,8
endplate,8
endpoint,8
endue,5
endurable,9
endurance,9
endure,6
enduring,8
enduringly,10
enduringness,12
endways,7
endwise,7
enema,5
enemy,5
energetic,9
energetically,13
energid,7
energise,8
energiser,9
energising,10
energize,8
energizer,9
energizing,10
energy,6
enervate,8
enervated,9
enervating,10
enervation,10
enesco,6
enets,5
enfeeble,8
enfeeblement,12
enfeebling,10
enfeoff,7
enfeoffment,11
enfilade,8
enflurane,9
enfold,6
enfolding,9
enforce,7
enforceable,11
enforced,8
enforcement,11
enforcer,8
enfranchise,11
enfranchised,12
enfranchisement,15
engage,6
engaged,7
engagement,10
engaging,8
engagingly,10
engelmannia,11
engels,6
engender,8
engild,6
engine,6
engineer,8
engineering,11
enginery,8
england,7
english,7
englishman,10
englishwoman,12
englut,6
engorge,7
engorged,8
engorgement,11
engraft,7
engram,6
engraulidae,11
engraulis,9
engrave,7
engraved,8
engraver,8
engraving,9
engross,7
engrossed,9
engrossing,10
engrossment,11
engulf,6
enhance,7
enhanced,8
enhancement,11
enhancer,8
enhancive,9
enhydra,7
enid,4
enigma,6
enigmatic,9
enigmatical,11
enigmatically,13
eniwetok,8
enjambement,11
enjambment,10
enjoin,6
enjoining,9
enjoinment,10
enjoy,5
enjoyable,9
enjoyableness,13
enjoyably,9
enjoyer,7
enjoyment,9
enkaid,6
enkephalin,10
enki,4
enkidu,6
enkindle,8
enkindled,9
enlace,6
enlarge,7
enlarged,8
enlargement,11
enlarger,8
enlighten,9
enlightened,11
enlightening,12
enlightenment,13
enlil,5
enlist,6
enlistee,8
enlisting,9
enlistment,10
enliven,7
enlivened,9
enlivener,9
enlivening,10
enmesh,6
enmeshed,8
enmity,6
ennead,6
ennoble,7
ennoblement,11
ennobling,9
ennui,5
enol,4
enolic,6
enologist,9
enology,7
enophile,8
enormity,8
enormous,8
enormously,10
enormousness,12
enosis,6
enough,6
enounce,7
enovid,6
enplane,7
enquire,7
enquirer,8
enquiringly,11
enquiry,7
enrage,6
enraged,7
enragement,10
enrapture,9
enraptured,10
enrich,6
enrichment,10
enrobe,6
enrol,5
enroll,6
enrollee,8
enrollment,10
enrolment,9
ensconce,8
ensemble,8
ensete,6
enshrine,8
enshroud,8
ensiform,8
ensign,6
ensilage,8
ensile,6
ensis,5
ensky,5
enslave,7
enslavement,11
ensnare,7
ensnarl,7
ensorcelled,11
ensuant,7
ensue,5
ensuing,7
ensure,6
entablature,11
entail,6
entailment,10
entandrophragma,15
entangle,8
entangled,9
entanglement,12
entasis,7
entebbe,7
entelea,7
entelechy,9
entellus,8
entente,7
enter,5
enteral,7
enteric,7
enterics,8
entering,8
enteritis,9
enterobacteria,14
enterobiasis,12
enterobius,10
enteroceptor,12
enterokinase,12
enterolith,10
enterolithiasis,15
enterolobium,12
enteron,7
enteropathy,11
enteroptosis,12
enterostenosis,14
enterostomy,11
enterotomy,10
enterotoxemia,13
enterotoxin,11
enterovirus,11
enterprise,10
enterpriser,11
enterprising,12
enterprisingly,14
entertain,9
entertained,11
entertainer,11
entertaining,12
entertainingly,14
entertainment,13
enthalpy,8
enthral,7
enthrall,8
enthralled,10
enthralling,11
enthrallingly,13
enthrallment,12
enthrone,8
enthronement,12
enthronisation,14
enthronization,14
enthuse,7
enthusiasm,10
enthusiast,10
enthusiastic,12
entice,6
enticement,10
enticing,8
entire,6
entirely,8
entireness,10
entirety,8
entitle,7
entitled,8
entitlement,11
entity,6
entlebucher,11
entoblast,9
entoderm,8
entoloma,8
entolomataceae,14
entomb,6
entombment,10
entomion,8
entomologic,11
entomological,13
entomologist,12
entomology,10
entomophilous,13
entomophobia,12
entomophthora,13
entomostraca,12
entoparasite,12
entoproct,9
entoprocta,10
entourage,9
entozoan,8
entozoic,8
entozoon,8
entrails,8
entrain,7
entrance,8
entranced,9
entrancement,12
entranceway,11
entrancing,10
entrant,7
entrap,6
entrapment,10
entreat,7
entreatingly,12
entreaty,8
entrecote,9
entree,6
entremets,9
entrench,8
entrenched,10
entrenchment,12
entrepot,8
entrepreneur,12
entrepreneurial,15
entresol,8
entric,6
entropy,7
entrust,7
entry,5
entryway,8
entsi,5
entsy,5
entwine,7
enucleate,9
enucleation,11
enuki,5
enumerable,10
enumerate,9
enumeration,11
enumerator,10
enunciate,9
enunciation,11
enured,6
enuresis,8
envelop,7
envelope,8
enveloping,10
envelopment,11
envenom,7
enviable,8
enviably,8
envious,7
enviously,9
enviousness,11
environ,7
environment,11
environmental,13
environmentally,15
environs,8
envisage,8
envision,8
envisioned,10
envisioning,11
envoi,5
envoy,5
envy,4
enwrap,6
enwrapped,9
enzootic,8
enzymatic,9
enzyme,6
enzymologist,12
enzymology,10
eocene,6
eohippus,8
eolian,6
eolic,5
eolith,6
eolithic,8
eolotropic,10
eonian,6
eoraptor,8
eosin,5
eosinopenia,11
eosinophil,10
eosinophile,11
eosinophilia,12
eosinophilic,12
epacridaceae,12
epacris,7
epanalepsis,11
epanaphora,10
epanodos,8
epanorthosis,12
eparch,6
eparchial,9
eparchy,7
epaulet,7
epaulette,9
epauliere,9
epee,4
ependyma,8
epenthesis,10
epenthetic,10
epergne,7
epha,4
ephah,5
ephedra,7
ephedraceae,11
ephedrine,9
ephemera,8
ephemeral,9
ephemerality,12
ephemeralness,13
ephemerid,9
ephemerida,10
ephemeridae,11
ephemeris,9
ephemeron,9
ephemeroptera,13
ephemeropteran,14
ephesian,8
ephesians,9
ephestia,8
ephesus,7
ephippidae,10
epic,4
epical,6
epicalyx,8
epicanthus,10
epicardia,9
epicardium,10
epicarp,7
epicarpal,9
epicene,7
epicenter,9
epicentre,9
epicondyle,10
epicondylitis,13
epicranium,10
epictetus,9
epicure,7
epicurean,9
epicureanism,12
epicurism,9
epicurus,8
epicycle,8
epicyclic,9
epicyclical,11
epicycloid,10
epideictic,10
epideictical,12
epidemic,8
epidemiologic,13
epidemiological,15
epidemiologist,14
epidemiology,12
epidendron,10
epidendrum,10
epidermal,9
epidermic,9
epidermis,9
epidiascope,11
epididymis,10
epididymitis,12
epidural,8
epigaea,7
epigastric,10
epigastrium,11
epigenesis,10
epiglottis,10
epiglottitis,12
epigon,6
epigone,7
epigram,7
epigrammatic,12
epigraph,8
epigraphy,9
epikeratophakia,15
epilachna,9
epilate,7
epilation,9
epilator,8
epilepsy,8
epileptic,9
epilithic,9
epilobium,9
epilog,6
epilogue,8
epimedium,9
epimetheus,10
epimorphic,10
epinephelus,11
epinephrin,10
epinephrine,11
epipactis,9
epipaleolithic,14
epiphany,8
epiphenomenon,13
epiphora,8
epiphyllum,10
epiphyseal,10
epiphysial,10
epiphysis,9
epiphyte,8
epiphytic,9
epiphytotic,11
epiplexis,9
epipremnum,10
epirus,6
episcia,7
episcleritis,12
episcopacy,10
episcopal,9
episcopalian,12
episcopalianism,15
episcopate,10
episiotomy,10
episode,7
episodic,8
episodically,12
episome,7
epispadias,10
episperm,8
epistasis,9
epistaxis,9
episteme,8
epistemic,9
epistemological,15
epistemologist,14
epistemology,12
epistle,7
epistolary,10
epistolatory,12
epistrophe,10
epitaph,7
epitaxy,7
epithalamium,12
epithelial,10
epitheliod,10
epithelioma,11
epithelium,10
epithet,7
epitome,7
epitomise,9
epitomize,9
epitope,7
epizoan,7
epizoic,7
epizoon,7
epizootic,9
epoch,5
epochal,7
epona,5
eponym,6
eponymic,8
eponymous,9
eponymy,7
epos,4
epoxy,5
eprom,5
epsilon,7
epstein,7
eptatretus,10
eptesicus,9
equable,7
equably,7
equal,5
equalisation,12
equalise,8
equaliser,9
equalitarian,12
equalitarianism,15
equality,8
equalization,12
equalize,8
equalizer,9
equally,7
equanil,7
equanimity,10
equanimous,10
equatability,12
equate,6
equating,8
equation,8
equator,7
equatorial,10
equerry,7
equestrian,10
equetus,7
equiangular,11
equid,5
equidae,7
equidistant,11
equilateral,11
equilibrate,11
equilibration,13
equilibrise,11
equilibrium,11
equilibrize,11
equine,6
equinoctial,11
equinox,7
equip,5
equipage,8
equipment,9
equipoise,9
equipoised,10
equipotent,10
equipped,8
equipping,9
equiprobable,12
equipt,6
equisetaceae,12
equisetales,11
equisetatae,11
equisetum,9
equitable,9
equitably,9
equitation,10
equity,6
equivalence,11
equivalent,10
equivocal,9
equivocally,11
equivocalness,13
equivocate,10
equivocation,12
equivocator,11
equus,5
eradicable,10
eradicate,9
eradication,11
eradicator,10
eragrostis,10
eranthis,8
erasable,8
erase,5
eraser,6
erasmian,8
erasmus,7
erastianism,11
erasure,7
erato,5
eratosthenes,12
erbium,6
ercilla,7
erebus,6
erect,5
erectile,8
erecting,8
erection,8
erectly,7
erectness,9
eremite,7
eremitic,8
eremitical,10
eremitism,9
ereshkigal,10
ereshkigel,10
erethism,8
erethizon,9
erethizontidae,14
eretmochelys,12
erewhon,7
ergo,4
ergocalciferol,14
ergodic,7
ergodicity,10
ergometer,9
ergonomic,9
ergonomics,10
ergonovine,10
ergosterol,10
ergot,5
ergotamine,10
ergotic,7
ergotism,8
ergotropic,10
ergotropism,11
erianthus,9
erica,5
ericaceae,9
ericales,8
eridanus,8
erie,4
erigeron,8
erignathus,10
erin,4
erinaceidae,11
erinaceus,9
eringo,6
erinyes,7
eriobotrya,10
eriocaulaceae,13
eriocaulon,10
eriodictyon,11
eriogonum,9
eriophorum,10
eriophyllum,11
eriosoma,8
eris,4
eristic,7
eristical,9
erithacus,9
eritrea,7
eritrean,8
erivan,6
erlang,6
erlenmeyer,10
ermine,6
erne,4
ernst,5
erode,5
eroded,6
eroding,7
erodium,7
erogenous,9
erolia,6
eros,4
erose,5
erosion,7
erosive,7
erotic,6
erotica,7
erotically,10
eroticism,9
eroticize,9
erotism,7
errancy,7
errand,6
errant,6
erratic,7
erratically,11
erratum,7
errhine,7
erring,6
erroneous,9
erroneously,11
erroneousness,13
error,5
errorless,9
ersatz,6
erse,4
erst,4
erstwhile,9
eruca,5
eruct,5
eructation,10
erudite,7
eruditely,9
eruditeness,11
erudition,9
erupt,5
eruption,8
eruptive,8
erving,6
erwinia,7
eryngium,8
eryngo,6
erysimum,8
erysipelas,10
erysiphaceae,12
erysiphales,11
erysiphe,8
erythema,8
erythematous,12
erythrina,9
erythrite,9
erythroblast,12
erythrocebus,12
erythrocin,10
erythrocyte,11
erythroderma,12
erythroid,9
erythrolysin,12
erythromycin,12
erythronium,11
erythropoiesis,14
erythropoietic,14
erythropoietin,14
erythroxylaceae,15
erythroxylon,12
erythroxylum,12
esaki,5
esau,4
escadrille,10
escalade,8
escalader,9
escalate,8
escalation,10
escalator,9
escallop,8
escapade,8
escape,6
escaped,7
escapee,7
escapement,10
escapism,8
escapist,8
escapologist,12
escapology,10
escargot,8
escarole,8
escarp,6
escarpment,10
eschalot,8
eschar,6
eschatological,14
eschatologist,13
eschatology,11
eschaton,8
escheat,7
escherichia,11
eschew,6
eschrichtiidae,14
eschrichtius,12
eschscholtzia,13
escolar,7
escort,6
escritoire,10
escrow,6
escudo,6
escutcheon,10
esfahan,7
esidrix,7
eskalith,8
esker,5
eskimo,6
esmolol,7
esocidae,8
esop,4
esophageal,10
esophagitis,11
esophagoscope,13
esophagus,9
esoteric,8
esoterica,9
esotropia,9
esox,4
espadrille,10
espagnole,9
espalier,8
espana,6
esparcet,8
especial,8
especially,10
esperantido,11
esperanto,9
espial,6
espionage,9
esplanade,9
espoo,5
espousal,8
espouse,7
espresso,8
esprit,6
espy,4
esquimau,8
esquire,7
essay,5
essayer,7
essayist,8
esselen,7
essen,5
essence,7
essene,6
essential,9
essentiality,12
essentially,11
essentialness,13
essex,5
essonite,8
establish,9
established,11
establishment,13
estaminet,9
estate,6
estazolam,9
esteem,6
esteemed,8
ester,5
esterify,8
esther,6
esthesia,8
esthesis,8
esthete,7
esthetic,8
esthetical,10
esthetically,12
esthetician,11
esthetics,9
esthonia,8
esthonian,9
estimable,9
estimate,8
estimation,10
estimator,9
estival,7
estivate,8
estivation,10
estonia,7
estonian,8
estoppel,8
estradiol,9
estragon,8
estrange,8
estranged,9
estrangement,12
estranging,10
estrilda,8
estriol,7
estrogen,8
estrogenic,10
estrone,7
estronol,8
estrous,7
estrus,6
estuarial,9
estuarine,9
estuary,7
esurience,9
esurient,8
etagere,7
etamin,6
etamine,7
etanercept,10
etcetera,8
etch,4
etched,6
etcher,6
etching,7
eternal,7
eternalise,10
eternalize,10
eternally,9
eternise,8
eternity,8
eternize,8
ethanal,7
ethanamide,10
ethane,6
ethanediol,10
ethanoate,9
ethanol,7
ethchlorvynol,13
ethelbert,9
ethelred,8
ethene,6
ether,5
ethereal,8
etherealize,11
etherialise,11
etherify,8
etherise,8
etherize,8
ethernet,8
ethic,5
ethical,7
ethically,9
ethician,8
ethicism,8
ethicist,8
ethics,6
ethiopia,8
ethiopian,9
ethmoid,7
ethnarch,8
ethnic,6
ethnical,8
ethnically,10
ethnicity,9
ethnocentric,12
ethnocentrism,13
ethnographer,12
ethnographic,12
ethnographical,14
ethnography,11
ethnologic,10
ethnological,12
ethnologist,11
ethnology,9
ethnos,6
ethocaine,9
ethologist,10
ethology,8
ethos,5
ethosuximide,12
ethoxyethane,12
ethrane,7
ethril,6
ethyl,5
ethylene,8
ethyne,6
etiolate,8
etiolated,9
etiolation,10
etiologic,9
etiological,11
etiologist,10
etiology,8
etiquette,9
etna,4
etodolac,8
etonian,7
etropus,7
etruria,7
etruscan,8
etude,5
etui,4
etymological,12
etymologise,11
etymologist,11
etymologize,11
etymologizing,13
etymology,9
etymon,6
euarctos,8
euascomycetes,13
eubacteria,10
eubacteriales,13
eubacterium,11
eubryales,9
eubstance,9
eucalypt,8
eucalyptus,10
eucarya,7
eucaryote,9
eucaryotic,10
eucharist,9
eucharistic,11
euchre,6
eucinostomus,12
euclid,6
euclidean,9
euclidian,9
eudaemon,8
eudaemonia,10
eudaemonic,10
eudaimonia,10
eudemon,7
eudemonic,9
eudemonism,10
euderma,7
eudiometer,10
eudyptes,8
eugene,6
eugenia,7
eugenic,7
eugenics,8
euglena,7
euglenaceae,11
euglenid,8
euglenoid,9
euglenophyceae,14
euglenophyta,12
euglenophyte,12
eukaryote,9
eukaryotic,10
euler,5
eulogise,8
eulogist,8
eulogistic,10
eulogium,8
eulogize,8
eulogy,6
eumeces,7
eumenes,7
eumenides,9
eumetopias,10
eumops,6
eumycetes,9
eumycota,8
eunectes,8
eunuch,6
eunuchoidism,12
euonymus,8
eupatorium,10
euphagus,8
euphausiacea,12
euphemise,9
euphemism,9
euphemistic,11
euphemistically,15
euphemize,9
euphonic,8
euphonical,10
euphonious,10
euphonium,9
euphonous,9
euphony,7
euphorbia,9
euphorbiaceae,13
euphorbium,10
euphoria,8
euphoriant,10
euphoric,8
euphory,7
euphractus,10
euphrates,9
euphrosyne,10
euphuism,8
euplectella,11
eupnea,6
eupneic,7
eupnoea,7
eupnoeic,8
euproctis,9
eurafrican,10
eurasia,7
eurasian,8
eurasiatic,10
eureka,6
eurhythmics,11
eurhythmy,9
euripides,9
euro,4
eurobabble,10
eurocentric,11
eurocentrism,12
eurocurrency,12
eurodollar,10
euronithopod,12
euronithopoda,13
europa,6
europan,7
europe,6
european,8
europeanisation,15
europeanise,11
europeanization,15
europeanize,11
europium,8
europocentric,13
europol,7
eurotiales,10
eurotium,8
euryale,7
euryalida,9
eurydice,8
eurylaimi,9
eurylaimidae,12
eurypterid,10
eurypterida,11
eurythmics,10
eurythmy,8
eusebius,8
eusporangiate,13
eusporangium,12
eustachio,9
eustoma,7
eutamias,8
eutectic,8
euterpe,7
euthanasia,10
euthenics,9
eutheria,8
eutherian,9
euthynnus,9
eutrophic,9
eutrophication,14
evacuant,8
evacuate,8
evacuation,10
evacuee,7
evade,5
evaluate,8
evaluation,10
evaluative,10
evaluator,9
evanesce,8
evanescence,11
evanescent,10
evangel,7
evangelical,11
evangelicalism,14
evangelise,10
evangelism,10
evangelist,10
evangelistic,12
evangelize,10
evans,5
evansville,10
evaporable,10
evaporate,9
evaporated,10
evaporation,11
evaporative,11
evaporite,9
evaporometer,12
evasion,7
evasive,7
evasively,9
evasiveness,11
even,4
evenfall,8
evenhanded,10
evenhandedly,12
evening,7
eveningwear,11
evenk,5
evenki,6
evenly,6
evenness,8
evensong,8
event,5
eventful,8
eventide,8
eventration,11
eventual,8
eventuality,11
eventually,10
eventuate,9
ever,4
everest,7
everglades,10
evergreen,9
everlasting,11
everlastingly,13
everlastingness,15
evermore,8
evernia,7
evers,5
eversion,8
evert,5
everting,8
every,5
everyday,8
everydayness,12
everyman,8
everyplace,10
everywhere,10
evict,5
eviction,8
evidence,8
evidenced,9
evident,7
evidential,10
evidentiary,11
evidently,9
evil,4
evildoer,8
evildoing,9
evilly,6
evilness,8
evince,6
eviscerate,10
evisceration,12
evitable,8
evocation,9
evocative,9
evoke,5
evoked,6
evolution,9
evolutionarily,14
evolutionary,12
evolutionism,12
evolutionist,12
evolve,6
ewenki,6
ewer,4
exabit,6
exabyte,7
exacerbate,10
exacerbating,12
exacerbation,12
exact,5
exacta,6
exacting,8
exaction,8
exactitude,10
exactly,7
exactness,9
exacum,6
exaeretodon,11
exaggerate,10
exaggerated,11
exaggeratedly,13
exaggeration,12
exalt,5
exaltation,10
exalted,7
exalting,8
exam,4
examen,6
examination,11
examine,7
examinee,8
examiner,8
example,7
exanimate,9
exanthem,8
exanthema,9
exarch,6
exarchate,9
exasperate,10
exasperated,11
exasperating,12
exasperatingly,14
exasperation,12
exaugural,9
exbibit,7
exbibyte,8
excalibur,9
excavate,8
excavation,10
excavator,9
exceed,6
exceedance,10
exceeding,9
exceedingly,11
excel,5
excellence,10
excellency,10
excellent,9
excellently,11
excelsior,9
except,6
exception,9
exceptionable,13
exceptional,11
exceptionally,13
excerpt,7
excerption,10
excess,6
excessive,9
excessively,11
excessiveness,13
exchange,8
exchangeability,15
exchangeable,12
exchanged,9
exchanger,9
exchequer,9
excise,6
exciseman,9
excision,8
excitability,12
excitable,9
excitableness,13
excitant,8
excitation,10
excitative,10
excitatory,10
excite,6
excited,7
excitedly,9
excitement,10
exciting,8
excitingly,10
exclaim,7
exclaiming,10
exclamation,11
exclamatory,11
exclude,7
exclusion,9
exclusive,9
exclusively,11
exclusiveness,13
excogitate,10
excogitation,12
excogitative,12
excogitator,11
excommunicate,13
excommunication,15
excoriate,9
excoriation,11
excrement,9
excrescence,11
excrescent,10
excreta,7
excrete,7
excreting,9
excretion,9
excretory,9
excruciate,10
excruciating,12
excruciatingly,14
excruciation,12
exculpate,9
exculpated,10
exculpation,11
exculpatory,11
excursion,9
excursionist,12
excursive,9
excursus,8
excusable,9
excusably,9
excusatory,10
excuse,6
excused,7
excuser,7
exec,4
execrable,9
execrate,8
execration,10
executability,13
executable,10
executant,9
execute,7
executed,8
executing,9
execution,9
executioner,11
executive,9
executor,8
executrix,9
exegesis,8
exegete,7
exegetic,8
exegetical,10
exemplar,8
exemplary,9
exemplification,15
exemplify,9
exemplifying,12
exempt,6
exemption,9
exenterate,10
exenteration,12
exercise,8
exerciser,9
exercising,10
exercycle,9
exergonic,9
exert,5
exertion,8
exfoliate,9
exfoliation,11
exhalation,10
exhale,6
exhaust,7
exhausted,9
exhaustible,11
exhausting,10
exhaustion,10
exhaustive,10
exhaustively,12
exhibit,7
exhibition,10
exhibitioner,12
exhibitionism,13
exhibitionist,13
exhibitionistic,15
exhibitor,9
exhilarate,10
exhilarated,11
exhilarating,12
exhilaration,12
exhort,6
exhortation,11
exhortative,11
exhortatory,11
exhumation,10
exhume,6
exigency,8
exigent,7
exiguity,8
exiguous,8
exile,5
exilic,6
exist,5
existence,9
existent,8
existential,11
existentialism,14
existentialist,14
existing,8
exit,4
exmoor,6
exobiology,10
exocarp,7
exocentric,10
exocet,6
exocoetidae,11
exocrine,8
exocycloida,11
exode,5
exoderm,7
exodontia,9
exodontic,9
exodontics,10
exodontist,10
exodus,6
exoergic,8
exogamic,8
exogamous,9
exogamy,7
exogen,6
exogenic,8
exogenous,9
exomphalos,10
exon,4
exonerate,9
exonerated,10
exoneration,11
exonerative,11
exonuclease,11
exophthalmos,12
exopterygota,12
exorbitance,11
exorbitant,10
exorbitantly,12
exorcise,8
exorciser,9
exorcism,8
exorcist,8
exorcize,8
exordium,8
exoskeleton,11
exosphere,9
exostosis,9
exoteric,8
exotherm,8
exothermal,10
exothermic,10
exotic,6
exoticism,9
exoticness,10
exotism,7
exotoxin,8
exotropia,9
expand,6
expandable,10
expanded,8
expandible,10
expanse,7
expansible,10
expansile,9
expansion,9
expansionism,12
expansionist,12
expansive,9
expansively,11
expansiveness,13
expansivity,11
expat,5
expatiate,9
expatiation,11
expatriate,10
expatriation,12
expect,6
expectable,10
expectancy,10
expectant,9
expectantly,11
expectation,11
expected,8
expectedness,12
expectorant,11
expectorate,11
expectoration,13
expectorator,12
expedience,10
expediency,10
expedient,9
expediently,11
expedite,8
expedition,10
expeditionary,13
expeditious,11
expeditiously,13
expeditiousness,15
expel,5
expelling,9
expend,6
expendable,10
expender,8
expending,9
expenditure,11
expense,7
expensive,9
expensively,11
expensiveness,13
experience,10
experienced,11
experient,9
experiential,12
experiment,10
experimental,12
experimentalism,15
experimentally,14
experimentation,15
experimenter,12
expert,6
expertise,9
expertly,8
expertness,10
expiable,8
expiate,7
expiation,9
expiative,9
expiatory,9
expiration,10
expiratory,10
expire,6
expired,7
expiry,6
explain,7
explainable,11
explanandum,11
explanans,9
explanation,11
explanatory,11
expletive,9
explicable,10
explicandum,11
explicate,9
explication,11
explicit,8
explicitly,10
explicitness,12
explode,7
exploded,8
exploit,7
exploitation,12
exploitative,12
exploitatory,12
exploited,9
exploiter,9
exploitive,10
exploration,11
explorative,11
exploratory,11
explore,7
explorer,8
explosion,9
explosive,9
explosively,11
expo,4
exponent,8
exponential,11
exponentially,13
exponentiation,14
export,6
exportable,10
exportation,11
exporter,8
exporting,9
expose,6
exposed,7
exposit,7
exposition,10
expositive,10
expositor,9
expository,10
expostulate,11
expostulation,13
exposure,8
expound,7
expounder,9
expounding,10
express,7
expressage,10
expressed,9
expressible,11
expression,10
expressionism,13
expressionist,13
expressionistic,15
expressionless,14
expressive,10
expressively,12
expressiveness,14
expressly,9
expressway,10
expropriate,11
expropriation,13
expulsion,9
expunction,10
expunge,7
expunging,9
expurgate,9
expurgated,10
expurgation,11
expurgator,10
exquisite,9
exquisitely,11
exquisiteness,13
exsanguine,10
exsanguinous,12
exsert,6
exsiccate,9
extant,6
extemporaneous,14
extemporarily,13
extemporary,11
extempore,9
extemporisation,15
extemporise,11
extemporization,15
extemporize,11
extend,6
extendable,10
extended,8
extendible,10
extensible,10
extensile,9
extension,9
extensional,11
extensive,9
extensively,11
extensiveness,13
extensor,8
extent,6
extenuate,9
extenuating,11
extenuation,11
exterior,8
exteriorisation,15
exteriorise,11
exteriorization,15
exteriorize,11
exterminable,12
exterminate,11
exterminated,12
extermination,13
exterminator,12
extern,6
external,8
externalisation,15
externalise,11
externality,11
externalization,15
externalize,11
externally,10
exteroception,13
exteroceptive,13
exteroceptor,12
exterritorial,13
extinct,7
extinction,10
extinguish,10
extinguishable,14
extinguished,12
extinguisher,12
extinguishing,13
extirpable,10
extirpate,9
extirpation,11
extol,5
extoller,8
extolment,9
extort,6
extortion,9
extortionate,12
extortionately,14
extortioner,11
extortionist,12
extra,5
extracellular,13
extract,7
extractable,11
extractible,11
extraction,10
extractor,9
extracurricular,15
extradite,9
extradition,11
extrados,8
extradural,10
extragalactic,13
extrajudicial,13
extralegal,10
extralinguistic,15
extramarital,12
extramural,10
extraneous,10
extraneousness,14
extraordinaire,14
extraordinarily,15
extraordinary,13
extrapolate,11
extrapolation,13
extrasensory,12
extrasystole,12
extrasystolic,13
extravagance,12
extravagancy,12
extravagant,11
extravagantly,13
extravaganza,12
extravasate,11
extravasation,13
extraversion,12
extraversive,12
extravert,9
extraverted,11
extravertive,12
extreme,7
extremely,9
extremeness,11
extremism,9
extremist,9
extremity,9
extremum,8
extricable,10
extricate,9
extrication,11
extrinsic,9
extropic,8
extropy,7
extrospective,13
extroversion,12
extroversive,12
extrovert,9
extroverted,11
extrovertish,12
extrovertive,12
extrude,7
extrusion,9
extrusive,9
exuberance,10
exuberant,9
exuberantly,11
exuberate,9
exudate,7
exudation,9
exude,5
exult,5
exultant,8
exultantly,10
exultation,10
exulting,8
exultingly,10
exurbia,7
exuviae,7
exuvial,7
exuviate,8
eyas,4
eyck,4
eyeball,7
eyebath,7
eyebrow,7
eyecup,6
eyed,4
eyedness,8
eyedrop,7
eyeful,6
eyeglass,8
eyeglasses,10
eyehole,7
eyeish,6
eyelash,7
eyeless,7
eyelessness,11
eyelet,6
eyelid,6
eyelike,7
eyeliner,8
eyepatch,8
eyepiece,8
eyes,4
eyeshade,8
eyeshadow,9
eyeshot,7
eyesight,8
eyesore,7
eyespot,7
eyestrain,9
eyetooth,8
eyewash,7
eyewitness,10
eyra,4
eyre,4
eyrie,5
eyrir,5
eyry,4
eysenck,7
ezechiel,8
ezed,4
ezekias,7
ezekiel,7
ezra,4
fabaceae,8
faberge,7
fabian,6
fabiana,7
fabianism,9
fable,5
fabled,6
fabric,6
fabricate,9
fabricated,10
fabrication,11
fabricator,10
fabulist,8
fabulous,8
fabulously,10
facade,6
face,4
faced,5
faceless,8
facelift,8
faceplate,9
facer,5
facet,5
faceted,7
facetious,9
facetiously,11
facetiousness,13
facia,5
facial,6
facially,8
facile,6
facilitate,10
facilitation,12
facilitative,12
facilitator,11
facilitatory,12
facility,8
facing,6
facsimile,9
fact,4
faction,7
factious,8
factitious,10
factoid,7
factor,6
factorial,9
factoring,9
factorisation,13
factorise,9
factorization,13
factorize,9
factory,7
factotum,8
factual,7
factuality,10
factually,9
factualness,11
facula,6
facultative,11
faculty,7
faddily,7
faddish,7
faddishly,9
faddist,7
faddy,5
fade,4
faded,5
fadeout,7
fading,6
fado,4
faecal,6
faecalith,9
faeces,6
faerie,6
faeroes,7
faeroese,8
faery,5
fafnir,6
fagaceae,8
fagales,7
fagged,6
faggot,6
faggoting,9
fagin,5
fagopyrum,9
fagot,5
fagoting,8
fagus,5
fahd,4
fahrenheit,10
faience,7
fail,4
failing,7
faille,6
failure,7
fain,4
faineance,9
faineant,8
faint,5
fainthearted,12
faintly,7
faintness,9
fair,4
fairbanks,9
fairground,10
fairish,7
fairlead,8
fairly,6
fairness,8
fairway,7
fairy,5
fairyland,9
fairytale,9
faisal,6
faisalabad,10
faith,5
faithful,8
faithfully,10
faithfulness,12
faithless,9
faithlessly,11
faithlessness,13
fake,4
fakeer,6
faker,5
fakery,6
fakir,5
falafel,7
falanga,7
falange,7
falangist,9
falcate,7
falcatifolium,13
falchion,8
falciform,9
falco,5
falcon,6
falconer,8
falconidae,10
falconiformes,13
falconine,9
falconry,8
falderol,8
falkner,7
fall,4
falla,5
fallacious,10
fallaciousness,14
fallacy,7
fallal,6
fallback,8
fallboard,9
fallen,6
faller,6
fallibility,11
fallible,8
falling,7
falloff,7
fallopio,8
fallopius,9
fallot,6
fallout,7
fallow,6
falls,5
false,5
falsehood,9
falsely,7
falseness,9
falsetto,8
falsie,6
falsifiable,11
falsification,13
falsifier,9
falsify,7
falsifying,10
falsity,7
falstaff,8
falstaffian,11
falter,6
faltering,9
falteringly,11
fame,4
famed,5
familial,8
familiar,8
familiarisation,15
familiarise,11
familiarised,12
familiarising,13
familiarity,11
familiarization,15
familiarize,11
familiarized,12
familiarizing,13
familiarly,10
family,6
famine,6
famish,6
famished,8
famishment,10
famotidine,10
famous,6
famously,8
famulus,7
fanaloka,8
fanatic,7
fanatical,9
fanatically,11
fanaticism,10
fanatism,8
fancied,7
fancier,7
fanciful,8
fancifully,10
fancify,7
fancy,5
fancywork,9
fandango,8
fandom,6
fanfare,7
fang,4
fanged,6
fanion,6
fanjet,6
fanlight,8
fanlike,7
fanned,6
fanny,5
fantabulous,11
fantail,7
fantan,6
fantasia,8
fantasise,9
fantasist,9
fantasize,9
fantasm,7
fantast,7
fantastic,9
fantastical,11
fantastically,13
fantasy,7
fantods,7
fanweed,7
fanwort,7
faqir,5
faquir,6
farad,5
faraday,7
farandole,9
faraway,7
farawayness,11
farc,4
farce,5
farcical,8
farcically,10
fardel,6
fare,4
farewell,8
farfalle,8
farfetched,10
fargo,5
farina,6
farinaceous,11
farkleberry,11
farm,4
farmer,6
farmerette,10
farmhand,8
farmhouse,9
farming,7
farmington,10
farmland,8
farmplace,9
farmstead,9
farmyard,8
farness,7
faro,4
faroes,6
faroese,7
farrago,7
farragut,8
farrell,7
farrier,7
farrow,6
farrowing,9
farseeing,9
farsi,5
farsighted,10
farsightedness,14
fart,4
farther,7
farthermost,11
farthest,8
farthing,8
farthingale,11
farting,7
fartlek,7
fasces,6
fascia,6
fascicle,8
fasciculation,13
fascicule,9
fasciculus,10
fascinate,9
fascinated,10
fascinating,11
fascinatingly,13
fascination,11
fasciola,8
fascioliasis,12
fasciolidae,11
fasciolopsiasis,15
fasciolopsis,12
fasciolosis,11
fascism,7
fascist,7
fascista,8
fascistic,9
fashion,7
fashionable,11
fashionably,11
fashioned,9
fashioning,10
fashionmonger,13
fast,4
fastball,8
fasten,6
fastened,8
fastener,8
fastening,9
faster,6
fastest,7
fastidious,10
fastidiously,12
fastidiousness,14
fastigiate,10
fasting,7
fastnacht,9
fastness,8
fatah,5
fatal,5
fatalism,8
fatalist,8
fatalistic,10
fatality,8
fatally,7
fatback,7
fate,4
fated,5
fateful,7
fatefully,9
fathead,7
fatheaded,9
father,6
fatherhood,10
fatherland,10
fatherless,10
fatherlike,10
fatherliness,12
fatherly,8
fathom,6
fathomable,10
fathometer,10
fatigability,12
fatigue,7
fatigued,8
fatigues,8
fatiha,6
fatihah,7
fatima,6
fatimah,7
fatism,6
fatless,7
fatness,7
fatso,5
fatten,6
fattened,8
fattening,9
fattiness,9
fattish,7
fattism,7
fatty,5
fatuity,7
fatuous,7
fatuously,9
fatuousness,11
fatwa,5
fatwah,6
faubourg,8
faucal,6
fauces,6
faucet,6
fauld,5
faulkner,8
fault,5
faultfinder,11
faultfinding,12
faultily,8
faultiness,10
faulting,8
faultless,9
faultlessly,11
faultlessness,13
faulty,6
faun,4
fauna,5
fauntleroy,10
faunus,6
faust,5
faustian,8
faustus,7
fauteuil,8
fauve,5
fauvism,7
fauvist,7
faux,4
faveolate,9
favism,6
favor,5
favorable,9
favorableness,13
favorably,9
favored,7
favorite,8
favoritism,10
favour,6
favourable,10
favourableness,14
favourably,10
favourite,9
favouritism,11
favus,5
fawkes,6
fawn,4
fawner,6
fawning,7
fayetteville,12
faze,4
fazed,5
fdic,4
fealty,6
fear,4
fearful,7
fearfully,9
fearfulness,11
fearless,8
fearlessly,10
fearlessness,12
fearsome,8
fearsomely,10
feasibility,11
feasible,8
feasibleness,12
feasibly,8
feast,5
feasting,8
feat,4
feather,7
featherbed,10
featherbedding,14
featherbrained,14
feathered,9
featheredge,11
featheredged,12
featherfoil,11
featheriness,12
feathering,10
featherless,11
featherlike,11
feathertop,10
featherweight,13
feathery,8
feature,7
featured,8
featureless,11
febricity,9
febrifuge,9
febrile,7
febrility,9
february,8
fecal,5
fecalith,8
feces,5
fechner,7
feckless,8
fecklessly,10
fecklessness,12
fecula,6
feculence,9
feculent,8
fecund,6
fecundate,9
fecundation,11
fecundity,9
fedayeen,8
fedelline,9
federal,7
federalisation,14
federalise,10
federalism,10
federalist,10
federalization,14
federalize,10
federally,9
federate,8
federated,9
federation,10
federita,8
fedora,6
feeble,6
feebleminded,12
feebleness,10
feebly,6
feed,4
feedback,8
feedbag,7
feeder,6
feeding,7
feedlot,7
feedstock,9
feel,4
feeler,6
feeling,7
feelingly,9
feelings,8
feetfirst,9
feifer,6
feign,5
feigned,7
feigning,8
feijoa,6
feint,5
feist,5
feisty,6
felafel,7
feldene,7
feldspar,8
felicia,7
felicitate,10
felicitation,12
felicitous,10
felicitously,12
felicitousness,14
felicity,8
felid,5
felidae,7
feline,6
felis,5
fell,4
fella,5
fellah,6
fellata,7
fellate,7
fellatio,8
fellation,9
feller,6
fellini,7
felloe,6
fellow,6
fellowship,10
felly,5
felon,5
felonious,9
felony,6
felspar,7
felt,4
felted,6
felucca,7
felwort,7
fema,4
female,6
femaleness,10
feminine,8
feminineness,12
femininity,10
feminisation,12
feminise,8
feminism,8
feminist,8
feminization,12
feminize,8
femoral,7
femoris,7
femtochemistry,14
femtometer,10
femtometre,10
femtosecond,11
femtovolt,9
femur,5
fence,5
fencelike,9
fencer,6
fencesitter,11
fencing,7
fend,4
fender,6
fenestella,10
fenestra,8
fenestral,9
fenestration,12
fengtien,8
fenland,7
fennel,6
fennic,6
fenoprofen,10
fenrir,6
fentanyl,8
fenugreek,9
fenusa,6
feoff,5
feosol,6
feral,5
ferber,6
ferdinand,9
fergon,6
fergusonite,11
feria,5
ferial,6
ferine,6
fermat,6
fermata,7
ferment,7
fermentable,11
fermentation,12
fermenting,10
fermentologist,14
fermi,5
fermion,7
fermium,7
fern,4
ferned,6
fernless,8
fernlike,8
ferny,5
ferocactus,10
ferocious,9
ferociously,11
ferociousness,13
ferocity,8
ferrara,7
ferret,6
ferric,6
ferricyanide,12
ferrimagnetism,14
ferrite,7
ferritin,8
ferrocerium,11
ferroconcrete,13
ferrocyanide,12
ferromagnetic,13
ferromagnetism,14
ferrous,7
ferrule,7
ferry,5
ferryboat,9
ferrying,8
ferryman,8
fertile,7
fertilisation,13
fertilise,9
fertiliser,10
fertility,9
fertilizable,12
fertilization,13
fertilize,9
fertilizer,10
ferule,6
fervency,8
fervent,7
fervently,9
fervid,6
fervidly,8
fervidness,10
fervor,6
fervour,7
fescue,6
fess,4
fesse,5
festal,6
fester,6
festering,9
festinate,9
festination,11
festival,8
festive,7
festivity,9
festoon,7
festoonery,10
festschrift,11
festuca,7
fetal,5
fetch,5
fetching,8
fete,4
feterita,8
fetich,6
fetichism,9
feticide,8
fetid,5
fetidness,9
fetish,6
fetishism,9
fetishist,9
fetishize,9
fetlock,7
fetology,8
fetometry,9
fetoprotein,11
fetor,5
fetoscope,9
fetoscopy,9
fetter,6
fetterbush,10
fettered,8
fettle,6
fettuccine,10
fettuccini,10
fetus,5
feud,4
feudal,6
feudalism,9
feudalistic,11
feudalize,9
feudally,8
feudatory,9
fever,5
fevered,7
feverfew,8
feverish,8
feverishly,10
feverishness,12
feverous,8
feverroot,9
fewer,5
fewest,6
fewness,7
feynman,7
fhlmc,5
fiance,6
fiancee,7
fiasco,6
fiat,4
fibber,6
fibbing,7
fiber,5
fiberboard,10
fiberglass,10
fiberoptic,10
fiberoptics,11
fiberscope,10
fibre,5
fibreboard,10
fibreglass,10
fibreoptic,10
fibreoptics,11
fibril,6
fibrillate,10
fibrillation,12
fibrillose,10
fibrin,6
fibrinase,9
fibrinogen,10
fibrinolysin,12
fibrinolysis,12
fibrinopeptide,14
fibrinous,9
fibroadenoma,12
fibroblast,10
fibrocalcific,13
fibrocartilage,14
fibroid,7
fibroma,7
fibromyositis,13
fibrosis,8
fibrositis,10
fibrosity,9
fibrous,7
fibrousness,11
fibula,6
fica,4
fice,4
fichu,5
fickle,6
fickleness,10
fictile,7
fiction,7
fictional,9
fictionalise,12
fictionalize,12
fictitious,10
fictitiously,12
fictive,7
ficus,5
fiddle,6
fiddlehead,10
fiddleneck,10
fiddler,7
fiddlestick,11
fiddling,8
fidelity,8
fidget,6
fidgetiness,11
fidgety,7
fiducial,8
fiduciary,9
fiedler,7
fief,4
fiefdom,7
field,5
fielder,7
fieldfare,9
fieldhand,9
fielding,8
fieldmouse,10
fields,6
fieldsman,9
fieldstone,10
fieldwork,9
fieldworker,11
fiend,5
fiendish,8
fiendishly,10
fierce,6
fiercely,8
fierceness,10
fierily,7
fieriness,9
fiery,5
fiesta,6
fife,4
fifo,4
fifteen,7
fifteenth,9
fifth,5
fifthly,7
fifties,7
fiftieth,8
fifty,5
figeater,8
fight,5
fighter,7
fighting,8
figment,7
figural,7
figuration,10
figurative,10
figuratively,12
figure,6
figured,7
figurehead,10
figurer,7
figurine,8
figuring,8
figwort,7
fiji,4
fijian,6
fijis,5
filaggrin,9
filago,6
filagree,8
filament,8
filamentlike,12
filamentous,11
filar,5
filaree,7
filaria,7
filarial,8
filariasis,10
filariid,8
filariidae,10
filature,8
filbert,7
filch,5
file,4
filefish,8
filename,8
filer,5
filet,5
filial,6
filiate,7
filiation,9
filibuster,10
filibusterer,12
filicales,9
filicide,8
filicinae,9
filicopsida,11
filiform,8
filigree,8
filing,6
filipino,8
fill,4
fillagree,9
fille,5
filled,6
filler,6
fillet,6
filling,7
fillip,6
fillmore,8
filly,5
film,4
filmable,8
filmdom,7
filmed,6
filming,7
filmmaker,9
filmy,5
filoviridae,11
filovirus,9
fils,4
filter,6
filth,5
filthily,8
filthiness,10
filthy,6
filtrate,8
filtration,10
filum,5
fimbria,7
fimbriate,9
finable,7
finagle,7
finagler,8
final,5
finale,6
finalisation,12
finalise,8
finalist,8
finality,8
finalization,12
finalize,8
finally,7
finance,7
finances,8
financial,9
financially,11
financier,9
financing,9
finback,7
fincen,6
finch,5
find,4
finder,6
finding,7
findings,8
fine,4
fineable,8
finedraw,8
finely,6
fineness,8
finer,5
finery,6
finespun,8
finesse,7
finger,6
fingerboard,11
fingerbreadth,13
fingered,8
fingerflower,12
fingering,9
fingerless,10
fingerlike,10
fingerling,10
fingermark,10
fingernail,10
fingerpaint,11
fingerpointing,14
fingerpost,10
fingerprint,11
fingerprinting,14
fingerroot,10
fingerspell,11
fingerspelling,14
fingerstall,11
fingertip,9
finial,6
finical,7
finicky,7
finis,5
finish,6
finished,8
finisher,8
finishing,9
finite,6
finitely,8
finiteness,10
finitude,8
fink,4
finland,7
finn,4
finnan,6
finnbogadottir,14
finnic,6
finnish,7
finocchio,9
fiord,5
fipple,6
fire,4
firearm,7
fireball,8
firebase,8
firebird,8
fireboat,8
firebomb,8
firebox,7
firebrand,9
firebrat,8
firebreak,9
firebrick,9
firebug,7
fireclay,8
firecracker,11
fired,5
firedamp,8
firedog,7
firedrake,9
firefighter,11
firefly,7
fireguard,9
firehouse,9
firelight,9
firelighter,11
firelock,8
fireman,7
firenze,7
fireplace,9
fireplug,8
firepower,9
fireproof,9
fireroom,8
fireside,8
firestone,9
firestorm,9
firethorn,9
firetrap,8
firewall,8
firewater,9
fireweed,8
firewood,8
firework,8
firing,6
firkin,6
firm,4
firmament,9
firmamental,11
firmiana,8
firmly,6
firmness,8
firmware,8
first,5
firstborn,9
firsthand,9
firstly,7
firth,5
fisa,4
fisc,4
fiscal,6
fiscally,8
fischer,7
fish,4
fishbone,8
fishbowl,8
fisher,6
fisherman,9
fishery,7
fisheye,7
fishgig,7
fishhook,8
fishily,7
fishing,7
fishmonger,10
fishnet,7
fishpaste,9
fishplate,9
fishpond,8
fishtail,8
fishwife,8
fishworm,8
fishy,5
fissile,7
fission,7
fissionable,11
fissiparity,11
fissiparous,11
fissiped,8
fissipedia,10
fissure,7
fissurella,10
fissurellidae,13
fist,4
fistfight,9
fistful,7
fisticuffs,10
fistmele,8
fistula,7
fistular,8
fistularia,10
fistulariidae,13
fistulate,9
fistulina,9
fistulinaceae,13
fistulous,9
fitch,5
fitful,6
fitfully,8
fitfulness,10
fitly,5
fitment,7
fitness,7
fitted,6
fitter,6
fitting,7
fittingly,9
fittingness,11
fitzgerald,10
five,4
fivefold,8
fivepence,9
fiver,5
fives,5
fivesome,8
fixate,6
fixation,8
fixative,8
fixed,5
fixedly,7
fixedness,9
fixer,5
fixing,6
fixings,7
fixity,6
fixture,7
fizgig,6
fizz,4
fizzing,7
fizzle,6
fizzy,5
fjord,5
flab,4
flabbergast,11
flabbergasted,13
flabbily,8
flabbiness,10
flabby,6
flaccid,7
flaccidity,10
flack,5
flacourtia,10
flacourtiaceae,14
flag,4
flagellant,10
flagellata,10
flagellate,10
flagellated,11
flagellation,12
flagellum,9
flageolet,9
flagfish,8
flagging,8
flagitious,10
flagon,6
flagpole,8
flagrant,8
flagrantly,10
flagroot,8
flagship,8
flagstaff,9
flagstone,9
flagyl,6
flail,5
flair,5
flak,4
flake,5
flakey,6
flakiness,9
flaky,5
flambe,6
flambeau,8
flamboyance,11
flamboyant,10
flamboyantly,12
flame,5
flamefish,9
flameflower,11
flamen,6
flamenco,8
flameproof,10
flamethrower,12
flaming,7
flamingo,8
flaminius,9
flammability,12
flammable,9
flammulina,10
flan,4
flanders,8
flange,6
flank,5
flanker,7
flannel,7
flannelbush,11
flannelette,11
flap,4
flapcake,8
flapjack,8
flapper,7
flapping,8
flaps,5
flare,5
flaring,7
flash,5
flashback,9
flashboard,10
flashboarding,13
flashbulb,9
flashcard,9
flasher,7
flashflood,10
flashgun,8
flashily,8
flashiness,10
flashing,8
flashlight,10
flashover,9
flashpoint,10
flashy,6
flask,5
flaskful,8
flat,4
flatbed,7
flatboat,8
flatbottom,10
flatbottomed,12
flatbread,9
flatbrod,8
flatcar,7
flatfish,8
flatfoot,8
flathead,8
flatiron,8
flatlet,7
flatly,6
flatmate,8
flatness,8
flats,5
flatten,7
flattened,9
flatter,7
flatterer,9
flattering,10
flattery,8
flattop,7
flatulence,10
flatulency,10
flatulent,9
flatus,6
flatware,8
flatwork,8
flatworm,8
flaubert,8
flaunt,6
flaunty,7
flautist,8
flavin,6
flaviviridae,12
flavivirus,10
flavone,7
flavonoid,9
flavor,6
flavorer,8
flavorful,9
flavoring,9
flavorless,10
flavorlessness,14
flavorous,9
flavorsome,10
flavorsomeness,14
flavour,7
flavourer,9
flavourful,10
flavouring,10
flavourless,11
flavourlessness,15
flavourous,10
flavoursome,11
flavoursomeness,15
flaw,4
flawed,6
flawless,8
flawlessly,10
flawlessness,12
flax,4
flaxedil,8
flaxen,6
flaxseed,8
flay,4
flea,4
fleabag,7
fleabane,8
fleapit,7
fleawort,8
flecainide,10
fleck,5
flecked,7
flection,8
fledge,6
fledged,7
fledgeless,10
fledgeling,10
fledgling,9
flee,4
fleece,6
fleeceable,10
fleecy,6
fleer,5
fleet,5
fleeting,8
fleetingness,12
fleetly,7
fleetness,9
fleming,7
flemish,7
flense,6
flesh,5
fleshiness,10
fleshly,7
fleshy,6
fletc,5
fletcher,8
flex,4
flexeril,8
flexibility,11
flexible,8
flexibleness,12
flexibly,8
flexile,7
flexion,7
flexor,6
flexuous,8
flexure,7
flibbertigibbet,15
flick,5
flicker,7
flickering,10
flickertail,11
flier,5
flies,5
flight,6
flighted,8
flightiness,11
flightless,10
flighty,7
flimflam,8
flimsily,8
flimsiness,10
flimsy,6
flinch,6
flinders,8
flindersia,10
flindosa,8
flindosy,8
fling,5
flint,5
flinthead,9
flintlock,9
flintstone,10
flinty,6
flip,4
flippancy,9
flippant,8
flippantly,10
flipper,7
flirt,5
flirtation,10
flirtatious,11
flirtatiously,13
flirting,8
flit,4
flitch,6
flitter,7
flnc,4
float,5
floatation,10
floater,7
floating,8
floatplane,10
floaty,6
floc,4
floccose,8
flocculate,10
flocculation,12
floccule,8
flocculent,10
flock,5
flodden,7
floe,4
flog,4
flogger,7
flogging,8
flood,5
flooded,7
floodgate,9
floodhead,9
flooding,8
floodlight,10
floodlighted,12
floodlit,8
floodplain,10
floor,5
floorboard,10
floored,7
flooring,8
floorshow,9
floorwalker,11
floozie,7
floozy,6
flop,4
flophouse,9
floppy,6
flora,5
floral,6
floreal,7
florence,8
florentine,10
florescence,11
floret,6
florey,6
floricultural,13
floriculture,12
florid,6
florida,7
floridian,9
floridity,9
floridly,8
floridness,10
florilegium,11
florin,6
florio,6
florist,7
flory,5
floss,5
flossy,6
flotation,9
flotilla,8
flotsam,7
flounce,7
flounder,8
flour,5
flourish,8
flourishing,11
floury,6
flout,5
flouter,7
flow,4
flowage,7
flowchart,9
flower,6
flowerbed,9
flowered,8
floweret,8
flowering,9
flowerless,10
flowerpot,9
flowery,7
flowing,7
floxuridine,11
flub,4
fluctuate,9
fluctuating,11
fluctuation,11
flue,4
fluegelhorn,11
fluency,7
fluent,6
fluently,8
fluff,5
fluffiness,10
fluffy,6
flugelhorn,10
fluid,5
fluidity,8
fluidness,9
fluidounce,10
fluidram,8
fluke,5
flukey,6
fluky,5
flume,5
flummery,8
flummox,7
flump,5
flunitrazepan,13
flunk,5
flunkey,7
flunky,6
fluor,5
fluorapatite,12
fluoresce,9
fluorescein,11
fluoresceine,12
fluorescence,12
fluorescent,11
fluoridate,10
fluoridation,12
fluoride,8
fluoridisation,14
fluoridise,10
fluoridization,14
fluoridize,10
fluorine,8
fluorite,8
fluoroboride,12
fluorocarbon,12
fluorochrome,12
fluoroform,10
fluoroscope,11
fluoroscopy,11
fluorosis,9
fluorouracil,12
fluorspar,9
fluosilicate,12
fluoxetine,10
fluphenazine,12
flurazepam,10
flurbiprofen,12
flurry,6
flush,5
flushed,7
fluster,7
flustered,9
flute,5
fluting,7
flutist,7
flutter,7
fluttering,10
fluvastatin,11
fluvial,7
flux,4
fluxion,7
fluxmeter,9
flyaway,7
flyblown,8
flybridge,9
flycatcher,10
flyer,5
flyfish,7
flying,6
flyleaf,7
flyover,7
flypaper,8
flypast,7
flyspeck,8
flyswat,7
flyswatter,10
flytrap,7
flyway,6
flyweight,9
flywheel,8
fmri,4
fnma,4
foal,4
foam,4
foamflower,10
foaminess,9
foaming,7
foamy,5
focal,5
focalisation,12
focalise,8
focalization,12
focalize,8
focally,7
focus,5
focused,7
focusing,8
focussed,8
focussing,9
fodder,6
foehn,5
foeman,6
foeniculum,10
foetal,6
foetid,6
foetology,9
foetometry,10
foetoprotein,12
foetor,6
foetoscope,10
foetoscopy,10
foetus,6
fogbank,7
fogbound,8
fogey,5
fogged,6
fogginess,9
foggy,5
foghorn,7
foglamp,7
fogsignal,9
fogy,4
fogyish,7
fohn,4
foible,6
foil,4
foiled,6
foiling,7
foist,5
folacin,7
folate,6
fold,4
foldable,8
foldaway,8
folder,6
folderal,8
folderol,8
folding,7
foldout,7
foliaceous,10
foliage,7
foliaged,8
foliate,7
foliated,8
foliation,9
folie,5
folio,5
foliolate,9
foliose,7
folium,6
folk,4
folklore,8
folks,5
folksong,8
folksy,6
folktale,8
follicle,8
follicular,10
folliculitis,12
follies,7
follow,6
follower,8
followers,9
following,9
followup,8
folly,5
foment,6
fomentation,11
fomenter,8
fomes,5
fomite,6
fomor,5
fomorian,8
fond,4
fonda,5
fondant,7
fondle,6
fondler,7
fondling,8
fondly,6
fondness,8
fondu,5
fondue,6
font,4
fontanel,8
fontanelle,10
fontanne,8
fontenoy,8
fonteyn,7
food,4
foodie,6
foodless,8
foodstuff,9
fool,4
foolery,7
foolhardiness,13
foolhardy,9
fooling,7
foolish,7
foolishly,9
foolishness,11
foolproof,9
foolscap,8
foot,4
footage,7
football,8
footballer,10
footbath,8
footboard,9
footbridge,10
footcandle,10
footed,6
footedness,10
footer,6
footfall,8
footfault,9
footgear,8
foothill,8
foothold,8
footing,7
footle,6
footless,8
footlights,10
footling,8
footlocker,10
footloose,9
footman,7
footmark,8
footnote,8
footpad,7
footpath,8
footplate,9
footprint,9
footrace,8
footrest,8
footslog,8
footslogger,11
footsore,8
footstall,9
footstep,8
footstool,9
footsure,8
footwall,8
footwear,8
footwork,8
foppish,7
foppishness,11
forage,6
forager,7
foraging,8
foram,5
foramen,7
foraminifer,11
foraminifera,12
foray,5
forbear,7
forbearance,11
forbearing,10
forbid,6
forbiddance,11
forbidden,9
forbidding,10
forbiddingly,12
force,5
forced,6
forceful,8
forcefully,10
forcefulness,12
forceless,9
forcemeat,9
forceps,7
forcible,8
forcibly,8
forcipate,9
ford,4
fordable,8
fordhooks,9
fording,7
fore,4
forearm,7
forebear,8
forebode,8
foreboding,10
forebrain,9
forecast,8
forecaster,10
forecasting,11
forecastle,10
foreclose,9
foreclosure,11
forecourt,9
foredate,8
foredeck,8
foredge,7
foredoom,8
forefather,10
forefend,8
forefinger,10
forefoot,8
forefront,9
foregather,10
forego,6
foregoing,9
foregone,8
foreground,10
foregrounding,13
forehand,8
forehanded,10
forehead,8
foreign,7
foreigner,9
foreignness,11
foreknow,8
foreknowledge,13
forelady,8
foreland,8
foreleg,7
forelimb,8
forelock,8
foreman,7
foremanship,11
foremast,8
foremilk,8
foremost,8
foremother,10
forename,8
forenoon,8
forensic,8
forensics,9
foreordain,10
foreordained,12
foreordination,14
forepart,8
forepaw,7
foreperson,10
foreplay,8
forequarter,11
forerunner,10
foresail,8
foresee,7
foreseeable,11
foreshadow,10
foreshadowing,13
foreshank,9
foreshock,9
foreshore,9
foreshorten,11
foreshow,8
foresight,9
foresighted,11
foresightedness,15
foresightful,12
foreskin,8
forest,6
forestage,9
forestall,9
forestalling,12
forestay,8
forested,8
forester,8
forestiera,10
forestry,8
foreswear,9
foretaste,9
foretell,8
foretelling,11
forethought,11
forethoughtful,14
foretoken,9
foretop,7
forever,7
forevermore,11
forewarn,8
forewarning,11
forewing,8
forewoman,9
foreword,8
forfeit,7
forfeited,9
forfeiture,10
forfend,7
forficate,9
forficula,9
forficulidae,12
forgather,9
forge,5
forged,6
forger,6
forgery,7
forget,6
forgetful,9
forgetfully,11
forgetfulness,13
forgettable,11
forging,7
forgivable,10
forgivably,10
forgive,7
forgiveness,11
forgiver,8
forgiving,9
forgivingly,11
forgivingness,13
forgo,5
forgoing,8
forgotten,9
forint,6
fork,4
forked,6
forking,7
forklift,8
forlorn,7
forlornly,9
forlornness,11
form,4
formal,6
formaldehyde,12
formalin,8
formalisation,13
formalise,9
formalised,10
formalism,9
formalistic,11
formalities,11
formality,9
formalization,13
formalize,9
formalized,10
formally,8
formalness,10
formalwear,10
format,6
formation,9
formative,9
formatting,10
formed,6
former,6
formerly,8
formic,6
formica,7
formicariidae,13
formicarius,11
formicary,9
formicate,9
formication,11
formicidae,10
formidability,13
formidable,10
formidably,10
formless,8
formlessly,10
formol,6
formosa,7
formosan,8
formula,7
formulaic,9
formularise,11
formularize,11
formulary,9
formulate,9
formulated,10
formulation,11
fornax,6
fornicate,9
fornication,11
fornicator,10
fornicatress,12
fornix,6
forrad,6
forrader,8
forrard,7
forsake,7
forsaking,9
forseti,7
forsooth,8
forswear,8
forswearing,11
forsythia,9
fort,4
fortaz,6
forte,5
fortemente,10
forth,5
forthcoming,11
forthcomingness,15
forthright,10
forthrightly,12
forthrightness,14
forthwith,9
forties,7
fortieth,8
fortification,13
fortified,9
fortify,7
fortissimo,10
fortitude,9
fortnight,9
fortnightly,11
fortran,7
fortress,8
fortuitous,10
fortuitously,12
fortuitousness,14
fortuity,8
fortuna,7
fortunate,9
fortunately,11
fortune,7
fortunella,10
fortuneteller,13
fortunetelling,14
forty,5
forum,5
forward,7
forwarding,10
forwardness,11
forwards,8
foryml,6
fosamax,7
fosbury,7
fossa,5
fosse,5
fossil,6
fossiliferous,13
fossilisation,13
fossilise,9
fossilised,10
fossilist,9
fossilization,13
fossilize,9
fossilized,10
fossilology,11
fossorial,9
foster,6
fosterage,9
fostering,9
fosterling,10
fothergilla,11
fots,4
foucault,8
foul,4
foulard,7
fouled,6
foully,6
foulmart,8
foulness,8
foumart,7
found,5
foundation,10
founder,7
foundering,10
founding,8
foundling,9
foundress,9
foundry,7
fount,5
fountain,8
fountainhead,12
fouquieria,10
fouquieriaceae,14
four,4
fourfold,8
fourhanded,10
fourier,7
fourpence,9
fourpenny,9
fourscore,9
foursome,8
foursquare,10
fourteen,8
fourteenth,10
fourth,6
fourthly,8
fovea,5
fowl,4
fowler,6
foxberry,8
foxglove,8
foxhole,7
foxhound,8
foxhunt,7
foxily,6
foxiness,8
foxtail,7
foxtrot,7
foxy,4
foyer,5
fracas,6
fractal,7
fraction,8
fractional,10
fractionate,11
fractionation,13
fractious,9
fractiously,11
fractiousness,13
fracture,8
fradicin,8
fragaria,8
fragile,7
fragility,9
fragment,8
fragmental,10
fragmentary,11
fragmentation,13
fragmented,10
fragmentise,11
fragmentize,11
fragonard,9
fragrance,9
fragrancy,9
fragrant,8
frail,5
frailness,9
frailty,7
fraise,6
frambesia,9
framboesia,10
framboise,9
frame,5
framed,6
framer,6
framework,9
framing,7
franc,5
france,6
franchise,9
franciscan,10
francisella,11
francium,8
franck,6
franco,6
francoa,7
francophil,10
francophile,11
francophobe,11
frangibility,12
frangible,9
frangibleness,13
frangipane,10
frangipani,10
frangipanni,11
frank,5
frankenstein,12
frankfort,9
frankfurt,9
frankfurter,11
frankincense,12
frankish,8
franklin,8
frankliniella,13
frankly,7
frankness,9
frantic,7
frantically,11
frap,4
frappe,6
frasera,7
frat,4
fratercula,10
fraternal,9
fraternally,11
fraternisation,14
fraternise,10
fraternity,10
fraternization,14
fraternize,10
fratricide,10
frau,4
fraud,5
fraudulence,11
fraudulent,10
fraudulently,12
fraught,7
fraulein,8
fraxinella,10
fraxinus,8
fray,4
frayed,6
frazer,6
frazzle,7
freak,5
freakish,8
freakishly,10
freakishness,12
freaky,6
freckle,7
freckled,8
frederick,9
fredericksburg,14
fredericton,11
free,4
freebee,7
freebie,7
freebooter,10
freeborn,8
freedman,8
freedom,7
freedwoman,10
freehand,8
freehanded,10
freehearted,11
freehold,8
freeholder,10
freeing,7
freelance,9
freelancer,10
freeload,8
freeloader,10
freely,6
freemail,8
freeman,7
freemason,9
freemasonry,11
freesia,7
freestanding,12
freestone,9
freestyle,9
freetail,8
freethinker,11
freethinking,12
freetown,8
freeware,8
freeway,7
freewheel,9
freewheeler,11
freewheeling,12
freewill,8
freewoman,9
freeze,6
freezer,7
freezing,8
fregata,7
fregatidae,10
freight,7
freightage,10
freighter,9
fremont,7
fremontia,9
fremontodendron,15
french,6
frenchify,9
frenchman,9
frenchwoman,11
frenetic,8
frenetically,12
frenzied,8
frenziedly,10
frenzy,6
freon,5
frequence,9
frequency,9
frequent,8
frequentative,13
frequenter,10
frequently,10
fresco,6
fresh,5
freshen,7
freshener,9
fresher,7
freshet,7
freshly,7
freshman,8
freshness,9
freshwater,10
fresnel,7
fresno,6
fress,5
fret,4
fretful,7
fretfully,9
fretfulness,11
fretsaw,7
fretted,7
fretwork,8
freud,5
freudian,8
frey,4
freya,5
freyja,6
freyr,5
friability,10
friable,7
friar,5
friary,6
fricandeau,10
fricassee,9
fricative,9
frick,5
friction,8
frictional,10
frictionless,12
friday,6
fridge,6
fried,5
friedan,7
friedcake,9
friedman,8
friend,6
friendless,10
friendlessness,14
friendliness,12
friendly,8
friendship,10
frier,5
fries,5
friesian,8
friesland,9
frieze,6
frigate,7
frigg,5
frigga,6
fright,6
frighten,8
frightened,10
frightening,11
frighteningly,13
frightful,9
frightfully,11
frightfulness,13
frigid,6
frigidity,9
frigidly,8
frigidness,10
frigorific,10
frijol,6
frijole,7
frijolillo,10
frijolito,9
frill,5
frilled,7
frilly,6
frimaire,8
fringe,6
fringed,7
fringepod,9
fringilla,9
fringillidae,12
fringy,6
frippery,8
frisbee,7
frisch,6
frisia,6
frisian,7
frisk,5
friskily,8
friskiness,10
frisking,8
frisky,6
frisson,7
fritillaria,11
fritillary,10
frittata,8
fritter,7
friuli,6
friulian,8
frivol,6
frivolity,9
frivolous,9
frivolously,11
frivolousness,13
frizz,5
frizzle,7
frizzly,7
frizzy,6
frobisher,9
frock,5
froebel,7
froelichia,10
frog,4
frogbit,7
frogfish,8
froghopper,10
frogman,7
frogmarch,9
frogmouth,9
frolic,6
frolicky,8
frolicsome,10
frolicsomeness,14
frond,5
front,5
frontage,8
frontal,7
frontally,9
frontbencher,12
frontier,8
frontiersman,12
frontierswoman,14
frontispiece,12
frontlet,8
frontmost,9
frontstall,10
frontward,9
frontwards,10
frore,5
frost,5
frostbite,9
frostbitten,11
frosted,7
frostian,8
frostily,8
frostiness,10
frosting,8
frostweed,9
frostwort,9
frosty,6
froth,5
frothily,8
frothiness,10
frothing,8
frothy,6
frottage,8
frotteur,8
froward,7
frown,5
frowning,8
frowningly,10
frowsty,7
frowsy,6
frowzled,8
frowzy,6
frozen,6
fructidor,9
fructification,14
fructify,8
fructose,8
fructosuria,11
frugal,6
frugality,9
frugally,8
frugalness,10
fruit,5
fruitage,8
fruitcake,9
fruiterer,9
fruitful,8
fruitfully,10
fruitfulness,12
fruiting,8
fruition,8
fruitless,9
fruitlessly,11
fruitlessness,13
fruitlet,8
fruitwood,9
fruity,6
frumenty,8
frump,5
frumpily,8
frumpish,8
frumpishly,10
frumpy,6
frunze,6
frustrate,9
frustrated,10
frustrating,11
frustration,11
frustrative,11
frustum,7
fruticose,9
fruticulose,11
frye,4
fryer,5
frying,6
frypan,6
fthm,4
fucaceae,8
fucales,7
fuchs,5
fuchsia,7
fuck,4
fucker,6
fuckhead,8
fucking,7
fuckup,6
fucoid,6
fucus,5
fuddle,6
fuddled,7
fudge,5
fuego,5
fuel,4
fueled,6
fueling,7
fuentes,7
fugacious,9
fugaciousness,13
fugacity,8
fugal,5
fugally,7
fugard,6
fuggy,5
fugitive,8
fugleman,8
fugly,5
fugo,4
fugu,4
fugue,5
fuji,4
fujinoyama,10
fujiyama,8
fukien,6
fukkianese,10
fukuoka,7
fula,4
fulah,5
fulani,6
fulbe,5
fulbright,9
fulcrum,7
fulfil,6
fulfill,7
fulfilled,9
fulfillment,11
fulfilment,10
fulgent,7
fulgid,6
fulgoridae,10
fulgurant,9
fulgurating,11
fulgurous,9
fulica,6
full,4
fullback,8
fuller,6
fullerene,9
fullness,8
fully,5
fulmar,6
fulmarus,8
fulminant,9
fulminate,9
fulmination,11
fulsome,7
fulsomely,9
fulsomeness,11
fulton,6
fulvicin,8
fumaria,7
fumariaceae,11
fumble,6
fumbler,7
fumbling,8
fume,4
fumed,5
fumeroot,8
fumes,5
fumewort,8
fumigant,8
fumigate,8
fumigation,10
fumigator,9
fumitory,8
funafuti,8
funambulism,11
funambulist,11
function,8
functional,10
functionalism,13
functionalist,13
functionality,13
functionally,12
functionary,11
functioning,11
fund,4
fundament,9
fundamental,11
fundamentalism,14
fundamentalist,14
fundamentally,13
fundamentals,12
funded,6
funding,7
fundraise,9
fundraiser,10
funds,5
fundulus,8
fundus,6
funeral,7
funerary,8
funereal,8
funfair,7
fungal,6
fungi,5
fungia,6
fungibility,11
fungible,8
fungicidal,10
fungicide,9
fungoid,7
fungous,7
fungus,6
funguslike,10
funicle,7
funicular,9
funiculitis,11
funiculus,9
funk,4
funka,5
funkaceae,9
funky,5
funnel,6
funnies,7
funnily,7
funniness,9
funny,5
funrun,6
fuqra,5
furan,5
furane,6
furbelow,8
furbish,7
furcate,7
furcation,9
furcula,7
furfural,8
furfuraldehyde,14
furfuran,8
furious,7
furiously,9
furiousness,11
furl,4
furled,6
furlike,7
furlong,7
furlough,8
furnace,7
furnariidae,11
furnarius,9
furnish,7
furnished,9
furnishing,10
furniture,9
furnivall,9
furor,5
furore,6
furosemide,10
furred,6
furrier,7
furring,7
furrow,6
furrowed,8
furry,5
further,7
furtherance,11
furthermore,11
furthermost,11
furthest,8
furtive,7
furtively,9
furtiveness,11
furuncle,8
furunculosis,12
fury,4
furze,5
fusain,6
fusanus,7
fuschia,7
fuscoboletinus,14
fuscous,7
fuse,4
fused,5
fusee,5
fuselage,8
fusible,7
fusiform,8
fusil,5
fusilier,8
fusillade,9
fusion,6
fuss,4
fussily,7
fussiness,9
fusspot,7
fussy,5
fustian,7
fustigate,9
fusty,5
futile,6
futilely,8
futility,8
futon,5
future,6
futureless,10
futurism,8
futurist,8
futuristic,10
futuristics,11
futurity,8
futurology,10
fuze,4
fuzee,5
fuzz,4
fuzzed,6
fuzziness,9
fuzzy,5
gaap,4
gaba,4
gabapentin,10
gabardine,9
gabble,6
gabbro,6
gabby,5
gaberdine,9
gabfest,7
gable,5
gabled,6
gabon,5
gabonese,8
gabor,5
gaboriau,8
gaborone,8
gabriel,7
gabun,5
gadaba,6
gadabout,8
gaddafi,7
gaddi,5
gadfly,6
gadget,6
gadgeteer,9
gadgetry,8
gadidae,7
gadiformes,10
gadoid,6
gadolinite,10
gadolinium,10
gadsden,7
gadus,5
gaea,4
gael,4
gaelic,6
gaff,4
gaffe,5
gaffer,6
gaffsail,8
gafsa,5
gaga,4
gagarin,7
gage,4
gaggle,6
gagman,6
gagster,7
gagwriter,9
gaia,4
gaiety,6
gaillardia,10
gaily,5
gain,4
gainer,6
gainesville,11
gainful,7
gainfully,9
gainfulness,11
gainlessly,10
gainly,6
gainsay,7
gainsborough,12
gaiseric,8
gait,4
gaiter,6
gaius,5
gala,4
galactagogue,12
galactic,8
galactocele,11
galactose,9
galactosemia,12
galactosis,10
galago,6
galahad,7
galan,5
galangal,8
galantine,9
galapagos,9
galatea,7
galatia,7
galatian,8
galatians,9
galax,5
galaxy,6
galbanum,8
galbraith,9
galbulidae,10
galbulus,8
gale,4
galea,5
galega,6
galen,5
galena,6
galeocerdo,10
galeopsis,9
galeorhinus,11
galeras,7
galere,6
galicia,7
galician,8
galilaean,9
galilean,8
galilee,7
galileo,7
galingale,9
galium,6
gall,4
gallamine,9
gallant,7
gallantly,9
gallantry,9
gallaudet,9
gallberry,9
gallbladder,11
galled,6
galleon,7
galleria,8
gallery,7
galley,6
gallfly,7
gallia,6
galliano,8
gallic,6
gallican,8
gallicanism,11
gallicism,9
galliformes,11
gallimaufry,11
gallina,7
gallinacean,11
gallinaceous,12
gallinago,9
galling,7
gallinula,9
gallinule,9
gallirallus,11
gallium,7
gallivant,9
gallon,6
gallop,6
gallous,7
galloway,8
gallows,7
gallstone,9
gallup,6
gallus,6
galois,6
galoot,6
galore,6
galosh,6
galsworthy,10
galton,6
galumph,7
galvani,7
galvanic,8
galvanisation,13
galvanise,9
galvaniser,10
galvanising,11
galvanism,9
galvanization,13
galvanize,9
galvanizer,10
galvanizing,11
galvanometer,12
galveston,9
galway,6
galwegian,9
gamba,5
gambelia,8
gambia,6
gambian,7
gambist,7
gambit,6
gamble,6
gambler,7
gambling,8
gamboge,7
gambol,6
gambrel,7
gambusia,8
game,4
gamebag,7
gameboard,9
gamecock,8
gamekeeper,10
gamelan,7
gamely,6
gameness,8
gamesmanship,12
gametangium,11
gamete,6
gametocyte,10
gametoecium,11
gametogenesis,13
gametophore,11
gametophyte,11
gamey,5
gamin,5
gamine,6
gaminess,8
gaming,6
gamma,5
gammon,6
gammopathy,10
gammy,5
gamopetalous,12
gamow,5
gamp,4
gamut,5
gamy,4
ganapati,8
gand,4
gander,6
gandhi,6
gandhian,8
ganef,5
ganesa,6
ganesh,6
ganesha,7
gang,4
gangboard,9
gangdom,7
ganger,6
ganges,6
gangland,8
gangling,8
gangliocyte,11
ganglion,8
gangly,6
gangplank,9
gangrene,8
gangrenous,10
gangsaw,7
gangsta,7
gangster,8
gangway,7
ganja,5
gannet,6
ganof,5
ganoid,6
ganoidei,8
ganoin,6
ganoine,7
gansu,5
gantanol,8
gantlet,7
gantrisin,9
gantry,6
ganymede,8
gaol,4
gaolbird,8
gaolbreak,9
gaoler,6
gape,4
gaping,6
garage,6
garambulla,10
garamycin,9
garand,6
garb,4
garbage,7
garbageman,10
garbanzo,8
garbed,6
garble,6
garbled,7
garbo,5
garboard,8
garboil,7
garbology,9
garcinia,8
gardant,7
garden,6
gardener,8
gardenia,8
gardening,9
gardiner,8
gardner,7
garfield,8
garfish,7
garganey,8
gargantua,9
gargantuan,10
garget,6
gargle,6
gargoyle,8
gargoylism,10
gari,4
garibaldi,9
garish,6
garishly,8
garishness,10
garland,7
garlic,6
garlicky,8
garment,7
garmented,9
garmentless,11
garmentmaker,12
garner,6
garnet,6
garnier,7
garnierite,10
garnish,7
garnishee,9
garnishment,11
garonne,7
garotte,7
garpike,7
garret,6
garrick,7
garrison,8
garrote,7
garroter,8
garrotte,8
garrotter,9
garrulinae,10
garrulity,9
garrulous,9
garrulously,11
garrulousness,13
garrulus,8
garter,6
garuda,6
gary,4
gasbag,6
gascogne,8
gasconade,9
gascony,7
gaseous,7
gaseousness,11
gasfield,8
gash,4
gasherbrum,10
gasification,12
gasified,8
gasify,6
gaskell,7
gasket,6
gaskin,6
gaslight,8
gasman,6
gasmask,7
gasohol,7
gasolene,8
gasoline,8
gasometer,9
gasp,4
gaspar,6
gassing,7
gassy,5
gasteromycete,13
gasteromycetes,14
gasterophilidae,15
gasterophilus,13
gasteropoda,11
gasterosteidae,14
gasterosteus,12
gastralgia,10
gastrectomy,11
gastric,7
gastrin,7
gastritis,9
gastroboletus,13
gastrocnemius,13
gastrocybe,10
gastroduodenal,14
gastroenteritis,15
gastrogavage,12
gastrolobium,12
gastromy,8
gastromycete,12
gastromycetes,13
gastronome,10
gastronomic,11
gastronomical,13
gastronomy,10
gastrophryne,12
gastropod,9
gastropoda,10
gastroscope,11
gastroscopy,11
gastrostomy,11
gastrula,8
gastrulation,12
gasworks,8
gate,4
gateau,6
gatecrasher,11
gatefold,8
gatehouse,9
gatekeeper,10
gatepost,8
gates,5
gateway,7
gather,6
gathered,8
gatherer,8
gathering,9
gathic,6
gatling,7
gator,5
gatt,4
gauche,6
gaucheness,10
gaucherie,9
gaucho,6
gaud,4
gaudery,7
gaudi,5
gaudily,7
gaudiness,9
gaudy,5
gauffer,7
gauge,5
gauguin,7
gauguinesque,12
gaul,4
gaultheria,10
gaumless,8
gaunt,5
gauntlet,8
gauntleted,10
gauntness,9
gauntry,7
gaur,4
gauri,5
gauss,5
gaussian,8
gaussmeter,10
gautama,7
gauze,5
gauzy,5
gavage,6
gavel,5
gavia,5
gavial,6
gavialidae,10
gavialis,8
gavidae,7
gaviiformes,11
gavotte,7
gawain,6
gawk,4
gawker,6
gawkiness,9
gawky,5
gawp,4
gayal,5
gayfeather,10
gaylussacia,11
gayly,5
gayness,7
gaywings,8
gaza,4
gazania,7
gaze,4
gazebo,6
gazella,7
gazelle,7
gazette,7
gazetteer,9
gazillion,9
gazpacho,8
gazump,6
gbit,4
gcse,4
gdansk,6
gean,4
gear,4
gearbox,7
geared,6
gearing,7
gearset,7
gearshift,9
gearstick,9
geartrain,9
geastraceae,11
geastrum,8
gecko,5
geebung,7
geek,4
geezer,6
geezerhood,10
gegenschein,11
geglossaceae,12
gehenna,7
gehrig,6
geiger,6
geisel,6
geisha,6
gekkonidae,10
gelatin,7
gelatine,8
gelatinise,10
gelatinize,10
gelatinlike,11
gelatinous,10
gelatinousness,14
geld,4
gelded,6
gelding,7
gelechia,8
gelechiid,9
gelechiidae,11
gelid,5
gelidity,8
gelignite,9
gelly,5
gelsemium,9
gelt,4
gemara,6
gemfibrozil,11
geminate,8
gemination,10
gemini,6
gemma,5
gemmation,9
gemmed,6
gemmiferous,11
gemmule,7
gemonil,7
gempylid,8
gempylidae,10
gempylus,8
gemsbok,7
gemsbuck,8
gemstone,8
gendarme,8
gendarmerie,11
gendarmery,10
gender,6
gene,4
genealogic,10
genealogical,12
genealogically,14
genealogist,11
genealogy,9
general,7
generalcy,9
generalisation,14
generalise,10
generalised,11
generalissimo,13
generalist,10
generality,10
generalization,14
generalize,10
generalized,11
generally,9
generalship,11
generate,8
generation,10
generational,12
generative,10
generator,9
generic,7
generically,11
generosity,10
generous,8
generously,10
generousness,12
genesis,7
genet,5
genetic,7
genetical,9
genetically,11
geneticism,10
geneticist,10
genetics,8
genetta,7
geneva,6
genevan,7
geneve,6
genf,4
genial,6
geniality,9
genially,8
genic,5
geniculate,10
genie,5
genip,5
genipa,6
genipap,7
genista,7
genital,7
genitalia,9
genitals,8
genitive,8
genitor,7
genitourinary,13
genius,6
genlisea,8
genoa,5
genocide,8
genoese,7
genoise,7
genome,6
genomics,8
genotype,8
genotypic,9
genotypical,11
genova,6
genovese,8
genre,5
gens,4
genseric,8
gent,4
gentamicin,10
genteel,7
genteelly,9
genteelness,11
gentian,7
gentiana,8
gentianaceae,12
gentianales,11
gentianella,11
gentianopsis,12
gentile,7
gentility,9
gentle,6
gentlefolk,10
gentleman,9
gentlemanlike,13
gentlemanly,11
gentleness,10
gentlewoman,11
gently,6
gentrification,14
gentrify,8
gentry,6
genu,4
genuflect,9
genuflection,12
genuflexion,11
genuine,7
genuinely,9
genuineness,11
genus,5
genyonemus,10
geocentric,10
geochelone,10
geochemistry,12
geococcyx,9
geode,5
geodesic,8
geodesical,10
geodesy,7
geodetic,8
geoduck,7
geoffroea,9
geoglossaceae,13
geoglossum,10
geographer,10
geographic,10
geographical,12
geographically,14
geographics,11
geography,9
geologic,8
geological,10
geologically,12
geologist,9
geology,7
geomancer,9
geomancy,8
geometer,8
geometric,9
geometrical,11
geometrically,13
geometrician,12
geometrid,9
geometridae,11
geometry,8
geomorphologic,14
geomorphology,13
geomyidae,9
geomys,6
geophagia,9
geophagy,8
geophilidae,11
geophilomorpha,14
geophilus,9
geophysical,11
geophysicist,12
geophysics,10
geophyte,8
geophytic,9
geopolitical,12
geopolitics,11
geordie,7
george,6
georgetown,10
georgette,9
georgia,7
georgian,8
geosphere,9
geostationary,13
geostrategic,12
geostrategy,11
geosynchronous,14
geothermal,10
geothermally,12
geothermic,10
geothlypis,10
geotropism,10
geraint,7
geraniaceae,11
geraniales,10
geranium,8
gerardia,8
gerbera,7
gerbert,7
gerbil,6
gerbille,8
gerbillinae,11
gerbillus,9
gerea,5
gerenuk,7
gerfalcon,9
geriatric,9
geriatrician,12
geriatrics,10
germ,4
german,6
germander,9
germane,7
germaneness,11
germanic,8
germanism,9
germanist,9
germanite,9
germanium,9
germany,7
germfree,8
germicidal,10
germicide,9
germinal,8
germinate,9
germination,11
germy,5
geronimo,8
gerontocracy,12
gerontological,14
gerontologist,13
gerontology,11
gerreidae,9
gerres,6
gerrhonotus,11
gerridae,8
gerrididae,10
gerris,6
gerrymander,11
gershwin,8
gerund,6
gerundial,9
geryon,6
gesell,6
gesner,6
gesneria,8
gesneriaceae,12
gesneriad,9
gesso,5
gestalt,7
gestapo,7
gestate,7
gestation,9
gestational,11
gesticulate,11
gesticulating,13
gesticulation,13
gestural,8
gesture,7
geta,4
getable,7
getatable,9
getaway,7
gettable,8
getting,7
gettysburg,10
getup,5
geum,4
gewgaw,6
geyser,6
ghana,5
ghanaian,8
ghanese,7
ghanian,7
gharry,6
ghastliness,11
ghastly,7
ghat,4
ghatti,6
ghee,4
gheg,4
ghent,5
gherkin,7
ghetto,6
ghettoise,9
ghettoize,9
ghillie,7
ghost,5
ghostfish,9
ghostlike,9
ghostliness,11
ghostly,7
ghostwrite,10
ghostwriter,11
ghoul,5
ghoulish,8
ghrelin,7
ghrf,4
giacometti,10
giant,5
giantess,8
giantism,8
giardia,7
giardiasis,10
gibber,6
gibberellin,11
gibberish,9
gibbet,6
gibbon,6
gibbose,7
gibbosity,9
gibbous,7
gibbousness,11
gibbs,5
gibbsite,8
gibe,4
gibelike,8
gibibit,7
gibibyte,8
gibingly,8
gibit,5
giblet,6
giblets,7
gibraltar,9
gibraltarian,12
gibran,6
gibson,6
gidar,5
giddily,7
giddiness,9
giddy,5
gide,4
gidgee,6
gielgud,7
gift,4
gifted,6
gigabit,7
gigabyte,8
gigacycle,9
gigahertz,9
gigantic,8
gigantism,9
gigartinaceae,13
giggle,6
giggler,7
gigo,4
gigolo,6
gigot,5
gigue,5
gikuyu,6
gila,4
gilbert,7
gilbertian,10
gild,4
gilded,6
gilder,6
gildhall,8
gilding,7
gilgamesh,9
gilgamish,9
gill,4
gilled,6
gillespie,9
gillette,8
gillie,6
gillyflower,11
gilman,6
gilmer,6
gilt,4
gimbal,6
gimbaled,8
gimcrack,8
gimcrackery,11
gimel,5
gimlet,6
gimmick,7
gimmickry,9
gimp,4
gimpiness,9
gimpy,5
ginep,5
ginger,6
gingerbread,11
gingerly,8
gingerol,8
gingerroot,10
gingersnap,10
gingery,7
gingham,7
gingiva,7
gingival,8
gingivitis,10
gingko,6
ginglymostoma,13
ginglymus,9
ginkgo,6
ginkgoaceae,11
ginkgoales,10
ginkgophytina,13
ginkgopsida,11
ginmill,7
ginsberg,8
ginseng,7
ginzo,5
giotto,6
gipsy,5
gipsywort,9
giraffa,7
giraffe,7
giraffidae,10
girandola,9
girandole,9
girard,6
girasol,7
giraudoux,9
gird,4
girder,6
girdle,6
giriama,7
girl,4
girlfriend,10
girlhood,8
girlish,7
girlishly,9
girlishness,11
giro,4
gironde,7
girondin,8
girondism,9
girondist,9
girru,5
girth,5
gish,4
gismo,5
gist,4
gita,4
gitana,6
gitano,6
gittern,7
give,4
giveaway,8
given,5
givenness,9
giver,5
giving,6
giza,4
gizeh,5
gizmo,5
gizzard,7
gjellerup,9
glabella,8
glabellar,9
glabrescent,11
glabrous,8
glace,5
glacial,7
glacially,9
glaciate,8
glaciated,9
glaciation,10
glacier,7
glad,4
gladden,7
gladdened,9
gladdon,7
glade,5
gladfulness,11
gladiator,9
gladiatorial,12
gladiola,8
gladiolus,9
gladly,6
gladness,8
gladsome,8
gladsomeness,12
gladstone,9
glamor,6
glamorisation,13
glamorise,9
glamorization,13
glamorize,9
glamorous,9
glamour,7
glamourisation,14
glamourise,10
glamourization,14
glamourize,10
glamourous,10
glance,6
gland,5
glanders,8
glandular,9
glans,5
glare,5
glareola,8
glareole,8
glareolidae,11
glaring,7
glaringly,9
glary,5
glaser,6
glasgow,7
glasnost,8
glass,5
glassblower,11
glassed,7
glasses,7
glassful,8
glasshouse,10
glassless,9
glassmaker,10
glassware,9
glasswork,9
glassworker,11
glassworks,10
glasswort,9
glassy,6
glaswegian,10
glaucium,8
glaucoma,8
glaucomys,9
glauconite,10
glaucous,8
glaux,5
glaze,5
glazed,6
glazer,6
glazier,7
gleam,5
gleaming,8
glean,5
gleaner,7
gleba,5
glebe,5
glechoma,8
gleditsia,9
glee,4
gleeful,7
gleefully,9
gleefulness,11
gleet,5
gleichenia,10
gleicheniaceae,14
glen,4
glendower,9
glengarry,9
glenn,5
glia,4
glial,5
glib,4
glibly,6
glibness,8
glide,5
glider,6
gliding,7
glimmer,7
glimmering,10
glimmery,8
glimpse,7
glinka,6
glint,5
glinting,8
glioblastoma,12
glioma,6
glipizide,9
gliricidia,10
gliridae,8
glis,4
glissade,8
glissando,9
glisten,7
glistening,10
glister,7
glistering,10
glitch,6
glitter,7
glittering,10
glittery,8
glitz,5
gloam,5
gloaming,8
gloat,5
gloating,8
gloatingly,10
glob,4
global,6
globalisation,13
globalise,9
globalization,13
globalize,9
globally,8
globe,5
globefish,9
globeflower,11
globetrotter,12
globicephala,12
globigerina,11
globigerinidae,14
globin,6
globose,7
globosity,9
globular,8
globularness,12
globule,7
globulin,8
glochid,7
glochidium,10
glockenspiel,12
glogg,5
glom,4
glomerular,10
glomerule,9
glomerulus,10
gloom,5
gloomful,8
gloomily,8
gloominess,10
glooming,8
gloomy,6
glop,4
glorification,13
glorified,9
glorify,7
gloriole,8
gloriosa,8
glorious,8
gloriously,10
glory,5
gloss,5
glossa,6
glossalgia,10
glossarist,10
glossary,8
glossily,8
glossina,8
glossiness,10
glossinidae,11
glossitis,9
glossodia,9
glossodynia,11
glossolalia,11
glossopsitta,12
glossoptosis,12
glossy,6
glottal,7
glottis,7
gloucester,10
gloucestershire,15
glove,5
gloved,6
gloveless,9
glow,4
glower,6
glowering,9
gloweringly,11
glowing,7
glowingly,9
glowworm,8
gloxinia,8
glucagon,8
glucinium,9
gluck,5
glucocorticoid,14
glucophage,10
glucosamine,11
glucose,7
glucoside,9
glucosuria,10
glucotrol,9
glue,4
glued,5
gluey,5
glueyness,9
glug,4
gluiness,8
glum,4
glume,5
glumly,6
glumness,8
gluon,5
glut,4
glutamate,9
glutamine,9
glute,5
gluteal,7
glutelin,8
gluten,6
glutethimide,12
gluteus,7
glutinosity,11
glutinous,9
glutinousness,13
glutted,7
glutton,7
gluttonise,10
gluttonize,10
gluttonous,10
gluttonously,12
gluttony,8
glyburide,9
glyceraldehyde,14
glyceria,8
glyceride,9
glycerin,8
glycerine,9
glycerite,9
glycerogel,10
glycerogelatin,14
glycerol,8
glycerole,9
glycerolise,11
glycerolize,11
glyceryl,8
glycine,7
glycogen,8
glycogenesis,12
glycogenic,10
glycol,6
glycolysis,10
glycoprotein,12
glycoside,9
glycosuria,10
glycyrrhiza,11
glyoxaline,10
glyph,5
glyptics,8
glyptography,12
gnaphalium,10
gnarl,5
gnarled,7
gnarly,6
gnash,5
gnat,4
gnatcatcher,11
gnathion,8
gnathostomata,13
gnathostome,11
gnaw,4
gnawer,6
gneiss,6
gnetaceae,9
gnetales,8
gnetophyta,10
gnetophytina,12
gnetopsida,10
gnetum,6
gnocchi,7
gnome,5
gnomic,6
gnomish,7
gnomon,6
gnosis,6
gnostic,7
gnosticism,10
goad,4
goaded,6
goading,7
goal,4
goalie,6
goalkeeper,10
goalless,8
goalmouth,9
goalpost,8
goaltender,10
goat,4
goatee,6
goateed,7
goatfish,8
goatherd,8
goatsbeard,10
goatsfoot,9
goatskin,8
goatsucker,10
gobbet,6
gobble,6
gobbledygook,12
gobbler,7
gobi,4
gobiesocidae,12
gobiesox,8
gobiidae,8
gobio,5
goblet,6
goblin,6
gobs,4
gobsmacked,10
goby,4
godard,6
godchild,8
goddam,6
goddamn,7
goddamned,9
goddard,7
goddaughter,11
goddess,7
godel,5
godfather,9
godforsaken,11
godhead,7
godiva,6
godless,7
godlessness,11
godlike,7
godliness,9
godly,5
godmother,9
godown,6
godparent,9
godsend,7
godson,6
godspeed,8
godunov,7
godwit,6
goebbels,8
goer,4
goering,7
goeteborg,9
goethals,8
goethe,6
goethean,8
goethian,8
goethite,8
gofer,5
goffer,6
goggle,6
goggles,7
gogh,4
gogol,5
goidelic,8
going,5
goiter,6
goitre,6
goitrogen,9
golan,5
golconda,8
gold,4
goldbeater,10
goldberg,8
goldbrick,9
goldbricking,12
goldcrest,9
goldcup,7
golden,6
goldenbush,10
goldeneye,9
goldenrod,9
goldenseal,10
goldfield,9
goldfields,10
goldfinch,9
goldfish,8
goldilocks,10
golding,7
goldman,7
goldmark,8
goldmine,8
goldoni,7
goldplate,9
goldsboro,9
goldsmith,9
goldstone,9
goldthread,10
goldworker,10
goldwyn,7
golem,5
golf,4
golfcart,8
golfer,6
golfing,7
golgi,5
golgotha,8
goliard,7
goliath,7
golliwog,8
golliwogg,9
golosh,6
goma,4
gombrowicz,10
gomel,5
gomorrah,8
gomorrha,8
gompers,7
gomphothere,11
gomphotheriidae,15
gomphotherium,13
gomphrena,9
gomuti,6
gonad,5
gonadal,7
gonadotrophic,13
gonadotrophin,13
gonadotropic,12
gonadotropin,12
goncourt,8
gond,4
gondi,5
gondola,7
gondolier,9
gondoliere,10
gondwanaland,12
gone,4
goner,5
gong,4
gongora,7
gongorism,9
gongorist,9
gonif,5
goniff,6
goniometer,10
gonion,6
goniopteris,11
gonioscopy,10
gonne,5
gonococcus,10
gonorhynchidae,14
gonorhynchus,12
gonorrhea,9
gonorrhoea,10
gonzo,5
goober,6
good,4
goodall,7
goodby,6
goodbye,7
goodenia,8
goodeniaceae,12
goodish,7
goodly,6
goodman,7
goodness,8
goodwill,8
goody,5
goodyear,8
goodyera,8
gooey,5
goof,4
goofball,8
goofproof,9
goofy,5
google,6
googly,6
googol,6
googolplex,10
gook,4
goon,4
gooney,6
goonie,6
goony,5
goop,4
goosander,9
goose,5
gooseberry,10
goosebump,9
goosefish,9
gooseflesh,10
goosefoot,9
gooselike,9
gooseneck,9
goosey,6
goosy,5
gopher,6
gopherus,8
gopherwood,10
goral,5
gorbachev,9
gordian,7
gordimer,8
gordius,7
gore,4
gorgas,6
gorge,5
gorgeous,8
gorgeously,10
gorger,6
gorgerin,8
gorget,6
gorgon,6
gorgonacea,10
gorgoniacea,11
gorgonian,9
gorgonocephalus,15
gorgonzola,10
gorilla,7
goring,6
gorki,5
gorkiy,6
gorky,5
gormandise,10
gormandize,10
gormless,8
gorse,5
gory,4
gosainthan,10
goshawk,7
gosling,7
gosmore,7
gospel,6
gospeler,8
gospeller,9
gospels,7
gossamer,8
gossip,6
gossiper,8
gossiping,9
gossipmonger,12
gossipmongering,15
gossipy,7
gossypium,9
goteborg,8
goth,4
gothenburg,10
gothic,6
gothite,7
gotterdammerung,15
gouache,7
gouda,5
goudy,5
gouge,5
gouger,6
goujon,6
goulash,7
gould,5
gounod,6
gourd,5
gourde,6
gourmand,8
gourmandism,11
gourmandize,11
gourmandizer,12
gourmet,7
gout,4
gouty,5
govern,6
governable,10
governance,10
governed,8
governess,9
governing,9
government,10
governmental,12
governmentally,14
governor,8
governorship,12
gown,4
gowned,6
goya,4
grab,4
grabber,7
grabby,6
grace,5
graceful,8
gracefully,10
gracefulness,12
graceless,9
gracelessly,11
gracelessness,13
gracie,6
gracilariid,11
gracilariidae,13
gracile,7
gracility,9
gracillariidae,14
gracious,8
graciously,10
graciousness,12
grackle,7
gracula,7
grad,4
gradable,8
gradate,7
gradation,9
gradational,11
gradatory,9
grade,5
graded,6
grader,6
gradient,8
grading,7
gradual,7
graduality,10
gradually,9
gradualness,11
graduate,8
graduated,9
graduation,10
graecophile,11
graecophilic,12
graf,4
graffiti,8
graffito,8
graft,5
grafting,8
graham,6
grahame,7
grail,5
grain,5
grainfield,10
grainger,8
graininess,10
graining,8
grainy,6
gram,4
grama,5
gramicidin,10
graminaceae,11
graminales,10
gramineae,9
gramma,6
grammar,7
grammarian,10
grammatic,9
grammatical,11
grammatically,13
grammatolatry,13
grammatophyllum,15
gramme,6
gramophone,10
gramps,6
grampus,7
gran,4
granada,7
granadilla,10
granadillo,10
granary,7
grand,5
grandad,7
grandaunt,9
grandchild,10
granddad,8
granddaddy,10
granddaughter,13
grandee,7
grandeur,8
grandfather,11
grandiloquence,14
grandiloquent,13
grandiloquently,15
grandiose,9
grandiosely,11
grandiosity,11
grandly,7
grandma,7
grandmaster,11
grandmother,11
grandnephew,11
grandness,9
grandniece,10
grandpa,7
grandparent,11
grandson,8
grandstand,10
grandstander,12
granduncle,10
grange,6
granger,7
granicus,8
granite,7
granitelike,11
graniteware,11
granitic,8
grannie,7
granny,6
granola,7
grant,5
granted,7
grantee,7
granter,7
granth,6
grantor,7
granular,8
granularity,11
granulate,9
granulated,10
granulation,11
granule,7
granuliferous,13
granulocyte,11
granulocytic,12
granuloma,9
granulomatous,13
granulose,9
grape,5
grapefruit,10
grapelike,9
grapeshot,9
grapevine,9
grapey,6
graph,5
grapheme,8
graphic,7
graphical,9
graphically,11
graphics,8
graphite,8
graphologist,12
graphology,10
graphospasm,11
grapnel,7
grapo,5
grappa,6
grappelli,9
grapple,7
grappler,8
grappling,9
graptophyllum,13
grapy,5
grasp,5
graspable,9
grasping,8
grass,5
grassfinch,10
grassfire,9
grasshopper,11
grassland,9
grassless,9
grasslike,9
grassroots,10
grassy,6
grate,5
grateful,8
gratefully,10
gratefulness,12
grater,6
graticule,9
gratification,13
gratified,9
gratify,7
gratifying,10
gratifyingly,12
grating,7
gratingly,9
gratis,6
gratitude,9
gratuitous,10
gratuitously,12
gratuity,8
gratulatory,11
grave,5
gravedigger,11
gravel,6
gravelly,8
gravelweed,10
gravely,7
graven,6
graveness,9
graver,6
graverobber,11
graves,6
gravestone,10
graveyard,9
gravid,6
gravida,7
gravidation,11
gravidity,9
gravidness,10
gravimeter,10
gravimetric,11
gravimetry,10
gravitas,8
gravitate,9
gravitation,11
gravitational,13
gravitationally,15
gravitative,11
graviton,8
gravity,7
gravure,7
gravy,5
gray,4
grayback,8
graybeard,9
grayhen,7
grayish,7
graylag,7
grayly,6
grayness,8
graz,4
graze,5
grazed,6
grazier,7
grazing,7
grease,6
greaseball,10
greased,7
greasepaint,11
greaseproof,11
greaser,7
greasewood,10
greasily,8
greasiness,10
greasy,6
great,5
greatcoat,9
greater,7
greatest,8
greathearted,12
greatly,7
greatness,9
greave,6
greaves,7
grebe,5
grecian,7
greco,5
greece,6
greed,5
greedily,8
greediness,10
greedy,6
greegree,8
greek,5
greeley,7
green,5
greenback,9
greenbelt,9
greenberg,9
greenbottle,11
greenbrier,10
greene,6
greenery,8
greeneye,8
greenfly,8
greengage,9
greengrocer,11
greengrocery,12
greenhood,9
greenhorn,9
greenhouse,10
greening,8
greenish,8
greenishness,12
greenland,9
greenling,9
greenly,7
greenmail,9
greenmarket,11
greenness,9
greenockite,11
greenpeace,10
greenroom,9
greens,6
greensand,9
greensboro,10
greenshank,10
greensick,9
greensickness,13
greenside,9
greenskeeper,12
greensward,10
greenville,10
greenway,8
greenweed,9
greenwich,9
greenwing,9
greenwood,9
greet,5
greeter,7
greeting,8
gregarine,9
gregarinida,11
gregarious,10
gregariously,12
gregariousness,14
gregorian,9
gregory,7
greisen,7
gremlin,7
grenada,7
grenade,7
grenadian,9
grenadier,9
grenadine,9
grenoble,8
gresham,7
gretzky,7
grevillea,9
grewia,6
grey,4
greyback,8
greybeard,9
greyed,6
greyhen,7
greyhound,9
greyish,7
greylag,7
greyly,6
greyness,8
grias,5
grid,4
griddle,7
griddlecake,11
gridiron,8
gridlock,8
grief,5
grieg,5
grievance,9
grieve,6
griever,7
grieving,8
grievous,8
grievously,10
griffin,7
griffith,8
griffon,7
grifter,7
grigri,6
grill,5
grille,6
grilled,7
grilling,8
grillroom,9
grillwork,9
grim,4
grimace,7
grime,5
griminess,9
grimly,6
grimm,5
grimness,8
grimoire,8
grimy,5
grin,4
grind,5
grindelia,9
grinder,7
grinding,8
grindle,7
grindstone,10
gringo,6
grinner,7
grinning,8
griot,5
grip,4
gripe,5
gripes,6
griping,7
grippe,6
gripping,8
gripsack,8
gris,4
grisaille,9
griselinia,10
griseofulvin,12
grisly,6
grison,6
grissino,8
grist,5
gristle,7
gristly,7
gristmill,9
grit,4
gritrock,8
grits,5
gritstone,9
gritty,6
grivet,6
grizzle,7
grizzled,8
grizzly,7
groak,5
groan,5
groaner,7
groat,5
groats,6
grocer,6
grocery,7
groenendael,11
groenlandia,11
grog,4
grogginess,10
groggy,6
grogram,7
groin,5
grok,4
grommet,7
gromwell,8
gromyko,7
gronland,8
groom,5
groomed,7
grooming,8
groomsman,9
groove,6
grooved,7
groover,7
grooving,8
groovy,6
grope,5
groping,7
gropingly,9
gropius,7
grosbeak,8
groschen,8
grosgrain,9
gross,5
grossbeak,9
grossly,7
grossness,9
grossulariaceae,15
grosz,5
grot,4
grotesque,9
grotesquely,11
grotesqueness,13
grotesquerie,12
grotesquery,11
grotius,7
grotto,6
grotty,6
grouch,6
grouchily,9
groucho,7
grouchy,7
ground,6
groundball,10
groundberry,11
groundbreaker,13
groundbreaking,14
groundcover,11
grounder,8
groundfish,10
groundhog,9
grounding,9
groundkeeper,12
groundless,10
groundlessness,14
groundling,10
groundmass,10
groundnut,9
grounds,7
groundsel,9
groundsheet,11
groundskeeper,13
groundsman,10
groundspeed,11
groundwork,10
group,5
grouped,7
grouper,7
groupie,7
grouping,8
groupthink,10
groupware,9
grouse,6
grouseberry,11
grout,5
grove,5
grovel,6
groveler,8
groveling,9
groveller,9
grovelling,10
groves,6
grow,4
grower,6
growing,7
growl,5
growler,7
growling,8
grown,5
grownup,7
growth,6
groyne,6
grozny,6
groznyy,7
grub,4
grubbily,8
grubbiness,10
grubby,6
grubstake,9
grudge,6
grudging,8
grudgingly,10
gruel,5
grueling,8
gruelling,9
gruesome,8
gruesomely,10
gruesomeness,12
gruff,5
gruffly,7
gruffness,9
grugru,6
gruidae,7
gruiformes,10
grumble,7
grumbler,8
grumbling,9
grume,5
grummet,7
grumose,7
grumous,7
grump,5
grumpily,8
grumpiness,10
grumpy,6
grundyism,9
grunge,6
grungily,8
grungy,6
grunt,5
grunter,7
gruntle,7
grus,4
gruyere,7
gryllidae,9
gryphon,7
gspc,4
guacamole,9
guacharo,8
guadalajara,11
guadalcanal,11
guadeloupe,10
guaiac,6
guaiacum,8
guaira,6
guallatiri,10
guam,4
guama,5
guan,4
guanabana,9
guanabenz,9
guanaco,7
guangdong,9
guangzhou,9
guanine,7
guano,5
guanosine,9
guantanamo,10
guar,4
guarani,7
guarantee,9
guarantor,9
guaranty,8
guard,5
guardant,8
guarded,7
guardedly,9
guardhouse,10
guardian,8
guardianship,12
guardrail,9
guardroom,9
guardsman,9
guarneri,8
guarnerius,10
guarnieri,9
guatemala,9
guatemalan,10
guava,5
guayaquil,9
guayule,7
gubbins,7
gubernatorial,13
guck,4
gudgeon,7
guenevere,9
guenon,6
guerdon,7
guereza,7
gueridon,8
guerilla,8
guernsey,8
guerrilla,9
guess,5
guesser,7
guessing,8
guesstimate,11
guesswork,9
guest,5
guesthouse,10
guestimate,10
guestroom,9
guestworker,11
guevara,7
guevina,7
guff,4
guffaw,6
guggenheim,10
guggle,6
guiana,6
guib,4
guidance,8
guide,5
guidebook,9
guided,6
guideline,9
guidepost,9
guideword,9
guiding,7
guild,5
guilder,7
guildhall,9
guile,5
guileful,8
guileless,9
guillemot,9
guilloche,9
guillotine,10
guilt,5
guiltily,8
guiltiness,10
guiltless,9
guiltlessness,13
guilty,6
guimpe,6
guinea,6
guinean,7
guinevere,9
guinness,8
guise,5
guitar,6
guitarfish,10
guitarist,9
gujarat,7
gujarati,8
gujerat,7
gujerati,8
gula,4
gulag,5
gulch,5
gulden,6
gulf,4
gulfweed,8
gull,4
gullet,6
gullibility,11
gullible,8
gulliver,8
gully,5
gulo,4
gulp,4
gulper,6
gulping,7
gulu,4
gulyas,6
gumbo,5
gumboil,7
gumdrop,7
gumma,5
gummed,6
gumminess,9
gumming,7
gummite,7
gummosis,8
gummy,5
gumption,8
gumptious,9
gumshield,9
gumshoe,7
gumweed,7
gumwood,7
gunboat,7
guncotton,9
gunfight,8
gunfire,7
gunflint,8
gunite,6
gunk,4
gunlock,7
gunman,6
gunmetal,8
gunnel,6
gunner,6
gunnery,7
gunny,5
gunnysack,9
gunplay,7
gunpoint,8
gunpowder,9
gunrunner,9
gunrunning,10
gunshot,7
gunsight,8
gunslinger,10
gunsmith,8
gunstock,8
gunwale,7
guomindang,10
guppy,5
gurgle,6
gurkha,6
gurnard,7
gurney,6
guru,4
gush,4
gusher,6
gushing,7
gushingly,9
gushy,5
gusset,6
gusseted,8
gust,4
gustation,9
gustative,9
gustatorial,11
gustatory,9
gustavus,8
gusto,5
gusty,5
gutenberg,9
guthrie,7
gutierrezia,11
gutless,7
gutlessness,11
guts,4
gutsiness,9
gutsy,5
gutter,6
guttersnipe,11
guttiferae,10
guttiferales,12
guttle,6
guttural,8
gutturally,10
guvnor,6
guyana,6
guyanese,8
guyot,5
guzzle,6
guzzler,7
guzzling,8
gwydion,7
gwyn,4
gwynn,5
gybe,4
gymkhana,8
gymnadenia,10
gymnadeniopsis,14
gymnasium,9
gymnast,7
gymnastic,9
gymnastics,10
gymnelis,8
gymnocalycium,13
gymnocarpium,12
gymnocladus,11
gymnogyps,9
gymnomycota,11
gymnophiona,11
gymnopilus,10
gymnorhina,10
gymnosophical,13
gymnosophist,12
gymnosophy,10
gymnosperm,10
gymnospermae,12
gymnospermous,13
gymnosporangium,15
gymnura,7
gymslip,7
gynaecological,14
gynaecologist,13
gynaecology,11
gynaeolatry,11
gynandromorph,13
gynandromorphic,15
gynarchy,8
gynecocracy,11
gynecologic,11
gynecological,13
gynecologist,12
gynecology,10
gynecomastia,12
gyneolatry,10
gynne,5
gynobase,8
gynoecium,9
gynogenesis,11
gynophobia,10
gynophore,9
gynostegium,11
gynura,6
gypaetus,8
gyps,4
gypsophila,10
gypsum,6
gypsy,5
gypsyweed,9
gypsywort,9
gyral,5
gyrate,6
gyration,8
gyre,4
gyrfalcon,9
gyrinidae,9
gyro,4
gyrocompass,11
gyromitra,9
gyroplane,9
gyroscope,9
gyroscopic,10
gyrostabiliser,14
gyrostabilizer,14
gyrus,5
gywn,4
haart,5
haastia,7
habacuc,7
habakkuk,8
habanera,8
habenaria,9
haber,5
haberdasher,11
haberdashery,12
habergeon,9
habiliment,10
habilimented,12
habilitate,10
habit,5
habitability,12
habitable,9
habitableness,13
habitant,8
habitat,7
habitation,10
habited,7
habitual,8
habitually,10
habituate,9
habituation,11
habitude,8
habitue,7
habitus,7
habsburg,8
hacek,5
hachiman,8
hachure,7
hacienda,8
hack,4
hackamore,9
hackberry,9
hackbut,7
hackee,6
hackelia,8
hacker,6
hackle,6
hackles,7
hackmatack,10
hackney,7
hackneyed,9
hacksaw,7
hackwork,8
hadal,5
haddock,7
hadean,6
hades,5
hadith,6
hadj,4
hadji,5
hadrian,7
hadron,6
hadrosaur,9
hadrosauridae,13
hadrosaurus,11
haecceity,9
haeckel,7
haem,4
haemagglutinate,15
haemal,6
haemangioma,11
haemanthus,10
haematal,8
haematemesis,12
haematic,8
haematinic,10
haematite,9
haematobia,10
haematocele,11
haematochezia,13
haematocoele,12
haematocolpos,13
haematocrit,11
haematocyturia,14
haematogenesis,14
haematogenic,12
haematohiston,13
haematoidin,11
haematological,14
haematologist,13
haematology,11
haematolysis,12
haematoma,9
haematopodidae,14
haematopoiesis,14
haematopoietic,14
haematopus,10
haematoxylon,12
haematoxylum,12
haematuria,10
haemic,6
haemitin,8
haemodialysis,13
haemodoraceae,13
haemodorum,10
haemogenesis,12
haemoglobin,11
haemoglobinemia,15
haemoglobinuria,15
haemolysin,10
haemolysis,10
haemolytic,10
haemophile,10
haemophilia,11
haemophiliac,12
haemophilic,11
haemopis,8
haemopoiesis,12
haemopoietic,12
haemoproteid,12
haemoproteidae,14
haemoprotein,12
haemoproteus,12
haemoptysis,11
haemorrhage,11
haemorrhagic,12
haemorrhoid,11
haemosiderin,12
haemosiderosis,14
haemosporidia,13
haemosporidian,14
haemostasia,11
haemostasis,11
haemostat,9
haemothorax,11
haemulidae,10
haemulon,8
hafnium,7
haft,4
haftarah,8
haftorah,8
hagada,6
haganah,7
hagberry,8
hagbut,6
hagerstown,10
hagfish,7
haggada,7
haggadah,8
haggai,6
haggard,7
haggardly,9
haggis,6
haggle,6
haggler,7
haggling,8
hagiographa,11
hagiographer,12
hagiographist,13
hagiography,11
hagiolatry,10
hagiologist,11
hagiology,9
hagridden,9
hahn,4
hahnium,7
haick,5
haida,5
haifa,5
haik,4
haiku,5
hail,4
hailstone,9
hailstorm,9
haiphong,8
hair,4
hairball,8
hairbrush,9
haircare,8
haircloth,9
haircut,7
hairdo,6
hairdresser,11
hairdressing,12
haired,6
hairgrip,8
hairiness,9
hairless,8
hairlessness,12
hairlike,8
hairline,8
hairnet,7
hairpiece,9
hairpin,7
hairsbreadth,12
hairsplitter,12
hairsplitting,13
hairspring,10
hairstreak,10
hairstyle,9
hairstylist,11
hairtail,8
hairweaving,11
hairy,5
haiti,5
haitian,7
haji,4
hajj,4
hajji,5
hake,4
hakea,5
hakeem,6
hakenkreuz,10
hakham,6
hakim,5
hakka,5
halab,5
halacha,7
halaka,6
halakah,7
halal,5
halberd,7
halberdier,10
halchidhoma,11
halcion,7
halcyon,7
haldane,7
haldea,6
haldol,6
hale,4
haleness,8
halenia,7
haler,5
halesia,7
halevy,6
haley,5
half,4
halfback,8
halfbeak,8
halfhearted,11
halfpenny,9
halfpennyworth,14
halftime,8
halftone,8
halfway,7
haliaeetus,10
halibut,7
halicarnassus,13
halicoeres,10
halictidae,10
halide,6
halifax,7
halimodendron,13
haliotidae,10
haliotis,8
halite,6
halitosis,9
halitus,7
hall,4
hallah,6
halle,5
hallel,6
hallelujah,10
halley,6
halliard,8
hallmark,8
halloo,6
hallow,6
hallowed,8
halloween,9
hallowmas,9
hallowmass,10
hallstand,9
hallucinate,11
hallucinating,13
hallucination,13
hallucinatory,13
hallucinogen,12
hallucinogenic,14
hallucinosis,12
hallux,6
hallway,7
halm,4
halma,5
halo,4
haloalkane,10
halobacter,10
halobacteria,12
halobacterium,13
halocarbon,10
halocarpus,10
haloform,8
halogen,7
halogeton,9
halon,5
haloperidol,11
halophil,8
halophile,9
halophyte,9
haloragaceae,12
haloragidaceae,14
halothane,9
hals,4
halt,4
halter,6
haltere,7
halting,7
haltingly,9
halve,5
halyard,7
hamadryad,9
hamamelidaceae,14
hamamelidae,11
hamamelidanthum,15
hamamelidoxylon,15
hamamelis,9
hamamelites,11
haman,5
hamartia,8
hamartoma,9
hamas,5
hamate,6
hamburg,7
hamburger,9
hame,4
hamelia,7
hamelin,7
hameln,6
hamilton,8
haminoea,8
hamitic,7
hamlet,6
hammarskjold,12
hammer,6
hammered,8
hammerhead,10
hammering,9
hammerlock,10
hammerstein,11
hammertoe,9
hammett,7
hamming,7
hammock,7
hammurabi,9
hammurapi,9
hammy,5
hamper,6
hampshire,9
hampton,7
hamster,7
hamstring,9
hamsun,6
hancock,7
hand,4
handbag,7
handball,8
handbarrow,10
handbasin,9
handbasket,10
handbell,8
handbill,8
handbook,8
handbow,7
handbreadth,11
handbuild,9
handcar,7
handcart,8
handclap,8
handclasp,9
handcolor,9
handcolour,10
handcraft,9
handcuff,8
handed,6
handedness,10
handel,6
handelian,9
handful,7
handgrip,8
handgun,7
handheld,8
handhold,8
handicap,8
handicapped,11
handicapper,11
handicraft,10
handily,7
handiness,9
handiwork,9
handkerchief,12
handle,6
handlebar,9
handled,7
handleless,10
handler,7
handless,8
handline,8
handling,8
handlock,8
handloom,8
handmade,8
handmaid,8
handmaiden,10
handoff,7
handout,7
handover,8
handrail,8
handrest,8
hands,5
handsaw,7
handsbreadth,12
handset,7
handsewn,8
handshake,9
handshaking,11
handsome,8
handsomely,10
handsomeness,12
handspike,9
handspring,10
handstamp,9
handstand,9
handstitched,12
handwash,8
handwear,8
handwheel,9
handwork,8
handwoven,9
handwrite,9
handwriting,11
handwritten,11
handy,5
handyman,8
hang,4
hangar,6
hangbird,8
hangchow,8
hangdog,7
hanger,6
hanging,7
hangman,7
hangnail,8
hangout,7
hangover,8
hangzhou,8
hani,4
hank,4
hanker,6
hankering,9
hankey,6
hankie,6
hanks,5
hanky,5
hannibal,8
hannover,8
hannukah,8
hanoi,5
hanover,7
hanoverian,10
hansard,7
hansom,6
hanukah,7
hanukkah,8
hanuman,7
haoma,5
haphazard,9
haphazardly,11
haphazardness,13
haphtarah,9
haphtorah,9
hapless,7
haploid,7
haploidic,9
haploidy,8
haplopappus,11
haplosporidia,13
haplosporidian,14
haplotype,9
haply,5
happen,6
happening,9
happenstance,12
happily,7
happiness,9
happy,5
hapsburg,8
haptic,6
haptically,10
haptoglobin,11
harakiri,8
harangue,8
haranguer,9
harare,6
harass,6
harassed,8
harasser,8
harassment,10
harbinger,9
harbor,6
harborage,9
harbour,7
harbourage,10
hard,4
hardback,8
hardbacked,10
hardbake,8
hardball,8
hardboard,9
hardbound,9
hardcore,8
hardcover,9
harden,6
hardenbergia,12
hardened,8
hardening,9
hardfisted,10
hardheaded,10
hardheads,9
hardhearted,11
hardheartedness,15
hardihood,9
hardiness,9
harding,7
hardinggrass,12
hardline,8
hardliner,9
hardly,6
hardness,8
hardpan,7
hardscrabble,12
hardship,8
hardtack,8
hardtop,7
hardware,8
hardwareman,11
hardwood,8
hardworking,11
hardy,5
hare,4
harebell,8
harebrained,11
haredi,6
hareem,6
harefoot,8
harelip,7
harem,5
hargeisa,8
hargreaves,10
haricot,7
harijan,7
harikari,8
hark,4
harken,6
harlem,6
harlequin,9
harlequinade,12
harlot,6
harlotry,8
harlow,6
harm,4
harmattan,9
harmful,7
harmfully,9
harmfulness,11
harmless,8
harmlessly,10
harmonic,8
harmonica,9
harmonical,10
harmonically,12
harmonics,9
harmonious,10
harmoniously,12
harmoniousness,14
harmonisation,13
harmonise,9
harmonised,10
harmoniser,10
harmonium,9
harmonizable,12
harmonization,13
harmonize,9
harmonized,10
harmonizer,10
harmony,7
harmsworth,10
harness,7
harnessed,9
harp,4
harper,6
harpia,6
harpist,7
harpo,5
harpoon,7
harpooneer,10
harpooner,9
harpsichord,11
harpsichordist,14
harpulla,8
harpullia,9
harpy,5
harquebus,9
harridan,8
harried,7
harrier,7
harriman,8
harris,6
harrisburg,10
harrisia,8
harrison,8
harrod,6
harrow,6
harrowing,9
harry,5
harsh,5
harshen,7
harshly,7
harshness,9
hart,4
harte,5
hartebeest,10
hartford,8
hartley,7
harvard,7
harvest,7
harvester,9
harvestfish,11
harvesting,10
harvestman,10
harvey,6
haschisch,9
hasdrubal,9
hasek,5
hash,4
hasheesh,8
hashish,7
hashmark,8
hasid,5
hasidic,7
hasidim,7
hasidism,8
haslet,6
hasp,4
hassam,6
hassel,6
hassid,6
hassidic,8
hassidim,8
hassidism,9
hassium,7
hassle,6
hassock,7
hastate,7
haste,5
hasten,6
hastily,7
hastinapura,11
hastiness,9
hastings,8
hasty,5
hatband,7
hatbox,6
hatch,5
hatchback,9
hatched,7
hatchel,7
hatchery,8
hatchet,7
hatching,8
hatchling,9
hatchway,8
hate,4
hated,5
hateful,7
hatefully,9
hatefulness,11
hatemonger,10
hater,5
hatful,6
hathaway,8
hatiora,7
hatless,7
hatmaker,8
hatpin,6
hatrack,7
hatred,6
hatted,6
hatter,6
hattiesburg,11
hauberk,7
haughtily,9
haughtiness,11
haughty,7
haul,4
haulage,7
hauler,6
haulier,7
hauling,7
haulm,5
haunch,6
haunt,5
haunted,7
haunting,8
hausa,5
hausen,6
hausmannite,11
haussa,6
haustorium,10
hautbois,8
hautboy,7
hauteur,7
havana,6
havasupai,9
have,4
havel,5
havelock,8
haven,5
haversack,9
havoc,5
hawaii,6
hawaiian,8
hawala,6
hawfinch,8
hawk,4
hawkbill,8
hawkbit,7
hawker,6
hawking,7
hawkins,7
hawkish,7
hawkishness,11
hawkmoth,8
hawksbill,9
hawkshaw,8
hawkweed,8
hawkyns,7
haworth,7
hawse,5
hawsehole,9
hawsepipe,9
hawser,6
hawthorn,8
hawthorne,9
hayastan,8
haycock,7
haydn,5
hayek,5
hayes,5
hayfield,8
hayfork,7
haying,6
hayloft,7
haymaker,8
haymaking,9
haymow,6
hayrack,7
hayrick,7
hayrig,6
hays,4
hayseed,7
haystack,8
hayti,5
haywire,7
haywood,7
hazan,5
hazard,6
hazardia,8
hazardous,9
hazardously,11
hazardousness,13
haze,4
hazel,5
hazelnut,8
hazelwood,9
hazily,6
haziness,8
hazlitt,7
hazmat,6
hazy,4
hcfc,4
hdtv,4
head,4
headache,8
headband,8
headboard,9
headbutt,8
headcheese,10
headcount,9
headcounter,11
headdress,9
headed,6
header,6
headfast,8
headfirst,9
headfish,8
headful,7
headgear,8
headhunter,10
heading,7
headlamp,8
headland,8
headless,8
headlight,9
headlike,8
headline,8
headliner,9
headlinese,10
headlock,8
headlong,8
headman,7
headmaster,10
headmastership,14
headmistress,12
headphone,9
headpiece,9
headpin,7
headquarter,11
headquarters,12
headrace,8
headrest,8
headroom,8
headsail,8
headscarf,9
headset,7
headshake,9
headshaking,11
headship,8
headshot,8
headsman,8
headspace,9
headspring,10
headstall,9
headstand,9
headstock,9
headstone,9
headstream,10
headstrong,10
headwaiter,10
headwater,9
headway,7
headwind,8
headword,8
heady,5
heal,4
healed,6
healer,6
healing,7
health,6
healthcare,10
healthful,9
healthfulness,13
healthier,9
healthily,9
healthiness,11
healthy,7
heap,4
heaps,5
hear,4
hearable,8
heard,5
hearer,6
hearing,7
hearken,7
hearsay,7
hearse,6
hearst,6
heart,5
heartache,9
heartbeat,9
heartbreak,10
heartbreaker,12
heartbreaking,13
heartbroken,11
heartburn,9
heartburning,12
hearten,7
heartening,10
heartfelt,9
hearth,6
hearthrug,9
hearthstone,11
heartily,8
heartiness,10
heartland,9
heartleaf,9
heartless,9
heartlessly,11
heartlessness,13
heartrending,12
heartrot,8
hearts,6
heartsease,10
heartseed,9
heartsick,9
heartsickness,13
heartstrings,12
heartthrob,10
heartwarming,12
heartwood,9
hearty,6
heat,4
heatable,8
heated,6
heatedly,8
heater,6
heath,5
heathen,7
heathenish,10
heathenism,10
heather,7
heathfowl,9
heathland,9
heathlike,9
heating,7
heatless,8
heatstroke,10
heaume,6
heave,5
heaven,6
heavenly,8
heavens,7
heavenward,10
heavenwardly,12
heavenwards,11
heaver,6
heaves,6
heavily,7
heaviness,9
heaving,7
heaviside,9
heavy,5
heavyhearted,12
heavyset,8
heavyweight,11
hebbel,6
hebdomad,8
hebdomadal,10
hebdomadally,12
hebdomadary,11
hebe,4
hebei,5
hebephrenia,11
hebephrenic,11
hebetude,8
hebraic,7
hebraical,9
hebraism,8
hebraist,8
hebrew,6
hebrews,7
hebridean,9
hebrides,8
hecate,6
hecatomb,8
hecht,5
heckelphone,11
heckle,6
heckler,7
heckling,8
hectare,7
hectic,6
hectically,10
hectogram,9
hectograph,10
hectoliter,10
hectolitre,10
hectometer,10
hectometre,10
hector,6
hedeoma,7
hedera,6
hedge,5
hedged,6
hedgefund,9
hedgehog,8
hedgehop,8
hedger,6
hedgerow,8
hedging,7
hediondilla,11
hedjaz,6
hedonic,7
hedonism,8
hedonist,8
hedonistic,10
hedysarum,9
heed,4
heedful,7
heedfully,9
heedfulness,11
heedless,8
heedlessly,10
heedlessness,12
heel,4
heelbone,8
hefa,4
heft,4
heftiness,9
hefty,5
hegari,6
hegel,5
hegelian,8
hegemon,7
hegemony,8
hegira,6
heidegger,9
heifer,6
height,6
heighten,8
heightening,11
heights,7
heilong,7
heimdal,7
heimdall,8
heimdallr,9
heinlein,8
heinous,7
heinously,9
heinousness,11
heinz,5
heir,4
heiress,7
heirloom,8
heisenberg,10
heist,5
hejaz,5
hejira,6
hela,4
held,4
helen,5
helena,6
helenium,8
heleodytes,10
heliac,6
heliacal,8
heliamphora,11
helianthemum,12
helianthus,10
helical,7
helichrysum,11
helicidae,9
helicon,7
helicopter,10
helicteres,10
heliobacter,11
heliocentric,12
heliogram,9
heliograph,10
heliogravure,12
heliolatry,10
heliometer,10
heliopause,10
heliophila,10
heliopsis,9
helios,6
heliosphere,11
heliotherapy,12
heliothis,9
heliotrope,10
heliotropism,12
heliotype,9
heliozoa,8
heliozoan,9
heliport,8
helipterum,10
helium,6
helix,5
hell,4
hellbender,10
hellcat,7
hellebore,9
helleborine,11
helleborus,10
hellene,7
hellenic,8
hellenism,9
hellenistic,11
hellenistical,13
heller,6
helleri,7
hellespont,10
hellfire,8
hellgrammiate,13
hellhole,8
hellhound,9
hellion,7
hellish,7
hellishly,9
hellman,7
hello,5
helm,4
helmet,6
helmeted,8
helmetflower,12
helmholtz,9
helminth,8
helminthiasis,13
helminthic,10
helmsman,8
heloderma,9
helodermatidae,14
heloise,7
helot,5
helotiaceae,11
helotiales,10
helotium,8
help,4
helpdesk,8
helper,6
helpful,7
helpfully,9
helpfulness,11
helping,7
helpless,8
helplessly,10
helplessness,12
helpmate,8
helpmeet,8
helsingfors,11
helsinki,8
helve,5
helvella,8
helvellaceae,12
helvetica,9
helwingia,9
helxine,7
hemachatus,10
hemagglutinate,14
hemal,5
hemangioma,10
hematal,7
hematemesis,11
hematic,7
hematin,7
hematinic,9
hematite,8
hematocele,10
hematochezia,12
hematochrome,12
hematocoele,11
hematocolpos,12
hematocrit,10
hematocyst,10
hematocytopenia,15
hematocyturia,13
hematogenesis,13
hematogenic,11
hematohiston,12
hematoidin,10
hematologic,11
hematological,13
hematologist,12
hematology,10
hematolysis,11
hematoma,8
hematopoiesis,13
hematopoietic,13
hematuria,9
heme,4
hemeralopia,11
hemerobiid,10
hemerobiidae,12
hemerocallis,12
hemiacetal,10
hemianopia,10
hemianopsia,11
hemiascomycetes,15
hemic,5
hemicrania,10
hemicycle,9
hemiepiphyte,12
hemigalus,9
hemigrammus,11
hemimetabola,12
hemimetabolic,13
hemimetabolism,14
hemimetabolous,14
hemimetaboly,12
hemimetamorphic,15
hemimorphite,12
hemin,5
heming,6
hemingway,9
hemingwayesque,14
hemiparasite,12
hemiparasitic,13
hemiplegia,10
hemiplegic,10
hemipode,8
hemiprocnidae,13
hemiptera,9
hemipteran,10
hemipteron,10
hemipteronatus,14
hemiramphidae,13
hemisphere,10
hemispheric,11
hemispherical,13
hemitripterus,13
hemline,7
hemlock,7
hemminge,8
hemochromatosis,15
hemodialysis,12
hemodialyzer,12
hemodynamic,11
hemodynamics,12
hemofil,7
hemogenesis,11
hemoglobin,10
hemoglobinemia,14
hemoglobinuria,14
hemolysin,9
hemolysis,9
hemolytic,9
hemophile,9
hemophilia,10
hemophiliac,11
hemophilic,10
hemopoiesis,11
hemopoietic,11
hemoprotein,11
hemoptysis,10
hemorrhage,10
hemorrhagic,11
hemorrhoid,10
hemosiderin,11
hemosiderosis,13
hemostasia,10
hemostasis,10
hemostat,8
hemostatic,10
hemothorax,10
hemp,4
hempen,6
hemstitch,9
hemstitching,12
henbane,7
henbit,6
hence,5
henceforth,10
henceforward,12
henchman,8
hencoop,7
hendiadys,9
hendrix,7
henhouse,8
henna,5
henpecked,9
henroost,8
henry,5
henson,6
hepadnavirus,12
heparin,7
hepatic,7
hepatica,8
hepaticae,9
hepaticopsida,13
hepatitis,9
hepatocarcinoma,15
hepatoflavin,12
hepatoma,8
hepatomegaly,12
hepatotoxic,11
hepatotoxin,11
hepburn,7
hephaestus,10
hephaistos,10
heptad,6
heptagon,8
heptane,7
hepworth,8
hera,4
heracles,8
heracleum,9
heraclitus,10
herakles,8
herald,6
heralded,8
heraldic,8
heraldist,9
heraldry,8
herat,5
herb,4
herbaceous,10
herbage,7
herbal,6
herbalist,9
herbarium,9
herbart,7
herbert,7
herbicide,9
herbivore,9
herbivorous,11
herculaneum,11
herculean,9
hercules,8
herculius,9
herd,4
herder,6
herdsman,8
here,4
hereabout,9
hereabouts,10
hereafter,9
hereby,6
hereditament,12
hereditarianism,15
hereditary,10
heredity,8
hereford,8
herein,6
hereinafter,11
hereinbefore,12
hereness,8
hereof,6
herero,6
heresy,6
heretic,7
heretical,9
hereto,6
heretofore,10
hereunder,9
hereupon,8
herewith,8
heritable,9
heritage,8
heritiera,9
heritor,7
herm,4
herman,6
hermann,7
hermannia,9
hermaphrodism,13
hermaphrodite,13
hermaphroditic,14
hermaphroditism,15
hermaphroditus,14
hermeneutic,11
hermeneutics,12
hermes,6
hermetic,8
hermetically,12
hermissenda,11
hermit,6
hermitage,9
hermitic,8
hermitical,10
hermosillo,10
hernaria,8
hernia,6
herniation,10
hero,4
herod,5
herodotus,9
heroic,6
heroical,8
heroically,10
heroics,7
heroin,6
heroine,7
heroism,7
heron,5
heronry,7
herpangia,9
herpes,6
herpestes,9
herpetologist,13
herpetology,11
herr,4
herrenvolk,10
herrerasaur,11
herrerasaurus,13
herrick,7
herring,7
herringbone,11
herschel,8
hershey,7
hertfordshire,13
hertha,6
hertz,5
hertzian,8
herzberg,8
heshvan,7
hesiod,6
hesitance,9
hesitancy,9
hesitant,8
hesitantly,10
hesitate,8
hesitater,9
hesitating,10
hesitatingly,12
hesitation,10
hesitator,9
hesperian,9
hesperides,10
hesperiphona,12
hesperis,8
hesperus,8
hess,4
hesse,5
hessian,7
hessonite,9
hestia,6
heteranthera,12
heterocephalus,14
heterocercal,12
heterocycle,11
heterocyclic,12
heterodactyl,12
heterodon,9
heterodox,9
heterodoxy,10
heterodyne,10
heteroecious,12
heterogeneity,13
heterogeneous,13
heterogenesis,13
heterogenous,12
heterograft,11
heteroicous,11
heterokontae,12
heterologic,11
heterological,13
heterologous,12
heterology,10
heteromeles,11
heterometabolic,15
heterometaboly,14
heteromyidae,12
heteronym,9
heteroploid,11
heteroploidy,12
heteroptera,11
heteroscelus,12
heterosexism,12
heterosexual,12
heterosexualism,15
heterosexuality,15
heterosis,9
heterosomata,12
heterosporous,13
heterospory,11
heterostracan,13
heterostraci,12
heterotaxy,10
heterotheca,11
heterothermic,13
heterotrichales,15
heterotroph,11
heterotrophic,13
heterozygosity,14
heterozygote,12
heterozygous,12
heth,4
heuchera,8
heulandite,10
heuristic,9
hevea,5
hevesy,6
hewer,5
hewn,4
hexachlorophene,15
hexad,5
hexadecimal,11
hexadrol,8
hexagon,7
hexagonal,9
hexagram,8
hexagrammidae,13
hexagrammos,11
hexahedron,10
hexalectris,11
hexameter,9
hexamita,8
hexanchidae,11
hexanchus,9
hexane,6
hexangular,10
hexapod,7
hexapoda,8
hexed,5
hexenbesen,10
hexestrol,9
hexose,6
heyday,6
heyerdahl,9
heyrovsky,9
heyse,5
heyward,7
hezbollah,9
hezekiah,8
hiatus,6
hiawatha,8
hibachi,7
hibbertia,9
hibbing,7
hibernal,8
hibernate,9
hibernating,11
hibernation,11
hibernia,8
hibiscus,8
hiccough,8
hiccup,6
hick,4
hickey,6
hickock,7
hickory,7
hidatsa,7
hidden,6
hiddenite,9
hiddenness,10
hide,4
hideaway,8
hidebound,9
hideous,7
hideously,9
hideousness,11
hideout,7
hiding,6
hidrosis,8
hidrotic,8
hiemal,6
hieracium,9
hierarch,8
hierarchal,10
hierarchic,10
hierarchical,12
hierarchically,14
hierarchy,9
hieratic,8
hieratical,10
hierocracy,10
hieroglyph,10
hieroglyphic,12
hieroglyphical,14
hierolatry,10
hieronymus,10
hifalutin,9
higginson,9
higgle,6
high,4
highball,8
highbinder,10
highboard,9
highborn,8
highboy,7
highbrow,8
highbrowed,10
highchair,9
higher,6
highfalutin,11
highfaluting,12
highflier,9
highflyer,9
highflying,10
highjack,8
highjacker,10
highjacking,11
highland,8
highlander,10
highlands,9
highlife,8
highlight,9
highlighter,11
highlighting,12
highly,6
highness,8
highroad,8
highschool,10
hightail,8
highwater,9
highway,7
highwayman,10
higi,4
hijab,5
hijack,6
hijacker,8
hijacking,9
hijaz,5
hijinks,7
hike,4
hiker,5
hiking,6
hilar,5
hilarious,9
hilariously,11
hilarity,8
hilbert,7
hildebrand,10
hill,4
hillary,7
hillbilly,9
hillel,6
hilliness,9
hillock,7
hillside,8
hilltop,7
hilly,5
hilo,4
hilt,4
hilum,5
hilus,5
himalaya,8
himalayan,9
himalayas,9
himalayish,10
himantoglossum,14
himantopus,10
himmler,7
hinault,7
hinayana,8
hinayanism,10
hinayanist,10
hind,4
hindbrain,9
hindemith,9
hindenburg,10
hinder,6
hinderance,10
hindering,9
hinderingly,11
hindermost,10
hindfoot,8
hindgut,7
hindi,5
hindlimb,8
hindmost,8
hindoo,6
hindooism,9
hindoostani,11
hindostani,10
hindquarter,11
hindquarters,12
hindrance,9
hindshank,9
hindsight,9
hindu,5
hinduism,8
hindustan,9
hindustani,10
hinge,5
hinny,5
hint,4
hinterland,10
hipbone,7
hipflask,8
hiplength,9
hipless,7
hipline,7
hipparchus,10
hippeastrum,11
hipped,6
hippie,6
hippies,7
hippo,5
hippobosca,10
hippoboscid,11
hippoboscidae,13
hippocampus,11
hippocrates,11
hippocratic,11
hippocrepis,11
hippodamia,10
hippodrome,10
hippoglossoides,15
hippoglossus,12
hippopotamidae,14
hippopotamus,12
hipposideridae,14
hipposideros,12
hippotragus,11
hippy,5
hipster,7
hipsters,8
hipsurus,8
hircine,7
hire,4
hired,5
hireling,8
hirer,5
hirohito,8
hiroshima,9
hirschfeld,10
hirschsprung,12
hirsute,7
hirsuteness,11
hirsutism,9
hirudinea,9
hirudinean,10
hirudinidae,11
hirudo,6
hirundinidae,12
hirundo,7
hispanic,8
hispaniola,10
hispaniolan,11
hispid,6
hiss,4
hisser,6
hissing,7
histaminase,11
histamine,9
histidine,9
histiocyte,10
histiocytosis,13
histogram,9
histologic,10
histological,12
histologically,14
histologist,11
histology,9
histone,7
historian,9
historic,8
historical,10
historically,12
historicalness,14
historicism,11
historied,9
historiographer,15
historiography,14
history,7
histrion,8
histrionic,10
histrionics,11
hitch,5
hitchcock,9
hitchhike,9
hitchhiker,10
hitchings,9
hitchiti,8
hitchrack,9
hither,6
hitherto,8
hitler,6
hitlerian,9
hitless,7
hitman,6
hitter,6
hitting,7
hittite,7
hive,4
hives,5
hizballah,9
hizbollah,9
hizbullah,9
hmong,5
hoactzin,8
hoagie,6
hoagland,8
hoagy,5
hoar,4
hoard,5
hoarder,7
hoarding,8
hoarfrost,9
hoariness,9
hoarse,6
hoarsely,8
hoarseness,10
hoary,5
hoatzin,7
hoax,4
hoaxer,6
hobart,6
hobbes,6
hobbit,6
hobble,6
hobbledehoy,11
hobbler,7
hobbs,5
hobby,5
hobbyhorse,10
hobbyism,8
hobbyist,8
hobgoblin,9
hobnail,7
hobnailed,9
hobnob,6
hobo,4
hock,4
hockey,6
hodeida,7
hoder,5
hodgepodge,10
hodgkin,7
hodman,6
hodometer,9
hodoscope,9
hodr,4
hodur,5
hoecake,7
hoenir,6
hoffa,5
hoffman,7
hoffmann,8
hoffmannsthal,13
hogan,5
hogarth,7
hogback,7
hogchoker,9
hogfish,7
hogg,4
hogged,6
hogget,6
hoggish,7
hoggishness,11
hogmanay,8
hogshead,8
hogwash,7
hogweed,7
hohenlinden,11
hohenzollern,12
hoheria,7
hohhot,6
hoist,5
hoister,7
hoka,4
hokan,5
hokey,5
hokkaido,8
hokkianese,10
hokum,5
hokusai,7
holarrhena,10
holbein,7
holbrookia,10
holcus,6
hold,4
holdall,7
holder,6
holdfast,8
holding,7
holdout,7
holdover,8
holdup,6
hole,4
holey,5
holibut,7
holiday,7
holidaymaker,12
holiness,8
holism,6
holistic,8
holla,5
holland,7
hollandaise,11
hollander,9
hollands,8
holler,6
hollering,9
hollerith,9
hollo,5
holloa,6
hollow,6
holloware,9
hollowness,10
hollowware,10
holly,5
hollygrape,10
hollyhock,9
hollywood,9
holmes,6
holmium,7
holocaust,9
holocene,8
holocentridae,13
holocentrus,11
holocephalan,12
holocephali,11
holocephalian,13
holofernes,10
hologram,8
holograph,9
holographic,11
holographical,13
holography,10
holometabola,12
holometabolic,13
holometabolism,14
holometabolous,14
holometaboly,12
holonym,7
holonymy,8
holophyte,9
holophytic,10
holothuria,10
holothurian,11
holothuridae,12
holothuroidea,13
holotype,8
holozoic,8
holstein,8
holster,7
holy,4
holystone,9
homage,6
homaridae,9
homarus,7
hombre,6
homburg,7
home,4
homebody,8
homebound,9
homeboy,7
homebrew,8
homebuilder,11
homecoming,10
homefolk,8
homegirl,8
homegrown,9
homel,5
homeland,8
homeless,8
homelessness,12
homelike,8
homeliness,10
homely,6
homemade,8
homemaker,9
homemaking,10
homeobox,8
homeopath,9
homeopathic,11
homeopathy,10
homeostasis,11
homeostatic,11
homeostatically,15
homeotherm,10
homeothermic,12
homeowner,9
homepage,8
homer,5
homeric,7
homeroom,8
homesick,8
homesickness,12
homespun,8
homestead,9
homesteader,11
homestretch,11
hometown,8
homeward,8
homewards,9
homework,8
homey,5
homicidal,9
homicide,8
homiletic,9
homiletical,11
homiletics,10
homily,6
hominal,7
homing,6
hominian,8
hominid,7
hominidae,9
hominine,8
hominoid,8
hominoidea,10
hominy,6
hommos,6
homo,4
homocentric,11
homocercal,10
homochromatic,13
homocyclic,10
homoecious,10
homoeopath,10
homoeopathy,11
homoerotic,10
homoeroticism,13
homogenate,10
homogeneity,11
homogeneous,11
homogeneously,13
homogeneousness,15
homogenisation,14
homogenise,10
homogenised,11
homogenization,14
homogenize,10
homogenized,11
homogenous,10
homogeny,8
homograft,9
homograph,9
homogyne,8
homoiotherm,11
homoiothermic,13
homologic,9
homological,11
homologise,10
homologize,10
homologous,10
homology,8
homomorphism,12
homomorphy,10
homona,6
homonym,7
homonymic,9
homonymous,10
homonymy,8
homophile,9
homophobe,9
homophobia,10
homophobic,10
homophone,9
homophonic,10
homophonous,11
homophony,9
homoptera,9
homopteran,10
homosexual,10
homosexualism,13
homosexuality,13
homosporous,11
homospory,9
homostyled,10
homostylic,10
homostylous,11
homotherm,9
homothermic,11
homozygosity,12
homozygote,10
homozygous,10
homunculus,10
homy,4
homyel,6
honcho,6
hondo,5
honduran,8
honduras,8
hone,4
honegger,8
honest,6
honestly,8
honestness,10
honesty,7
honey,5
honeybee,8
honeybells,10
honeycomb,9
honeycombed,11
honeycreeper,12
honeydew,8
honeyed,7
honeyflower,11
honeylike,9
honeymoon,9
honeymooner,11
honeypot,8
honeysucker,11
honeysuckle,11
honiara,7
honied,6
honk,4
honker,6
honkey,6
honkie,6
honky,5
honkytonk,9
honolulu,8
honor,5
honorable,9
honorableness,13
honorably,9
honorarium,10
honorary,8
honored,7
honoree,7
honorific,9
honoring,8
honour,6
honourable,10
honourableness,14
honourably,10
honours,7
honshu,6
hooch,5
hood,4
hoodlum,7
hoodmold,8
hoodmould,9
hoodoo,6
hoodooism,9
hoodwink,8
hooey,5
hoof,4
hoofed,6
hoofer,6
hoofing,7
hooflike,8
hoofprint,9
hook,4
hookah,6
hooke,5
hooked,6
hooker,6
hooking,7
hooklike,8
hooknose,8
hooks,5
hookup,6
hookworm,8
hooky,5
hooligan,8
hooliganism,11
hoop,4
hoopla,6
hoopoe,6
hoopoo,6
hoops,5
hoopskirt,9
hooray,6
hoosegow,8
hoosgow,7
hoosier,7
hoot,4
hootch,6
hooter,6
hooved,6
hoover,6
hope,4
hopeful,7
hopefully,9
hopefulness,11
hopeh,5
hopei,5
hopeless,8
hopelessly,10
hopelessness,12
hoper,5
hopi,4
hopkins,7
hopkinson,9
hopper,6
hopple,6
hops,4
hopsack,7
hopsacking,10
hopscotch,9
horace,6
horary,6
horde,5
hordeolum,9
hordeum,7
horehound,9
horizon,7
horizontal,10
horizontality,13
horizontally,12
hormonal,8
hormone,7
horn,4
hornbeam,8
hornbill,8
hornblende,10
hornbook,8
horne,5
horned,6
horneophyton,12
hornet,6
horney,6
hornfels,8
horniness,9
hornist,7
hornless,8
hornlike,8
hornpipe,8
hornpout,8
hornstone,9
hornswoggle,11
hornwort,8
horny,5
horologe,8
horologer,9
horologist,10
horology,8
horoscope,9
horoscopy,9
horowitz,8
horrendous,10
horrible,8
horribly,8
horrid,6
horridly,8
horridness,10
horrific,8
horrified,9
horrify,7
horrifying,10
horrifyingly,12
horripilate,11
horripilation,13
horror,6
horse,5
horseback,9
horsebean,9
horsebox,8
horsecar,8
horsecloth,10
horsefish,9
horseflesh,10
horsefly,8
horsehair,9
horsehead,9
horsehide,9
horselaugh,10
horseleech,10
horseman,8
horsemanship,12
horsemeat,9
horsemint,9
horseplay,9
horsepond,9
horsepower,10
horseradish,11
horseshit,9
horseshoe,9
horseshoer,10
horseshoes,10
horseshow,9
horsetail,9
horseweed,9
horsewhip,9
horsewhipping,13
horsewoman,10
horst,5
horta,5
hortative,9
hortatory,9
hortensia,9
horticultural,13
horticulturally,15
horticulture,12
horticulturist,14
horus,5
hosanna,7
hose,4
hosea,5
hosepipe,8
hosier,6
hosiery,7
hospice,7
hospitable,10
hospitableness,14
hospitably,10
hospital,8
hospitalisation,15
hospitalise,11
hospitality,11
hospitalization,15
hospitalize,11
host,4
hosta,5
hostaceae,9
hostage,7
hostel,6
hosteller,9
hostelry,8
hostess,7
hostile,7
hostilely,9
hostilities,11
hostility,9
hostler,7
hotbed,6
hotbox,6
hotcake,7
hotchpotch,10
hotdog,6
hotei,5
hotel,5
hotelier,8
hotelkeeper,11
hotelman,8
hotfoot,7
hoth,4
hothead,7
hotheaded,9
hothouse,8
hothr,5
hotly,5
hotness,7
hotplate,8
hotpot,6
hotshot,7
hotspot,7
hotspur,7
hottentot,9
hottish,7
hottonia,8
houdah,6
houdini,7
houghton,8
houhere,7
hoummos,7
hound,5
hour,4
hourglass,9
houri,5
hourlong,8
hourly,6
hours,5
housatonic,10
house,5
houseboat,9
housebound,10
housebreak,10
housebreaker,12
housebreaking,13
housebroken,11
housebuilder,12
houseclean,10
housecleaning,13
housecoat,9
housecraft,10
housedog,8
housefather,11
housefly,8
houseful,8
houseguest,10
household,9
householder,11
househusband,12
housekeep,9
housekeeper,11
housekeeping,12
houselights,11
housemaid,9
houseman,8
housemaster,11
housemate,9
housemother,11
housepaint,10
houseplant,10
houseroom,9
housetop,8
housewarming,12
housewife,9
housewifely,11
housewifery,11
housework,9
housewrecker,12
housing,7
housman,7
houston,7
houttuynia,10
houyhnhnm,9
houyhnhnms,10
hovea,5
hovel,5
hover,5
hovercraft,10
howard,6
howdah,6
howdy,5
howe,4
howells,7
however,7
howitzer,8
howl,4
howler,6
howling,7
hoya,4
hoyden,6
hoydenish,9
hoydenism,9
hoyle,5
hrolf,5
hrvatska,8
hryvnia,7
hsian,5
html,4
http,4
huainaputina,12
hualapai,8
hualpai,7
huamachil,9
huambo,6
huarache,8
huaraches,9
huascaran,9
hubbard,7
hubble,6
hubbub,6
hubby,5
hubcap,6
hubel,5
hubris,6
huck,4
huckaback,9
huckleberry,11
huckster,8
huddle,6
huddled,7
huddler,7
hudood,6
hudson,6
hudsonia,8
hudud,5
hueless,7
huff,4
huffily,7
huffiness,9
huffing,7
huffish,7
huffishness,11
huffy,5
huge,4
hugely,6
hugger,6
hugging,7
huggins,7
hughes,6
hugo,4
hugoesque,9
hugueninia,10
huguenot,8
huisache,8
huitre,6
huji,4
hula,4
hulk,4
hulking,7
hulky,5
hull,4
hullabaloo,10
hullo,5
hulsea,6
human,5
humane,6
humanely,8
humaneness,10
humanisation,12
humanise,8
humanism,8
humanist,8
humanistic,10
humanitarian,12
humanitarianism,15
humanities,10
humanity,8
humanization,12
humanize,8
humankind,9
humanlike,9
humanly,7
humanness,9
humanoid,8
humans,6
humate,6
humber,6
humble,6
humblebee,9
humbled,7
humbleness,10
humbling,8
humbly,6
humboldt,8
humbug,6
humdinger,9
humdrum,7
hume,4
humectant,9
humerus,7
humic,5
humid,5
humidify,8
humidity,8
humidness,9
humification,12
humified,8
humify,6
humiliate,9
humiliated,10
humiliating,11
humiliatingly,13
humiliation,11
humility,8
humin,5
hummer,6
humming,7
hummingbird,11
hummock,7
hummus,6
humongous,9
humor,5
humoral,7
humoring,8
humorist,8
humorless,9
humorlessly,11
humorous,8
humorously,10
humorousness,12
humour,6
humourist,9
humourless,10
humourlessly,12
humourous,9
humous,6
hump,4
humpback,8
humpbacked,10
humped,6
humperdinck,11
humulin,7
humulus,7
humus,5
humvee,6
hunan,5
hunch,5
hunchback,9
hunchbacked,11
hunched,7
hundred,7
hundredfold,11
hundredth,9
hundredweight,13
hungarian,9
hungary,7
hunger,6
hungrily,8
hungriness,10
hungry,6
hunk,4
hunker,6
hunkpapa,8
hunnemannia,11
hunt,4
hunted,6
hunter,6
hunting,7
huntington,10
huntress,8
huntsman,8
huntsville,10
hupa,4
hurdle,6
hurdler,7
hurdles,7
hurdling,8
hurl,4
hurler,6
hurling,7
hurok,5
huron,5
hurrah,6
hurricane,9
hurried,7
hurriedly,9
hurriedness,11
hurry,5
hurrying,8
hurt,4
hurtful,7
hurting,7
hurtle,6
husain,6
husayn,6
husband,7
husbandly,9
husbandman,10
husbandry,9
hush,4
hushed,6
hushing,7
hushpuppy,9
husk,4
huskily,7
huskiness,9
husking,7
husky,5
huss,4
hussar,6
hussein,7
husserl,7
hussite,7
hussy,5
hustings,8
hustle,6
hustler,7
huston,6
hutch,5
hutchins,8
hutchinson,10
hutment,7
hutton,6
hutu,4
hutzpah,7
huxleian,8
huxley,6
huxleyan,8
huygens,7
hyacinth,8
hyacinthaceae,13
hyacinthoides,13
hyades,6
hyaena,6
hyaenidae,9
hyalin,6
hyaline,7
hyalinisation,13
hyalinization,13
hyaloid,7
hyalophora,10
hyaloplasm,10
hyaloplasmic,12
hyalosperma,11
hyalospongiae,13
hyaluronidase,13
hyazyme,7
hybanthus,9
hybrid,6
hybridisation,13
hybridise,9
hybridization,13
hybridize,9
hybridizing,11
hybridoma,9
hydantoin,9
hydathode,9
hydatid,7
hydatidosis,11
hyderabad,9
hydnaceae,9
hydnocarpus,11
hydnoraceae,11
hydnum,6
hydra,5
hydralazine,11
hydramnios,10
hydrangea,9
hydrangeaceae,13
hydrant,7
hydrargyrum,11
hydrarthrosis,13
hydrastis,9
hydrate,7
hydrated,8
hydration,9
hydraulic,9
hydraulically,13
hydraulicly,11
hydraulics,10
hydrazine,9
hydrazoite,10
hydremia,8
hydric,6
hydride,7
hydrilla,8
hydrobates,10
hydrobatidae,12
hydrocarbon,11
hydrocele,9
hydrocephalic,13
hydrocephalus,13
hydrocephaly,12
hydrocharis,11
hydrochloride,13
hydrochoeridae,14
hydrochoerus,12
hydrocolloid,12
hydrocortisone,14
hydrocortone,12
hydrocracking,13
hydrodamalis,12
hydrodiuril,11
hydrodynamic,12
hydrodynamics,13
hydroelectric,13
hydrofoil,9
hydrogel,8
hydrogen,8
hydrogenate,11
hydrogenation,13
hydrographic,12
hydrographical,14
hydrography,11
hydroid,7
hydrokinetic,12
hydrokinetics,13
hydrolise,9
hydrolith,9
hydrolize,9
hydrologist,11
hydrology,9
hydrolysate,11
hydrolyse,9
hydrolysis,10
hydrolyzable,12
hydrolyze,9
hydromancer,11
hydromancy,10
hydromantes,11
hydromel,8
hydrometer,10
hydrometric,11
hydrometry,10
hydromorphone,13
hydromyinae,11
hydromys,8
hydronephrosis,14
hydropathic,11
hydropathy,10
hydrophidae,11
hydrophilic,11
hydrophobia,11
hydrophobic,11
hydrophobicity,14
hydrophyllaceae,15
hydrophyllum,12
hydrophyte,10
hydrophytic,11
hydroplane,10
hydroponic,10
hydroponics,11
hydrops,7
hydrosphere,11
hydrostatic,11
hydrostatics,12
hydrotherapy,12
hydrothorax,11
hydrous,7
hydroxide,9
hydroxy,7
hydroxybenzene,14
hydroxyl,8
hydroxymethyl,13
hydroxyproline,14
hydroxyzine,11
hydrozoa,8
hydrozoan,9
hydrus,6
hyemoschus,10
hyena,5
hygeia,6
hygiene,7
hygienic,8
hygienical,10
hygienically,12
hygienics,9
hygienise,9
hygienist,9
hygienize,9
hygrocybe,9
hygrodeik,9
hygrometer,10
hygrophoraceae,14
hygrophorus,11
hygrophyte,10
hygrophytic,11
hygroscope,10
hygroscopic,11
hygroton,8
hygrotrama,10
hyla,4
hylactophryne,13
hylidae,7
hylobates,9
hylobatidae,11
hylocereus,10
hylocichla,10
hylophylax,10
hymen,5
hymenaea,8
hymenal,7
hymenanthera,12
hymeneal,8
hymeneals,9
hymenium,8
hymenogastrales,15
hymenomycetes,13
hymenophyllum,13
hymenopter,10
hymenoptera,11
hymenopteran,12
hymenopteron,12
hymenopterous,13
hymie,5
hymn,4
hymnal,6
hymnary,7
hymnbook,8
hymnody,7
hynerpeton,10
hyoid,5
hyoscine,8
hyoscyamine,11
hyoscyamus,10
hypaethral,10
hypallage,9
hypanthium,10
hypatia,7
hype,4
hypentelium,11
hyperacidity,12
hyperactive,11
hyperactivity,13
hyperacusia,11
hyperacusis,11
hyperadrenalism,15
hyperaemia,10
hyperbaton,10
hyperbola,9
hyperbole,9
hyperbolic,10
hyperbolically,14
hyperbolise,11
hyperbolize,11
hyperboloid,11
hyperboloidal,13
hyperborean,11
hypercalcaemia,14
hypercalcemia,13
hypercalcinuria,15
hypercalciuria,14
hypercapnia,11
hypercarbia,11
hypercatalectic,15
hypercoaster,12
hypercritical,13
hyperdactyly,12
hyperemesis,11
hyperemia,9
hyperemic,9
hyperextend,11
hyperextension,14
hyperfine,9
hyperglycaemia,14
hyperglycemia,13
hyperhidrosis,13
hypericaceae,12
hypericales,11
hypericism,10
hypericum,9
hyperidrosis,12
hyperion,8
hyperkalemia,12
hyperlink,9
hyperlipaemia,13
hyperlipemia,12
hyperlipidaemia,15
hyperlipidemia,14
hyperlipoidemia,15
hypermarket,11
hypermastigina,14
hypermastigote,14
hypermedia,10
hypermenorrhea,14
hypermetropia,13
hypermetropic,13
hypermetropy,12
hypermotility,13
hypernatremia,13
hypernym,8
hypernymy,9
hyperoartia,11
hyperodontidae,14
hyperoglyphe,12
hyperon,7
hyperoodon,10
hyperope,8
hyperopia,9
hyperopic,9
hyperotreta,11
hyperpiesia,11
hyperpiesis,11
hyperplasia,11
hyperpnea,9
hyperpyrexia,12
hypersecretion,14
hypersensitised,15
hypersensitive,14
hypersensitized,15
hypersomnia,11
hypersplenism,13
hyperstat,9
hypertensin,11
hypertension,12
hypertensive,12
hypertext,9
hyperthermal,12
hyperthermia,12
hyperthermy,11
hyperthyroidism,15
hypertonia,10
hypertonic,10
hypertonicity,13
hypertonus,10
hypertrophied,13
hypertrophy,11
hypervelocity,13
hyperventilate,14
hypervolaemia,13
hypervolemia,12
hypesthesia,11
hypethral,9
hypha,5
hyphantria,10
hyphema,7
hyphen,6
hyphenate,9
hyphenation,11
hypnagogic,10
hypnagogue,10
hypnoanalysis,13
hypnogenesis,12
hypnogogic,10
hypnoid,7
hypnopedia,10
hypnophobia,11
hypnos,6
hypnosis,8
hypnotherapy,12
hypnotic,8
hypnotically,12
hypnotise,9
hypnotised,10
hypnotiser,10
hypnotism,9
hypnotist,9
hypnotize,9
hypnotized,10
hypnotizer,10
hypo,4
hypoactive,10
hypoadrenalism,14
hypobasidium,12
hypoblast,9
hypocalcaemia,13
hypocalcemia,12
hypocapnia,10
hypocellularity,15
hypochaeris,11
hypochlorite,12
hypochoeris,11
hypochondria,12
hypochondriac,13
hypochondriacal,15
hypochondriasis,15
hypochondrium,13
hypocorism,10
hypocreaceae,12
hypocreales,11
hypocrisy,9
hypocrite,9
hypocritical,12
hypocritically,14
hypocycloid,11
hypoderma,9
hypodermal,10
hypodermatidae,14
hypodermic,10
hypodermis,10
hypoesthesia,12
hypoglossal,11
hypoglycaemia,13
hypoglycaemic,13
hypoglycemia,12
hypoglycemic,12
hypognathous,12
hypogonadism,12
hypokalemia,11
hyponatremia,12
hyponym,7
hyponymy,8
hypopachus,10
hypophyseal,11
hypophysectomy,14
hypophysial,11
hypophysis,10
hypopitys,9
hypoplasia,10
hypopnea,8
hypoproteinemia,15
hyposmia,8
hypospadias,11
hypostasis,10
hypostatisation,15
hypostatise,11
hypostatization,15
hypostatize,11
hypotension,11
hypotensive,11
hypotenuse,10
hypothalamic,12
hypothalamus,12
hypothecate,11
hypothermia,11
hypothermic,11
hypothesis,10
hypothesise,11
hypothesize,11
hypothetic,10
hypothetical,12
hypothetically,14
hypothyroidism,14
hypotonia,9
hypotonic,9
hypotonicity,12
hypotonus,9
hypovitaminosis,15
hypovolaemia,12
hypovolaemic,12
hypovolemia,11
hypovolemic,11
hypoxia,7
hypoxidaceae,12
hypoxis,7
hypozeugma,10
hypozeuxis,10
hypsiglena,10
hypsiprymnodon,14
hypsography,11
hypsometer,10
hypsometry,10
hyracoidea,10
hyracotherium,13
hyrax,5
hyson,5
hyssop,6
hyssopus,8
hysterectomy,12
hysteresis,10
hysteria,8
hysteric,8
hysterical,10
hysterically,12
hysterics,9
hysteroscopy,12
hysterotomy,11
hystricidae,11
hystricomorpha,14
hytrin,6
iaea,4
iago,4
iamb,4
iambic,6
iambus,6
ianfu,5
iapetus,7
iatrogenic,10
ibadan,6
iberia,6
iberian,7
iberis,6
ibert,5
ibex,4
ibidem,6
ibis,4
ibrahim,7
ibrd,4
ibsen,5
ibsenian,8
ibuprofen,9
icaco,5
icao,4
icarus,6
icbm,4
iceberg,7
iceboat,7
icebound,8
icebox,6
icebreaker,10
icecap,6
icecream,8
icefall,7
icehouse,8
iceland,7
icelander,9
icelandic,9
iceman,6
icepick,7
icetray,7
ichneumon,9
ichneumonidae,13
ichor,5
ichorous,8
ichthyolatry,12
ichthyologist,13
ichthyology,11
ichthyosaur,11
ichthyosauria,13
ichthyosauridae,15
ichthyosaurus,13
ichthyosis,10
ichyostega,10
icicle,6
icily,5
iciness,7
icing,5
icky,4
icon,4
iconic,6
iconoclasm,10
iconoclast,10
iconoclastic,12
iconography,11
iconolatry,10
iconology,9
iconoscope,10
icosahedral,11
icosahedron,11
icsh,4
ictal,5
ictalurus,9
icteria,7
icteric,7
icteridae,9
icterogenic,11
icterus,7
ictic,5
ictiobus,8
ictodosaur,10
ictodosauria,12
ictonyx,7
ictus,5
idaho,5
idahoan,7
iddm,4
idea,4
ideal,5
idealisation,12
idealise,8
idealised,9
idealism,8
idealist,8
idealistic,10
ideality,8
idealization,12
idealize,8
idealized,9
ideally,7
idealogue,9
ideate,6
ideation,8
ideational,10
idempotent,10
identical,9
identically,11
identicalness,13
identifiable,12
identifiably,12
identification,14
identified,10
identifier,10
identify,8
identikit,9
identity,8
ideogram,8
ideograph,9
ideographic,11
ideographically,15
ideography,10
ideologic,9
ideological,11
ideologically,13
ideologist,10
ideologue,9
ideology,8
ides,4
idesia,6
idiocy,6
idiographic,11
idiolatry,9
idiolect,8
idiom,5
idiomatic,9
idiomatical,11
idiomatically,13
idiopathic,10
idiopathy,9
idiosyncrasy,12
idiosyncratic,13
idiot,5
idiotic,7
idiotically,11
iditarod,8
idle,4
idleness,8
idler,5
idling,6
idly,4
idocrase,8
idol,4
idolater,8
idolatress,10
idolatrous,10
idolatrously,12
idolatry,8
idolisation,11
idolise,7
idolised,8
idoliser,8
idolization,11
idolize,7
idolized,8
idolizer,8
idun,4
idyl,4
idyll,5
idyllic,7
idyllically,11
iffy,4
igbo,4
igigi,5
iglesias,8
igloo,5
iglu,4
ignatius,8
igneous,7
ignescent,9
ignitable,9
ignite,6
ignited,7
igniter,7
ignitible,9
ignition,8
ignitor,7
ignobility,10
ignoble,7
ignobleness,11
ignobly,7
ignominious,11
ignominiously,13
ignominiousness,15
ignominy,8
ignoramus,9
ignorance,9
ignorant,8
ignorantly,10
ignorantness,12
ignore,6
ignored,7
iguana,6
iguania,7
iguanid,7
iguanidae,9
iguanodon,9
iguanodontidae,14
iguassu,7
iguazu,6
ijssel,6
ijsselmeer,10
ijtihad,7
ikhanaton,9
ikon,4
ilama,5
ileitis,7
ileostomy,9
ileum,5
ileus,5
ilex,4
iliac,5
iliad,5
iliamna,7
ilion,5
ilium,5
illampu,7
illation,8
illative,8
illecebrum,10
illegal,7
illegalise,10
illegality,10
illegalize,10
illegally,9
illegibility,12
illegible,9
illegibly,9
illegitimacy,12
illegitimate,12
illegitimately,14
illiberal,9
illiberality,12
illiberally,11
illicit,7
illicitly,9
illicitness,11
illicium,8
illimani,8
illimitable,11
illinois,8
illinoisan,10
illiteracy,10
illiterate,10
illness,7
illogic,7
illogical,9
illogicality,12
illogically,11
illogicalness,13
illume,6
illuminance,11
illuminant,10
illuminate,10
illuminated,11
illuminating,12
illumination,12
illumine,8
illusion,8
illusional,10
illusionary,11
illusionist,11
illusive,8
illusory,8
illustrate,10
illustration,12
illustrative,12
illustrator,11
illustrious,11
illustriously,13
illustriousness,15
illyria,7
illyrian,8
ilmen,5
ilmenite,8
ilosone,7
ilxx,4
ilxxx,5
image,5
imagery,7
imaginable,10
imaginary,9
imagination,11
imaginative,11
imaginatively,13
imaginativeness,15
imagine,7
imaging,7
imagism,7
imago,5
imam,4
imaret,6
imaum,5
imavate,7
imbalance,9
imbalanced,10
imbauba,7
imbecile,8
imbecilic,9
imbecility,10
imbed,5
imbibe,6
imbiber,7
imbibing,8
imbibition,10
imbricate,9
imbricated,10
imbrication,11
imbroglio,9
imbrue,6
imbue,5
imidazole,9
imide,5
iminazole,9
imipramine,10
imitate,7
imitation,9
imitative,9
imitator,8
immaculate,10
immaculately,12
immaculateness,14
immanence,9
immanency,9
immanent,8
immaterial,10
immaterialise,13
immateriality,13
immaterialize,13
immature,8
immaturely,10
immatureness,12
immaturity,10
immeasurable,12
immeasurably,12
immediacy,9
immediate,9
immediately,11
immediateness,13
immemorial,10
immense,7
immensely,9
immenseness,11
immensity,9
immensurable,12
immerse,7
immersion,9
immigrant,9
immigrate,9
immigration,11
imminence,9
imminency,9
imminent,8
imminently,10
imminentness,12
immingle,8
immiscible,10
immix,5
immobile,8
immobilisation,14
immobilise,10
immobility,10
immobilization,14
immobilize,10
immobilizing,12
immoderate,10
immoderately,12
immoderateness,14
immoderation,12
immodest,8
immodestly,10
immodesty,9
immolate,8
immolation,10
immoral,7
immorality,10
immorally,9
immortal,8
immortalise,11
immortality,11
immortalize,11
immortelle,10
immotile,8
immotility,10
immovability,12
immovable,9
immovableness,13
immovably,9
immoveable,10
immune,6
immunisation,12
immunise,8
immunised,9
immunity,8
immunization,12
immunize,8
immunized,9
immunoassay,11
immunochemical,14
immunochemistry,15
immunocompetent,15
immunodeficient,15
immunogen,9
immunogenic,11
immunogenicity,14
immunoglobulin,14
immunologic,11
immunological,13
immunologically,15
immunologist,12
immunology,10
immunopathology,15
immunotherapy,13
immure,6
immurement,10
immutability,12
immutable,9
immutableness,13
immutably,9
impact,6
impacted,8
impaction,9
impair,6
impaired,8
impairer,8
impairment,10
impala,6
impale,6
impalement,10
impalpability,13
impalpable,10
impalpably,10
impanel,7
imparipinnate,13
impart,6
impartation,11
impartial,9
impartiality,12
impartially,11
imparting,9
impassable,10
impasse,7
impassioned,11
impassive,9
impassively,11
impassiveness,13
impassivity,11
impasto,7
impatience,10
impatient,9
impatiently,11
impeach,7
impeachability,14
impeachment,11
impeccability,13
impeccable,10
impeccably,10
impeccant,9
impecunious,11
impecuniousness,15
impedance,9
impede,6
impeded,7
impediment,10
impedimenta,11
impeding,8
impel,5
impelled,8
impellent,9
impeller,8
impelling,9
impend,6
impendence,10
impendency,10
impendent,9
impending,9
impenetrability,15
impenetrable,12
impenitence,11
impenitency,11
impenitent,10
impenitently,12
imperative,10
imperatively,12
imperativeness,14
imperceptible,13
imperceptibly,13
imperfect,9
imperfectible,13
imperfection,12
imperfective,12
imperfectly,11
imperfectness,13
imperforate,11
imperial,8
imperialism,11
imperialist,11
imperialistic,13
imperially,10
imperil,7
imperious,9
imperiously,11
imperiousness,13
imperishability,15
imperishable,12
imperishingness,15
imperium,8
impermanence,12
impermanency,12
impermanent,11
impermeability,14
impermeable,11
impermeableness,15
impermissible,13
impermissibly,13
impersonal,10
impersonally,12
impersonate,11
impersonation,13
impersonator,12
impertinence,12
impertinent,11
impertinently,13
imperturbable,13
imperviable,11
impervious,10
imperviousness,14
impetiginous,12
impetigo,8
impetuosity,11
impetuous,9
impetuously,11
impetuousness,13
impetus,7
impiety,7
impinge,7
impingement,11
impinging,9
impious,7
impiously,9
impiousness,11
impish,6
impishly,8
impishness,10
implacable,10
implant,7
implantation,12
implanted,9
implausibility,14
implausible,11
implausibleness,15
implausibly,11
implement,9
implemental,11
implementation,14
implemented,11
implicate,9
implicated,10
implication,11
implicational,13
implicative,11
implicit,8
implicitly,10
implicitness,12
implike,7
implode,7
implore,7
imploring,9
imploringly,11
implosion,9
imply,5
impolite,8
impolitely,10
impoliteness,12
impolitic,9
imponderable,12
import,6
importance,10
important,9
importantly,11
importation,11
imported,8
importee,8
importer,8
importing,9
importunate,11
importunately,13
importune,9
importunity,11
impose,6
imposed,7
imposing,8
imposingly,10
imposition,10
impossibility,13
impossible,10
impossibleness,14
impossibly,10
impost,6
imposter,8
impostor,8
imposture,9
impotence,9
impotency,9
impotent,8
impotently,10
impound,7
impounding,10
impoundment,11
impoverish,10
impoverished,12
impoverishment,14
impracticable,13
impracticably,13
impractical,11
impracticality,14
imprecate,9
imprecation,11
imprecise,9
imprecisely,11
impreciseness,13
imprecision,11
impregnability,14
impregnable,11
impregnably,11
impregnate,10
impregnation,12
impresario,10
impress,7
impressed,9
impressible,11
impression,10
impressionable,14
impressionism,13
impressionist,13
impressionistic,15
impressive,10
impressively,12
impressiveness,14
impressment,11
imprimatur,10
imprint,7
imprinting,10
imprison,8
imprisoned,10
imprisonment,12
improbability,13
improbable,10
improbableness,14
improbably,10
impromptu,9
improper,8
improperly,10
improperness,12
impropriety,11
improvable,10
improve,7
improved,8
improvement,11
improver,8
improvidence,12
improvident,11
improvidently,13
improving,9
improvisation,13
improvise,9
improvised,10
improvize,9
imprudence,10
imprudent,9
imprudently,11
impudence,9
impudent,8
impudently,10
impugn,6
impugnable,10
impuissance,11
impuissant,10
impulse,7
impulsion,9
impulsive,9
impulsively,11
impulsiveness,13
impunity,8
impure,6
impureness,10
impurity,8
imputable,9
imputation,10
impute,6
imputrescible,13
imuran,6
inability,9
inaccessibility,15
inaccessible,12
inaccessibly,12
inaccuracy,10
inaccurate,10
inaccurately,12
inachis,7
inaction,8
inactivate,10
inactivation,12
inactive,8
inactiveness,12
inactivity,10
inadequacy,10
inadequate,10
inadequately,12
inadequateness,14
inadmissibility,15
inadmissible,12
inadvertence,12
inadvertency,12
inadvertent,11
inadvertently,13
inadvisability,14
inadvisable,11
inadvisably,11
inaesthetic,11
inalienable,11
inalienably,11
inalterable,11
inamorata,9
inamorato,9
inane,5
inanely,7
inanimate,9
inanimateness,13
inanition,9
inanity,7
inanna,6
inapplicability,15
inapplicable,12
inapposite,10
inappositeness,14
inappreciable,13
inappropriate,13
inappropriately,15
inapt,5
inaptitude,10
inaptness,9
inarguable,10
inarticulate,12
inarticulately,14
inartistic,10
inattention,11
inattentive,11
inattentively,13
inattentiveness,15
inaudibility,12
inaudible,9
inaudibleness,13
inaudibly,9
inaugural,9
inaugurally,11
inaugurate,10
inauguration,12
inauspicious,12
inauspiciously,14
inauthentic,11
inboard,7
inborn,6
inbound,7
inbred,6
inbreeding,10
inbuilt,7
inca,4
incalculable,12
incalescence,12
incan,5
incandesce,10
incandescence,13
incandescent,12
incantation,11
incapability,12
incapable,9
incapableness,13
incapacitate,12
incapacitated,13
incapacitating,14
incapacity,10
incarcerate,11
incarceration,13
incarnadine,11
incarnate,9
incarnation,11
incase,6
incased,7
incasement,10
incaution,9
incautious,10
incautiously,12
incautiousness,14
incendiarism,12
incendiary,10
incense,7
incensed,8
incentive,9
inception,9
incertain,9
incertitude,11
incessancy,10
incessant,9
incessantly,11
incessantness,13
incest,6
incestuous,10
incestuously,12
inch,4
incheon,7
inchoate,8
inchoative,10
inchon,6
inchworm,8
incidence,9
incident,8
incidental,10
incidentally,12
incienso,8
incinerate,10
incineration,12
incinerator,11
incipience,10
incipiency,10
incipient,9
incise,6
incised,7
incision,8
incisive,8
incisively,10
incisiveness,12
incisor,7
incisura,8
incisure,8
incitation,10
incite,6
incitement,10
inciter,7
incitive,8
incivility,10
inclemency,10
inclement,9
inclementness,13
inclination,11
incline,7
inclined,8
inclining,9
inclinometer,12
inclose,7
inclosure,9
include,7
included,8
inclusion,9
inclusive,9
incognito,9
incognizable,12
incognizance,12
incognizant,11
incognoscible,13
incoherence,11
incoherency,11
incoherent,10
incoherently,12
incombustible,13
income,6
incoming,8
incommensurable,15
incommensurate,14
incommode,9
incommodious,12
incommunicado,13
incommunicative,15
incommutability,15
incommutable,12
incomparable,12
incomparably,12
incompatibility,15
incompatible,12
incompatibly,12
incompetence,12
incompetency,12
incompetent,11
incompetently,13
incomplete,10
incompletely,12
incompleteness,14
incomprehension,15
incomprehensive,15
incompressible,14
incomputable,12
inconceivable,13
inconceivably,13
inconclusive,12
inconclusively,14
inconel,7
incongruent,11
incongruity,11
incongruous,11
incongruously,13
incongruousness,15
inconsequence,13
inconsequent,12
inconsequential,15
inconsequently,14
inconsiderable,14
inconsiderate,13
inconsiderately,15
inconsideration,15
inconsistency,13
inconsistent,12
inconsistently,14
inconsolable,12
inconspicuous,13
inconspicuously,15
inconstancy,11
inconstant,10
incontestable,13
incontestible,13
incontinence,12
incontinency,12
incontinent,11
inconvenience,13
inconvenient,12
inconveniently,14
inconvertible,13
incoordination,14
incorporate,11
incorporated,12
incorporation,13
incorporative,13
incorporeal,11
incorporeality,14
incorrect,9
incorrectly,11
incorrectness,13
incorrigible,12
incorrupt,9
incorruptible,13
incorruption,12
incorruptness,13
increase,8
increased,9
increasing,10
increasingly,12
incredibility,13
incredible,10
incredibleness,14
incredibly,10
incredulity,11
incredulous,11
incredulously,13
increment,9
incremental,11
incriminate,11
incriminating,13
incriminatingly,15
incrimination,13
incriminatory,13
incrust,7
incrustation,12
incubate,8
incubation,10
incubator,9
incubus,7
inculcate,9
inculcation,11
inculpability,13
inculpable,10
inculpableness,14
inculpate,9
inculpation,11
inculpative,11
inculpatory,11
incumbency,10
incumbent,9
incumbrance,11
incur,5
incurability,12
incurable,9
incurableness,13
incurably,9
incurious,9
incurrence,10
incurring,9
incursion,9
incursive,9
incurvate,9
incurvation,11
incurvature,11
incurved,8
incus,5
indaba,6
indapamide,10
indebted,8
indebtedness,12
indecency,9
indecent,8
indecently,10
indecipherable,14
indecision,10
indecisive,10
indecisively,12
indecisiveness,14
indecorous,10
indecorously,12
indecorousness,14
indecorum,9
indeed,6
indefatigable,13
indefatigably,13
indefeasible,12
indefensible,12
indefinable,11
indefinite,10
indefinitely,12
indefiniteness,14
indefinity,10
indehiscent,11
indelible,9
indelibly,9
indelicacy,10
indelicate,10
indemnification,15
indemnify,9
indemnity,9
indene,6
indent,6
indentation,11
indention,9
indenture,9
indentured,10
independence,12
independency,12
independent,11
independently,13
inderal,7
indescribable,13
indescribably,13
indestructible,14
indeterminable,14
indeterminably,14
indeterminacy,13
indeterminate,13
indetermination,15
index,5
indexation,10
indexer,7
indexical,9
indexing,8
indexless,9
india,5
indiaman,8
indian,6
indiana,7
indianan,8
indianapolis,12
indic,5
indicant,8
indicate,8
indication,10
indicative,10
indicator,9
indicatoridae,13
indicatory,10
indict,6
indictability,13
indictable,10
indiction,9
indictment,10
indie,5
indifference,12
indifferent,11
indifferently,13
indigen,7
indigence,9
indigene,8
indigenous,10
indigenously,12
indigenousness,14
indigent,8
indigestibility,15
indigestible,12
indigestion,11
indigirka,9
indignant,9
indignantly,11
indignation,11
indignity,9
indigo,6
indigofera,10
indigotin,9
indinavir,9
indirect,8
indirection,11
indirectly,10
indirectness,12
indiscernible,13
indiscipline,12
indiscreet,10
indiscreetly,12
indiscreetness,14
indiscrete,10
indiscretion,12
indiscriminate,14
indispensable,13
indispose,9
indisposed,10
indisposition,13
indisputability,15
indisputable,12
indissoluble,12
indistinct,10
indistinctly,12
indistinctness,14
indite,6
indium,6
individual,10
individualise,13
individualised,14
individualism,13
individualist,13
individualistic,15
individuality,13
individualize,13
individualized,14
individually,12
individuate,11
individuation,13
indivisible,11
indochina,9
indocile,8
indocin,7
indoctrinate,12
indoctrination,14
indolence,9
indolent,8
indolently,10
indomethacin,12
indomitability,14
indomitable,11
indonesia,9
indonesian,10
indoor,6
indoors,7
indorse,7
indorsement,11
indorser,8
indra,5
indrawn,7
indri,5
indriidae,9
indris,6
indubitability,14
indubitable,11
indubitably,11
induce,6
induced,7
inducement,10
inducer,7
inducing,8
inducive,8
induct,6
inductance,10
inductee,8
induction,9
inductive,9
inductor,8
indue,5
indulge,7
indulgence,10
indulgent,9
indulgently,11
indulging,9
indument,8
indumentum,10
indurate,8
induration,10
indus,5
indusial,8
indusium,8
industrial,10
industrialise,13
industrialised,14
industrialism,13
industrialist,13
industrialize,13
industrialized,14
industrially,12
industrious,11
industriously,13
industriousness,15
industry,8
indwell,7
indweller,9
indwelling,10
inebriant,9
inebriate,9
inebriated,10
inebriation,11
inebriety,9
inedible,8
ineffable,9
ineffably,9
ineffective,11
ineffectively,13
ineffectiveness,15
ineffectual,11
ineffectuality,14
ineffectually,13
ineffectualness,15
inefficacious,13
inefficaciously,15
inefficacy,10
inefficiency,12
inefficient,11
inefficiently,13
inelaborate,11
inelastic,9
inelasticity,12
inelegance,10
inelegant,9
inelegantly,11
ineligibility,13
ineligible,10
ineloquently,12
ineluctability,14
ineluctable,11
ineluctably,11
inept,5
ineptitude,10
ineptly,7
ineptness,9
inequality,10
inequitable,11
inequitably,11
inequity,8
ineradicable,12
inerrable,9
inerrancy,9
inerrant,8
inert,5
inertia,7
inertial,8
inertness,9
inescapable,11
inescapably,11
inessential,11
inessentiality,14
inestimable,11
inevitability,13
inevitable,10
inevitableness,14
inevitably,10
inexact,7
inexactitude,12
inexactly,9
inexactness,11
inexcusable,11
inexcusably,11
inexhaustible,13
inexhaustibly,13
inexorability,13
inexorable,10
inexorableness,14
inexorably,10
inexpedience,12
inexpediency,12
inexpedient,11
inexpediently,13
inexpensive,11
inexpensively,13
inexpensiveness,15
inexperience,12
inexperienced,13
inexperient,11
inexpert,8
inexpertly,10
inexpiable,10
inexplicable,12
inexplicit,10
inexplicitness,14
inexpressible,13
inexpressive,12
inexpressively,14
inexpugnable,12
inexpungeable,13
inexpungible,12
inextensible,12
inexterminable,14
inextirpable,12
inextricable,12
inextricably,12
infallibility,13
infallible,10
infamous,8
infamy,6
infancy,7
infant,6
infanticide,11
infantile,9
infantilism,11
infantry,8
infantryman,11
infarct,7
infarction,10
infatuate,9
infatuated,10
infatuation,11
infeasibility,13
infeasible,10
infect,6
infected,8
infection,9
infectious,10
infectiously,12
infective,9
infelicitous,12
infelicitously,14
infelicity,10
infer,5
inference,9
inferential,11
inferior,8
inferiority,11
infernal,8
infernally,10
inferno,7
infertile,9
infertility,11
infest,6
infestation,11
infidel,7
infidelity,10
infield,7
infielder,9
infiltrate,10
infiltration,12
infiltrator,11
infinite,8
infinitely,10
infiniteness,12
infinitesimal,13
infinitival,11
infinitive,10
infinitude,10
infinity,8
infirm,6
infirmary,9
infirmity,9
infix,5
inflame,7
inflamed,8
inflaming,9
inflammability,14
inflammable,11
inflammation,12
inflammatory,12
inflatable,10
inflate,7
inflated,8
inflater,8
inflation,9
inflationary,12
inflator,8
inflect,7
inflected,9
inflection,10
inflectional,12
inflexibility,13
inflexible,10
inflexibleness,14
inflexibly,10
inflexion,9
inflict,7
infliction,10
infliximab,10
inflorescence,13
inflow,6
inflowing,9
influence,9
influent,8
influential,11
influentially,13
influenza,9
influx,6
info,4
infolding,9
infomercial,11
inform,6
informal,8
informality,11
informally,10
informant,9
informatics,11
information,11
informational,13
informative,11
informatively,13
informatory,11
informed,8
informer,8
informercial,12
informing,9
infotainment,12
infra,5
infract,7
infraction,10
infrahuman,10
inframaxillary,14
infrangible,11
infrared,8
infrasonic,10
infrastructure,14
infrequency,11
infrequent,10
infrequently,12
infrigidation,13
infringe,8
infringement,12
infructescence,14
infundibulum,12
infuriate,9
infuriated,10
infuriating,11
infuriation,11
infuscate,9
infuse,6
infusion,8
infusoria,9
infusorian,10
inga,4
ingathering,11
inge,4
ingeminate,10
ingenious,9
ingeniously,11
ingeniousness,13
ingenue,7
ingenuity,9
ingenuous,9
ingenuously,11
ingenuousness,13
inger,5
ingerman,8
ingest,6
ingesta,7
ingestion,9
inglenook,9
inglorious,10
ingloriously,12
ingot,5
ingraft,7
ingrain,7
ingrained,9
ingraining,10
ingrate,7
ingratiate,10
ingratiating,12
ingratiatingly,14
ingratiation,12
ingratiatory,12
ingratitude,11
ingredient,10
ingres,6
ingress,7
ingrian,7
ingroup,7
ingrowing,9
ingrown,7
ingrowth,8
inguen,6
inguinal,8
ingurgitate,11
inhabit,7
inhabitable,11
inhabitancy,11
inhabitant,10
inhabitation,12
inhabited,9
inhalant,8
inhalation,10
inhalator,9
inhale,6
inhaler,7
inharmonic,10
inharmonious,12
inhere,6
inherence,9
inherency,9
inherent,8
inherently,10
inherit,7
inheritable,11
inheritance,11
inherited,9
inheriting,10
inheritor,9
inheritress,11
inheritrix,10
inhibit,7
inhibited,9
inhibition,10
inhibitor,9
inhibitory,10
inhomogeneity,13
inhomogeneous,13
inhospitable,12
inhospitably,12
inhospitality,13
inhuman,7
inhumane,8
inhumanely,10
inhumaneness,12
inhumanity,10
inhumation,10
inhume,6
inhumed,7
inimical,8
inimitable,10
inimitably,10
inion,5
iniquitous,10
iniquitously,12
iniquity,8
initial,7
initialisation,14
initialise,10
initialization,14
initialize,10
initially,9
initiate,8
initiation,10
initiative,10
initiator,9
initiatory,10
inject,6
injectable,10
injectant,9
injection,9
injector,8
injudicious,11
injudiciously,13
injudiciousness,15
injun,5
injunction,10
injure,6
injured,7
injurious,9
injuriously,11
injuriousness,13
injury,6
injustice,9
inka,4
inkberry,8
inkblot,7
inkiness,8
inkle,5
inkling,7
inkpad,6
inkpot,6
inkstand,8
inkwell,7
inky,4
inla,4
inlaid,6
inland,6
inlay,5
inlet,5
inmarriage,10
inmarry,7
inmate,6
inmost,6
innards,7
innate,6
innately,8
innateness,10
inner,5
innermost,9
innersole,9
innervate,9
innervation,11
inning,6
innings,7
innkeeper,9
innocence,9
innocency,9
innocense,9
innocent,8
innocently,10
innocuous,9
innovate,8
innovation,10
innovational,12
innovative,10
innovativeness,14
innovator,9
innoxious,9
innsbruck,9
innuendo,8
innumerable,11
innumerableness,15
innumerate,10
innumerous,10
inocor,6
inoculant,9
inoculate,9
inoculating,11
inoculation,11
inoculator,10
inoculum,8
inodorous,9
inoffensive,11
inoffensively,13
inoperable,10
inoperative,11
inopportune,11
inopportunely,13
inopportuneness,15
inordinate,10
inordinately,12
inordinateness,14
inorganic,9
inorganically,13
inosculate,10
inosculation,12
inosine,7
inositol,8
inpatient,9
inpour,6
inpouring,9
input,5
inquest,7
inquietude,10
inquire,7
inquirer,8
inquiring,9
inquiringly,11
inquiry,7
inquisition,11
inquisitive,11
inquisitively,13
inquisitiveness,15
inquisitor,10
inquisitorial,13
inquisitory,11
inroad,6
inrush,6
insalubrious,12
insalubrity,11
insane,6
insanely,8
insaneness,10
insanitary,10
insanity,8
insatiable,10
insatiably,10
insatiate,9
inscribe,8
inscribed,9
inscription,11
inscriptive,11
inscriptively,13
inscrutability,14
inscrutable,11
inscrutably,11
insect,6
insecta,7
insectan,8
insecticidal,12
insecticidally,14
insecticide,11
insectifuge,11
insectivora,11
insectivore,11
insectivorous,13
insecure,8
insecurely,10
insecureness,12
insecurity,10
inseminate,10
insemination,12
insensate,9
insensately,11
insensibility,13
insensible,10
insensibly,10
insensitive,11
insensitively,13
insensitiveness,15
insensitivity,13
insentience,11
insentient,10
inseparable,11
inseparably,11
insert,6
insertion,9
insessores,10
inset,5
inshore,7
inside,6
insider,7
insidious,9
insidiously,11
insidiousness,13
insight,7
insightful,10
insightfulness,14
insignia,8
insignificance,14
insignificant,13
insignificantly,15
insincere,9
insincerely,11
insincerity,11
insinuate,9
insinuating,11
insinuatingly,13
insinuation,11
insipid,7
insipidity,10
insipidly,9
insipidness,11
insist,6
insistence,10
insistency,10
insistent,9
insistently,11
insisting,9
insobriety,10
insofar,7
insolate,8
insolation,10
insole,6
insolence,9
insolent,8
insolently,10
insolubility,12
insoluble,9
insolvable,10
insolvency,10
insolvent,9
insomnia,8
insomniac,9
insomuch,8
insouciance,11
insouciant,10
inspan,6
inspect,7
inspection,10
inspector,9
inspectorate,12
inspectorship,13
inspiration,11
inspirational,13
inspirationally,15
inspiratory,11
inspire,7
inspired,8
inspirer,8
inspiring,9
inspirit,8
inspiriting,11
inspissate,10
inspissation,12
inst,4
instability,11
instal,6
install,7
installation,12
installing,10
installment,11
instalment,10
instance,8
instancy,8
instant,7
instantaneous,13
instantaneously,15
instantiate,11
instantiation,13
instantly,9
instar,6
instauration,12
instead,7
instep,6
instigant,9
instigate,9
instigation,11
instigative,11
instigator,10
instil,6
instill,7
instillation,12
instillator,11
instilling,10
instillment,11
instilment,10
instinct,8
instinctive,11
instinctively,13
institute,9
institution,11
institutional,13
institutionally,15
instroke,8
instruct,8
instruction,11
instructional,13
instructions,12
instructive,11
instructively,13
instructor,10
instructorship,14
instructress,12
instrument,10
instrumental,12
instrumentalism,15
instrumentalist,15
instrumentality,15
instrumentate,13
instrumentation,15
insubordinate,13
insubordination,15
insubstantial,13
insubstantially,15
insufferable,12
insufficiency,13
insufficient,12
insufficiently,14
insufflate,10
insufflation,12
insulant,8
insular,7
insularism,10
insularity,10
insulate,8
insulation,10
insulator,9
insulin,7
insult,6
insulting,9
insultingly,11
insuperable,11
insuperably,11
insupportable,13
insurability,12
insurable,9
insurance,9
insure,6
insured,7
insurer,7
insurgence,10
insurgency,10
insurgent,9
insurmountable,14
insurrection,12
insurrectional,14
insurrectionary,15
insurrectionism,15
insurrectionist,15
insusceptible,13
intact,6
intactness,10
intaglio,8
intake,6
intangibility,13
intangible,10
intangibleness,14
integer,7
integral,8
integrality,11
integrally,10
integrate,9
integrated,10
integrating,11
integration,11
integrative,11
integrator,10
integrity,9
integument,10
integumental,12
integumentary,13
intellect,9
intellection,12
intellectual,12
intellectually,14
intelligence,12
intelligent,11
intelligently,13
intelligentsia,14
intelligibility,15
intelligible,12
intelligibly,12
intelnet,8
intemperance,12
intemperate,11
intemperately,13
intemperateness,15
intend,6
intended,8
intense,7
intensely,9
intensification,15
intensified,11
intensifier,11
intensify,9
intensifying,12
intension,9
intensional,11
intensity,9
intensive,9
intensively,11
intensiveness,13
intent,6
intention,9
intentional,11
intentionality,14
intentionally,13
intently,8
intentness,10
inter,5
interact,8
interaction,11
interactional,13
interactive,11
interahamwe,11
interbrain,10
interbred,9
interbreed,10
interbreeding,13
intercalary,11
intercalate,11
intercalation,13
intercede,9
intercellular,13
intercept,9
interception,12
interceptor,11
intercession,12
intercessor,11
interchange,11
interchangeable,15
interchangeably,15
interchurch,11
intercollegiate,15
intercom,8
intercommunion,14
interconnect,12
interconnected,14
interconnection,15
intercostal,11
intercourse,11
intercrossed,12
interdepend,11
interdependence,15
interdependency,15
interdependent,14
interdict,9
interdiction,12
interest,8
interested,10
interestedness,14
interesting,11
interestingly,13
interestingness,15
interface,9
interfacial,11
interfaith,10
interfere,9
interference,12
interfering,11
interferometer,14
interferon,10
intergalactic,13
interim,7
interior,8
interiorise,11
interiorize,11
interject,9
interjection,12
interlace,9
interlaced,10
interlacing,11
interlaken,10
interlanguage,13
interlard,9
interlayer,10
interleaf,9
interleave,10
interleukin,11
interlineal,11
interlinear,11
interlingua,11
interlink,9
interlinking,12
interlobular,12
interlock,9
interlocking,12
interlocutor,12
interlocutory,13
interlope,9
interloper,10
interlude,9
intermarriage,13
intermarry,10
intermediary,12
intermediate,12
intermediately,14
intermediation,14
intermediator,13
interment,9
intermeshed,11
intermezzo,10
interminable,12
interminably,12
intermingle,11
intermission,12
intermit,8
intermittence,13
intermittency,13
intermittent,12
intermittently,14
intermix,8
intermixture,12
intermolecular,14
intermural,10
intern,6
internal,8
internalisation,15
internalise,11
internality,11
internalization,15
internalize,11
internally,10
international,13
internationale,14
internationally,15
interne,7
internecine,11
internee,8
internet,8
internist,9
internment,10
internode,9
internship,10
internuncio,11
interoception,13
interoceptive,13
interoceptor,12
interoperable,13
interpellate,12
interpellation,14
interpenetrate,14
interpersonal,13
interphone,10
interplanetary,14
interplay,9
interpol,8
interpolate,11
interpolation,13
interpose,9
interposition,13
interpret,9
interpretable,13
interpretation,14
interpretative,14
interpreted,11
interpreter,11
interpreting,12
interpretive,12
interracial,11
interracially,13
interred,8
interreflection,15
interregnum,11
interrelate,11
interrelated,12
interrelation,13
interrogate,11
interrogation,13
interrogative,13
interrogatively,15
interrogator,12
interrogatory,13
interrupt,9
interrupted,11
interrupter,11
interruption,12
interscholastic,15
interschool,11
intersect,9
intersectant,12
intersecting,12
intersection,12
intersex,8
intersexual,11
interspecies,12
interspecific,13
interspersal,12
intersperse,11
interspersion,13
interstate,10
interstellar,12
interstice,10
interstitial,12
interstratify,13
intertidal,10
intertribal,11
intertrigo,10
intertwine,10
interval,8
intervene,9
intervening,11
intervenor,10
intervention,12
intervertebral,14
interview,9
interviewee,11
interviewer,11
interweave,10
interwoven,10
intestacy,9
intestate,9
intestinal,10
intestine,9
inti,4
intifada,8
intifadah,9
intima,6
intimacy,8
intimal,7
intimate,8
intimately,10
intimation,10
intimidate,10
intimidated,11
intimidating,12
intimidation,12
intolerable,11
intolerably,11
intolerance,11
intolerant,10
intolerantly,12
intonate,8
intonation,10
intone,6
intoned,7
intoxicant,10
intoxicate,10
intoxicated,11
intoxicating,12
intoxication,12
intracellular,13
intracerebral,13
intracranial,12
intractability,14
intractable,11
intractableness,15
intractably,11
intracutaneous,14
intradermal,11
intradermally,13
intradermic,11
intrados,8
intragroup,10
intralinguistic,15
intralobular,12
intramolecular,14
intramural,10
intramuscular,13
intramuscularly,15
intranet,8
intransigence,13
intransigency,13
intransigent,12
intransitive,12
intransitively,14
intransitivise,14
intransitivity,14
intransitivize,14
intrapulmonary,14
intrasentential,15
intraspecies,12
intraspecific,13
intrastate,10
intrauterine,12
intravasation,13
intravenous,11
intravenously,13
intrench,8
intrenchment,12
intrepid,8
intrepidity,11
intrepidly,10
intricacy,9
intricate,9
intricately,11
intrigue,8
intriguer,9
intriguing,10
intrinsic,9
intrinsical,11
intrinsically,13
intro,5
introduce,9
introduction,12
introductory,12
introit,7
introitus,9
introject,9
introjected,11
introjection,12
intromission,12
intromit,8
intron,6
intropin,8
introspect,10
introspection,13
introspective,13
introuvable,11
introversion,12
introversive,12
introvert,9
introverted,11
introvertish,12
introvertive,12
intrude,7
intruder,8
intruding,9
intrusion,9
intrusive,9
intrusiveness,13
intrust,7
intubate,8
intubation,10
intuit,6
intuition,9
intuitionism,12
intuitionist,12
intuitive,9
intuitively,11
intumesce,9
intumescence,12
intumescency,12
intumescent,11
intussuscept,12
intussusception,15
inuit,5
inula,5
inulin,6
inunct,6
inunction,9
inundate,8
inundated,9
inundation,10
inure,5
inured,6
inutile,7
inutility,9
invade,6
invader,7
invading,8
invaginate,10
invagination,12
invalid,7
invalidate,10
invalidated,11
invalidating,12
invalidation,12
invalidator,11
invalidism,10
invalidity,10
invalidness,11
invaluable,10
invaluableness,14
invar,5
invariability,13
invariable,10
invariableness,14
invariably,10
invariance,10
invariant,9
invasion,8
invasive,8
invective,9
inveigh,7
inveigle,8
invent,6
invention,9
inventive,9
inventively,11
inventiveness,13
inventor,8
inventory,9
inventorying,12
inverse,7
inversely,9
inversion,9
invert,6
invertase,9
invertebrate,12
inverted,8
inverter,8
invertible,10
invest,6
investigate,11
investigating,13
investigation,13
investigative,13
investigator,12
investigatory,13
investing,9
investiture,11
investment,10
investor,8
inveterate,10
invidia,7
invidious,9
invidiously,11
invigilate,10
invigilation,12
invigilator,11
invigorate,10
invigorated,11
invigorating,12
invigoration,12
invigorator,11
invincibility,13
invincible,10
invincibly,10
inviolable,10
inviolate,9
invirase,8
invisibility,12
invisible,9
invisibleness,13
invisibly,9
invitation,10
invitational,12
invitatory,10
invite,6
invitee,7
inviting,8
invitingly,10
invocation,10
invoice,7
invoke,6
involucrate,11
involucre,9
involuntarily,13
involuntariness,15
involuntary,11
involute,8
involution,10
involve,7
involved,8
involvement,11
invulnerability,15
invulnerable,12
inward,6
inwardly,8
inwardness,10
inwards,7
inweave,7
inwrought,9
iodide,6
iodin,5
iodinate,8
iodinated,9
iodinating,10
iodination,10
iodine,6
iodise,6
iodised,7
iodize,6
iodized,7
iodocompound,12
iodoform,8
iodoprotein,11
iodopsin,8
iodothyronine,13
iodotyrosine,12
ionate,6
ionesco,7
ionia,5
ionian,6
ionic,5
ionisation,10
ionise,6
ionised,7
ionization,10
ionize,6
ionized,7
ionophoresis,12
ionosphere,10
iontophoresis,13
iontotherapy,12
iota,4
iowa,4
iowan,5
ioway,5
ipecac,6
iphigenia,9
ipidae,6
ipod,4
ipomoea,7
iproclozide,11
ipsedixitism,12
ipsilateral,11
ipsus,5
irak,4
iraki,5
iran,4
irani,5
iranian,7
iraq,4
iraqi,5
irascibility,12
irascible,9
irate,5
irately,7
ireful,6
ireland,7
irelander,9
irena,5
irenaeus,8
irenic,6
irenidae,8
iresine,7
iridaceae,9
iridaceous,10
iridectomy,10
iridesce,8
iridescence,11
iridescent,10
iridic,6
iridium,7
iridocyclitis,13
iridokeratitis,14
iridoncus,9
iridoprocne,11
iridosmine,10
iridotomy,9
iris,4
irish,5
irishman,8
irishwoman,10
iritic,6
iritis,6
irksome,7
iron,4
ironclad,8
ironed,6
ironic,6
ironical,8
ironically,10
ironing,7
ironist,7
ironlike,8
ironman,7
ironmonger,10
ironmongery,11
irons,5
ironshod,8
ironside,8
ironsides,9
ironware,8
ironweed,8
ironwood,8
ironwork,8
ironworker,10
ironworks,9
irony,5
iroquoian,9
iroquois,8
irradiate,9
irradiation,11
irrational,10
irrationality,13
irrationally,12
irrawaddy,9
irreality,9
irreclaimable,13
irreconcilable,14
irrecoverable,13
irredeemable,12
irredenta,9
irredentism,11
irredentist,11
irreducible,11
irrefutable,11
irregardless,12
irregular,9
irregularity,12
irregularly,11
irrelevance,11
irrelevancy,11
irrelevant,10
irrelevantly,12
irreligion,10
irreligionist,13
irreligious,11
irreligiousness,15
irremediable,12
irremovable,11
irreparable,11
irreparably,11
irreplaceable,13
irrepressible,13
irreproachable,14
irreproachably,14
irreproducible,14
irresistibility,15
irresistible,12
irresistibly,12
irresolute,10
irresolutely,12
irresoluteness,14
irresolution,12
irrespective,12
irresponsible,13
irresponsibly,13
irretrievable,13
irretrievably,13
irreverence,11
irreverent,10
irreverently,12
irreversibility,15
irreversible,12
irreversibly,12
irrevocable,11
irrevocably,11
irrevokable,11
irridenta,9
irridentism,11
irridentist,11
irrigate,8
irrigation,10
irritability,12
irritable,9
irritably,9
irritant,8
irritate,8
irritated,9
irritating,10
irritatingly,12
irritation,10
irritative,10
irrupt,6
irruption,9
irruptive,9
irtish,6
irtysh,6
irula,5
irving,6
irvingia,8
isaac,5
isabella,8
isaiah,6
isarithm,8
isatis,6
ischaemia,9
ischaemic,9
ischemia,8
ischemic,8
ischia,6
ischigualastia,14
ischium,7
isentropic,10
isere,5
iseult,6
isfahan,7
isherwood,9
ishmael,7
ishtar,6
isinglass,9
isis,4
iskcon,6
islam,5
islamabad,9
islamic,7
islamise,8
islamism,8
islamist,8
islamize,8
islamophobia,12
island,6
islander,8
islay,5
isle,4
islet,5
ismaili,7
ismailian,9
ismailism,9
isoagglutinin,13
isoagglutinogen,15
isoantibody,11
isobar,6
isobilateral,12
isobutylene,11
isocarboxazid,13
isochronal,10
isochrone,9
isochronous,11
isoclinal,9
isoclinic,9
isocrates,9
isocyanate,10
isocyclic,9
isoetaceae,10
isoetales,9
isoetes,7
isoflurane,10
isogamete,9
isogamy,7
isogon,6
isogone,7
isogonic,8
isogram,7
isohel,6
isolable,8
isolate,7
isolated,8
isolating,9
isolation,9
isolationism,12
isolationist,12
isolationistic,14
isolde,6
isoleucine,10
isomer,6
isomerase,9
isomeric,8
isomerisation,13
isomerise,9
isomerism,9
isomerization,13
isomerize,9
isometric,9
isometrical,11
isometrics,10
isometropia,11
isometry,8
isomorphic,10
isomorphism,11
isomorphous,11
isomorphy,9
isoniazid,9
isopleth,8
isopod,6
isopoda,7
isopropanol,11
isoproterenol,13
isoptera,8
isopteran,9
isoptin,7
isopyrum,8
isordil,7
isosceles,9
isosmotic,9
isosorbide,10
isospondyli,11
isostasy,8
isotherm,8
isothermal,10
isothermic,10
isothiocyanate,14
isotonic,8
isotope,7
isotopic,8
isotropic,9
isotropically,13
isotropous,10
isotropy,8
israel,6
israeli,7
israelite,9
israelites,10
issachar,8
issuance,8
issue,5
issuer,6
issuing,7
issus,5
istanbul,8
isthmian,8
isthmus,7
istiophoridae,13
istiophorus,11
isuprel,7
isuridae,8
isurus,6
italia,6
italian,7
italic,6
italicise,9
italicize,9
italy,5
itch,4
itchiness,9
itching,7
itchy,5
item,4
itemisation,11
itemise,7
itemization,11
itemize,7
iterate,7
iteration,9
iterative,9
ithaca,6
ithaki,6
ithunn,6
itinerant,9
itinerary,9
itinerate,9
itineration,11
itraconazole,12
ivanov,6
ives,4
ivied,5
ivory,5
ivorybill,9
ivry,4
ixia,4
ixobrychus,10
ixodes,6
ixodid,6
ixodidae,8
iyar,4
iyyar,5
izanagi,7
izanami,7
izar,4
izmir,5
izzard,6
jabalpur,8
jabber,6
jabberer,8
jabbering,9
jabberwocky,11
jabbing,7
jabiru,6
jaboncillo,10
jabot,5
jaboticaba,10
jacamar,7
jacaranda,9
jacinth,7
jack,4
jackal,6
jackanapes,10
jackass,7
jackboot,8
jackdaw,7
jacket,6
jackfruit,9
jackhammer,10
jackknife,9
jacklight,9
jackpot,7
jackrabbit,10
jacks,5
jackscrew,9
jacksmelt,9
jacksnipe,9
jackson,7
jacksonia,9
jacksonian,10
jacksonville,12
jackstones,10
jackstraw,9
jackstraws,10
jacob,5
jacobean,8
jacobi,6
jacobin,7
jacobinic,9
jacobinical,11
jacobinism,10
jacobite,8
jacobs,6
jaconet,7
jacquard,8
jacquinia,9
jactation,9
jactitate,9
jactitation,11
jaculus,7
jade,4
jaded,5
jadeite,7
jadestone,9
jaeger,6
jafar,5
jaffa,5
jaffar,6
jagannath,9
jagannatha,10
jagatai,7
jagganath,9
jaggary,7
jagged,6
jaggedly,8
jaggedness,10
jagger,6
jaggery,7
jagghery,8
jaggy,5
jaghatai,8
jagua,5
jaguar,6
jaguarondi,10
jaguarundi,10
jahvey,6
jahweh,6
jail,4
jailbird,8
jailbreak,9
jailed,6
jailer,6
jailhouse,9
jailor,6
jain,4
jainism,7
jainist,7
jakarta,7
jakes,5
jakobson,8
jalalabad,9
jalapeno,8
jalopy,6
jalousie,8
jamaica,7
jamaican,8
jamb,4
jambalaya,9
jambeau,7
jamberry,8
jambon,6
jamboree,8
jambos,6
jambosa,7
james,5
jamesian,8
jamesonia,9
jamestown,9
jamison,7
jamjar,6
jammed,6
jammer,6
jammies,7
jamming,7
jampack,7
jampan,6
jampot,6
jangle,6
jangling,8
jangly,6
janissary,9
janitor,7
jansen,6
jansenism,9
jansenist,9
january,7
janus,5
japan,5
japanese,8
jape,4
japery,6
japheth,7
japonica,8
jarful,6
jargon,6
jargoon,7
jarrell,7
jarring,7
jarringly,9
jasmine,7
jasminum,8
jason,5
jasper,6
jaspers,7
jassid,6
jassidae,8
jati,4
jatropha,8
jaundice,8
jaundiced,9
jaunt,5
jauntily,8
jauntiness,10
jaunty,6
java,4
javan,5
javanese,8
javanthropus,12
javelin,7
javelina,8
jawan,5
jawbone,7
jawbreaker,10
jawed,5
jawfish,7
jawless,7
jaybird,7
jayshullah,10
jaywalk,7
jaywalker,9
jazz,4
jazzman,7
jazzy,5
jdam,4
jealous,7
jealously,9
jealousy,8
jean,4
jeddah,6
jeep,4
jeer,4
jeerer,6
jeering,7
jeeringly,9
jeffers,7
jefferson,9
jeffersonian,12
jehad,5
jehovah,7
jejune,6
jejunely,8
jejuneness,10
jejunitis,9
jejunity,8
jejunoileitis,13
jejunostomy,11
jejunum,7
jell,4
jellaba,7
jelled,6
jellied,7
jellify,7
jello,5
jelly,5
jellyfish,9
jellyleaf,9
jellylike,9
jellyroll,9
jemmy,5
jena,4
jenner,6
jennet,6
jenny,5
jensen,6
jeopardise,10
jeopardize,10
jeopardy,8
jerboa,6
jeremiad,8
jeremiah,8
jerevan,7
jerez,5
jericho,7
jerk,4
jerker,6
jerkily,7
jerkin,6
jerkiness,9
jerking,7
jerkwater,9
jerky,5
jeroboam,8
jerome,6
jerry,5
jersey,6
jerusalem,9
jespersen,9
jessamine,9
jest,4
jester,6
jesting,7
jestingly,9
jesuit,6
jesuitic,8
jesuitical,10
jesuitism,9
jesuitry,8
jesus,5
jeth,4
jetliner,8
jetsam,6
jetting,7
jettison,8
jetty,5
jevons,6
jewbush,7
jewel,5
jeweled,7
jeweler,7
jewelled,8
jeweller,8
jewellery,9
jewelry,7
jewelweed,9
jewess,6
jewfish,7
jewish,6
jewison,7
jewry,5
jezebel,7
jhvh,4
jiao,4
jibboom,7
jibe,4
jidda,5
jiddah,6
jiffy,5
jigaboo,7
jigger,6
jiggered,8
jiggermast,10
jiggle,6
jigsaw,6
jihad,5
jihadi,6
jihadist,8
jillion,7
jilt,4
jilted,6
jimdandy,8
jimenez,7
jimhickey,9
jimmies,7
jimmy,5
jimsonweed,10
jinghpaw,8
jinghpo,7
jingle,6
jingling,8
jingly,6
jingo,5
jingoism,8
jingoist,8
jingoistic,10
jinja,5
jinks,5
jinnah,6
jinnee,6
jinni,5
jinrikisha,10
jinx,4
jinxed,6
jiqui,5
jird,4
jirga,5
jirrbal,7
jitney,6
jitter,6
jitterbug,9
jitteriness,11
jittering,9
jitters,7
jittery,7
jiujitsu,8
jive,4
joachim,7
jobber,6
jobbery,7
jobcentre,9
jobholder,9
jobless,7
jocasta,7
jock,4
jockey,6
jockstrap,9
jocose,6
jocosely,8
jocoseness,10
jocosity,8
jocote,6
jocular,7
jocularity,10
jocund,6
jocundity,9
jodhpur,7
jodhpurs,8
joel,4
joewood,7
joffre,6
joffrey,7
jogger,6
jogging,7
joggle,6
johannesburg,12
john,4
johnny,6
johnnycake,10
johns,5
johnson,7
johnston,8
join,4
joined,6
joiner,6
joinery,7
joining,7
joint,5
jointed,7
jointer,7
jointly,7
jointure,8
jointworm,9
joist,5
joke,4
joker,5
jokester,8
joking,6
jokingly,8
joliet,6
joliot,6
jolliet,7
jollification,13
jollify,7
jolliness,9
jollity,7
jolly,5
jolson,6
jolt,4
jolted,6
jolting,7
jolty,5
jonah,5
jonathan,8
jones,5
jonesboro,9
jong,4
jongleur,8
jonquil,7
jonson,6
jook,4
joplin,6
joppa,5
jordan,6
jordanella,10
jordanian,9
jorum,5
joseph,6
josephus,8
josh,4
joshua,6
joss,4
jostle,6
jostling,8
josue,5
jotter,6
jotting,7
jotun,5
jotunn,6
joule,5
jounce,6
journal,7
journalese,10
journalism,10
journalist,10
journalistic,12
journey,7
journeyer,9
journeying,10
journeyman,10
joust,5
jove,4
jovial,6
joviality,9
jovially,8
jovian,6
jowett,6
jowl,4
jowly,5
joyce,5
joyful,6
joyfully,8
joyfulness,10
joyless,7
joylessly,9
joylessness,11
joyous,6
joyously,8
joyousness,10
joyride,7
joystick,8
juarez,6
jubbulpore,10
jubilance,9
jubilancy,9
jubilant,8
jubilantly,10
jubilate,8
jubilation,10
jubilee,7
juda,4
judaea,6
judah,5
judaic,6
judaica,7
judaical,8
judaism,7
judas,5
judder,6
jude,4
judea,5
judge,5
judgement,9
judges,6
judgeship,9
judging,7
judgment,8
judgmental,10
judicable,9
judicatory,10
judicature,10
judicial,8
judicially,10
judiciary,9
judicious,9
judiciously,11
judiciousness,13
judith,6
judo,4
jugale,6
jugful,6
juggernaut,10
juggle,6
juggler,7
jugglery,8
juggling,8
juglandaceae,12
juglandales,11
juglans,7
jugoslav,8
jugoslavian,11
jugoslavija,11
jugular,7
juice,5
juiceless,9
juicer,6
juiciness,9
juicy,5
jujitsu,7
juju,4
jujube,6
jujutsu,7
juke,4
jukebox,7
julep,5
julian,6
julienne,8
july,4
jumbal,6
jumble,6
jumbled,7
jumbo,5
jumbojet,8
jument,6
jumentous,9
jump,4
jumper,6
jumpiness,9
jumping,7
jumpstart,9
jumpsuit,8
jumpy,5
juncaceae,9
juncaginaceae,13
junco,5
junction,8
juncture,8
juncus,6
june,4
juneau,6
juneberry,9
jung,4
jungermanniales,15
jungian,7
jungle,6
jungly,6
junior,6
juniper,7
juniperus,9
junk,4
junker,6
junkers,7
junket,6
junketeer,9
junketing,9
junkie,6
junky,5
junkyard,8
juno,4
junoesque,9
junta,5
junto,5
jupati,6
jupaty,6
jupiter,7
jural,5
jurassic,8
juridic,7
juridical,9
jurisdiction,12
jurisdictional,14
jurisprudence,13
jurisprudential,15
jurist,6
juristic,8
juror,5
jury,4
juryman,7
jurywoman,9
jussieu,7
just,4
justice,7
justiciar,9
justiciary,10
justifiable,11
justifiably,11
justification,13
justificative,13
justificatory,13
justified,9
justifiedly,11
justifier,9
justify,7
justinian,9
justly,6
justness,8
jute,4
jutish,6
jutland,7
jutting,7
juvenal,7
juvenescence,12
juvenile,8
juvenility,10
juxtapose,9
juxtaposed,10
juxtaposition,13
jyaistha,8
jylland,7
jynx,4
kaaba,5
kabala,6
kabbala,7
kabbalah,8
kabbalism,9
kabbalist,9
kabbalistic,11
kabob,5
kabolin,7
kabul,5
kach,4
kachaturian,11
kachin,6
kachina,7
kachinic,8
kadai,5
kadikoy,7
kaffir,6
kaffiyeh,8
kafir,5
kafiri,6
kafka,5
kafkaesque,10
kafocin,7
kaftan,6
kahikatea,9
kahlua,6
kahn,4
kahoolawe,9
kail,4
kainite,7
kainogenesis,12
kaiser,6
kakatoe,7
kakemono,8
kaki,4
kalahari,8
kalamazoo,9
kalansuwa,9
kalantas,8
kalapooia,9
kalapooian,10
kalapuya,8
kalapuyan,9
kalashnikov,11
kale,4
kaleidoscope,12
kaleidoscopic,13
kaleidoscopical,15
kalemia,7
kali,4
kalian,6
kalif,5
kalimantan,10
kalinin,7
kaliph,6
kaliuresis,10
kalka,5
kalki,5
kalmia,6
kalotermes,10
kalotermitidae,14
kalpac,6
kaluga,6
kalumpang,9
kaluresis,9
kama,4
kamarupan,9
kamasutra,9
kamba,5
kameez,6
kamet,5
kami,4
kamia,5
kamikaze,8
kampala,7
kampong,7
kampuchea,9
kampuchean,10
kanaf,5
kanamycin,9
kananga,7
kanara,6
kanarese,8
kanawha,7
kanchanjanga,12
kanchenjunga,12
kanchil,7
kandahar,8
kandinski,9
kandinsky,9
kandy,5
kangaroo,8
kannada,7
kansa,5
kansan,6
kansas,6
kansu,5
kant,4
kantian,7
kantrex,7
kanzu,5
kaochlor,8
kaoliang,8
kaolin,6
kaoline,7
kaolinite,9
kaon,4
kaopectate,10
kapeika,7
kaph,4
kapok,5
kappa,5
kapsiki,7
kapuka,6
kaput,5
karabiner,9
karachi,7
karaites,8
karakalpak,10
karakoram,9
karakul,7
karaoke,7
karat,5
karate,6
karbala,7
karelia,7
karelian,8
karen,5
karenic,7
karlfeldt,9
karloff,7
karma,5
karnataka,9
karok,5
karpov,6
karsavina,9
kartik,6
kartikeya,9
karttika,8
karttikeya,10
karyokinesis,12
karyokinetic,12
karyolymph,10
karyolysis,10
karyon,6
karyoplasm,10
karyotype,9
kasai,5
kasbah,6
kasha,5
kashag,6
kashmir,7
kashmiri,8
kasparov,8
kassite,7
kastler,7
katabatic,9
katabolic,9
katabolism,10
katamorphism,12
katar,5
katari,6
katharevusa,11
katharobe,9
katharobic,10
katharometer,12
katharsis,9
kathmandu,9
katmandu,8
katowice,8
katsina,7
katsuwonidae,12
katsuwonus,10
kattegatt,9
katydid,7
katzenjammer,12
kauai,5
kaufman,7
kaunas,6
kaunda,6
kauri,5
kaury,5
kava,4
kavakava,8
kavrin,6
kawaka,6
kayak,5
kayo,4
kayoed,6
kazak,5
kazakh,6
kazakhstan,10
kazakhstani,11
kazakstan,9
kazan,5
kazoo,5
kbit,4
kean,4
keaton,6
keats,5
kebab,5
keble,5
kechua,6
kechuan,7
kedgeree,8
keel,4
keelboat,8
keeled,6
keelson,7
keen,4
keenly,6
keenness,8
keep,4
keeper,6
keeping,7
keepsake,8
keeshond,8
keflex,6
keflin,6
keftab,6
kegful,6
keister,7
kekchi,6
kekule,6
keller,6
kellogg,7
kelly,5
keloid,6
kelp,4
kelpie,6
kelpwort,8
kelpy,5
kelt,4
kelter,6
kelvin,6
kemadrin,8
kempt,5
kenaf,5
kenalog,7
kendal,6
kendall,7
kendrew,7
kennan,6
kennedia,8
kennedy,7
kennedya,8
kennel,6
kennelly,8
kennewick,9
kenning,7
keno,4
kenogenesis,11
kent,4
kentan,6
kentish,7
kentuckian,10
kentucky,8
kenya,5
kenyan,6
kenyapithecus,13
kenyata,7
keokuk,6
kepi,4
kepler,6
kept,4
kera,4
keratalgia,10
keratectasia,12
keratin,7
keratinisation,14
keratinise,10
keratinization,14
keratinize,10
keratitis,9
keratoacanthoma,15
keratocele,10
keratoconus,11
keratoderma,11
keratodermia,12
keratohyalin,12
keratoiritis,12
keratomalacia,13
keratomycosis,13
keratonosis,11
keratonosus,11
keratoplasty,12
keratoscleritis,15
keratoscope,11
keratoscopy,11
keratosis,9
keratotomy,10
kerb,4
kerbala,7
kerbela,7
kerbstone,9
kerchief,8
kerensky,8
kerfuffle,9
kerion,6
kern,4
kernel,6
kernicterus,11
kernite,7
kerosene,8
kerosine,8
kerouac,7
kerugma,7
kerygma,7
kesey,5
kestrel,7
ketalar,7
ketamine,8
ketch,5
ketchup,7
keteleeria,10
ketembilla,10
ketoacidosis,12
ketoaciduria,12
ketohexose,10
ketone,6
ketonemia,9
ketonuria,9
ketoprofen,10
ketorolac,9
ketose,6
ketosis,7
ketosteroid,11
kettering,9
kettle,6
kettledrum,10
kettleful,9
ketubim,7
keurboom,8
keyboard,8
keyboardist,11
keycard,7
keyed,5
keyhole,7
keyless,7
keynes,6
keynesian,9
keynesianism,12
keynote,7
keypad,6
keystone,8
keystroke,9
khabarovsk,10
khachaturian,12
khadafy,7
khaddar,7
khadi,5
khaki,5
khakis,6
khalif,6
khalifah,8
khalka,6
khalkha,7
khalsa,6
khama,5
khamsin,7
khamti,6
khan,4
khanate,7
khanty,6
kharkiv,7
kharkov,7
khartoum,8
khat,4
khaya,5
khedive,7
khepera,7
khesari,7
khimar,6
khios,5
khirghiz,8
khmer,5
khoikhoi,8
khoikhoin,9
khoisan,7
khomeini,8
khoum,5
khowar,6
khrushchev,10
khuen,5
khufu,5
khukuri,7
kiaat,5
kiang,5
kibbitz,7
kibble,6
kibbutz,7
kibbutznik,10
kibe,4
kibibit,7
kibibyte,8
kibit,5
kibitz,6
kibitzer,8
kibosh,6
kichaga,7
kichai,6
kick,4
kickapoo,8
kickback,8
kicker,6
kicking,7
kickoff,7
kickshaw,8
kicksorter,10
kickstand,9
kidd,4
kiddy,5
kidnap,6
kidnaper,8
kidnapper,9
kidnapping,10
kidney,6
kidskin,7
kierkegaard,11
kieselguhr,10
kieserite,9
kieslowski,10
kiev,4
kigali,6
kiggelaria,10
kike,4
kikladhes,9
kildeer,7
kilderkin,9
kiley,5
kilimanjaro,11
kiliwa,6
kiliwi,6
kill,4
killable,8
killdeer,8
killer,6
killifish,9
killing,7
killingly,9
killjoy,7
kiln,4
kilo,4
kilobit,7
kilobyte,8
kilocalorie,11
kilocycle,9
kilogram,8
kilohertz,9
kiloliter,9
kilolitre,9
kilometer,9
kilometre,9
kiloton,7
kilovolt,8
kilowatt,8
kilroy,6
kilt,4
kilter,6
kimberley,9
kimberlite,10
kimono,6
kina,4
kinaesthesia,12
kinaesthesis,12
kinaesthetic,12
kinanesthesia,13
kinase,6
kinchinjunga,12
kind,4
kinda,5
kindergarten,12
kindergartener,14
kindergartner,13
kindhearted,11
kindheartedness,15
kindle,6
kindled,7
kindliness,10
kindling,8
kindly,6
kindness,8
kindred,7
kine,4
kinematics,10
kinescope,9
kinesiology,11
kinesis,7
kinesthesia,11
kinesthesis,11
kinesthetic,11
kinesthetically,15
kinesthetics,12
kinetic,7
kinetics,8
kinetochore,11
kinetoscope,11
kinetosis,9
kinfolk,7
king,4
kingbird,8
kingbolt,8
kingcup,7
kingdom,7
kingfish,8
kingfisher,10
kinglet,7
kinglike,8
kingly,6
kingmaker,9
kingpin,7
kingship,8
kingsnake,9
kingston,8
kingstown,9
kingwood,8
kinin,5
kink,4
kinkajou,8
kinky,5
kino,4
kinosternidae,13
kinosternon,11
kinsey,6
kinsfolk,8
kinshasa,8
kinship,7
kinsman,7
kinsperson,10
kinswoman,9
kinyarwanda,11
kiosk,5
kiowa,5
kipling,7
kiplingesque,12
kipper,6
kirchhoff,9
kirchner,8
kirghiz,7
kirghizia,9
kirghizstan,11
kirgiz,6
kirgizia,8
kirgizstan,10
kiribati,8
kirk,4
kirkia,6
kirkuk,6
kirpan,6
kirsch,6
kirtle,6
kishar,6
kishinev,8
kishke,6
kislev,6
kismat,6
kismet,6
kiss,4
kisser,6
kissimmee,9
kissing,7
kissinger,9
kisumu,6
kiswahili,9
kitakyushu,10
kitambilla,10
kitbag,6
kitchen,7
kitchener,9
kitchenette,11
kitchenware,11
kite,4
kitembilla,10
kith,4
kitsch,6
kitschy,7
kittee,6
kitten,6
kittenish,9
kittiwake,9
kittul,6
kitty,5
kitul,5
kivu,4
kiwi,4
klaipeda,8
klamath,7
klan,4
klansman,8
klaproth,8
klavern,7
klavier,7
klaxon,6
klebsiella,10
klee,4
kleenex,7
klein,5
kleist,6
kleptomania,11
kleptomaniac,12
klick,5
klimt,5
kline,5
klinefelter,11
klondike,8
klopstock,9
klorvess,8
klotho,6
kludge,6
klutz,5
kluxer,6
klystron,8
klyuchevskaya,13
knack,5
knacker,7
knackered,9
knackwurst,10
knap,4
knapsack,8
knapweed,8
knave,5
knavery,7
knavish,7
knavishly,9
knawe,5
knawel,6
knead,5
knee,4
kneecap,7
kneel,5
kneeler,7
kneeling,8
kneepan,7
knell,5
knesset,7
knesseth,8
knickerbockers,14
knickers,8
knickknack,10
knickknackery,13
knife,5
knifelike,9
knight,6
knighthood,10
knightia,8
knightliness,12
knightly,8
kniphofia,9
knish,5
knit,4
knitted,7
knitter,7
knitting,8
knitwear,8
knitwork,8
knob,4
knobbed,7
knobble,7
knobbly,7
knobby,6
knobkerrie,10
knobkerry,9
knock,5
knockabout,10
knockdown,9
knocker,7
knocking,8
knockoff,8
knockout,8
knockwurst,10
knoll,5
knossos,7
knot,4
knotgrass,9
knothole,8
knotted,7
knottiness,10
knotty,6
knout,5
know,4
knowable,8
knower,6
knowing,7
knowingly,9
knowingness,11
knowledge,9
knowledgeable,13
known,5
knox,4
knoxville,9
knuckle,7
knuckleball,11
knucklebones,12
knucklehead,11
knuckler,8
knuckles,8
knucks,6
knut,4
koala,5
koan,4
koasati,7
kobe,4
kobenhavn,9
kobo,4
kobus,5
koch,4
kochia,6
kodiak,6
koellia,7
koestler,8
kogia,5
kohl,4
kohleria,8
kohlrabi,8
koine,5
koinonia,8
kokka,5
kola,4
kolam,5
kolami,6
kolkata,7
kolkhoz,7
kolkhoznik,10
kolkwitzia,10
koln,4
kolonia,7
komi,4
komondor,8
konakri,7
kongfuze,8
kongo,5
konini,6
konoe,5
konoye,6
konqueror,9
koodoo,6
kook,4
kookaburra,10
kookie,6
kooky,5
koopmans,8
kopeck,6
kopek,5
kopiyka,7
kopje,5
koppie,6
koran,5
koranic,7
korbut,6
korchnoi,8
korda,5
kordofan,8
kordofanian,11
kore,4
korea,5
korean,6
korinthos,9
koruna,6
korzybski,9
kosciusko,9
kosciuszko,10
kosher,6
kosovo,6
kosteletzya,11
kota,4
kotar,5
kotex,5
koto,4
kotoko,6
kotow,5
koudou,6
koumiss,7
koussevitzky,12
kovna,5
kovno,5
koweit,6
kowhai,6
kowtow,6
kraal,5
kraft,5
krait,5
krakatao,8
krakatau,8
krakatoa,8
krakau,6
krakow,6
krasner,7
kraurosis,9
kraut,5
krauthead,9
krebs,5
kreisler,8
kremlin,7
krigia,6
krill,5
kris,4
krishna,7
krishnaism,10
kriti,5
kroeber,7
krona,5
krone,5
kronecker,9
kroon,5
kropotkin,9
kroto,5
krubi,5
kruger,6
krummhorn,9
krupp,5
krypton,7
kshatriya,9
kuangchou,9
kubrick,7
kuchean,7
kudos,5
kudu,4
kudzu,5
kuenlun,7
kuhn,4
kuiper,6
kukenaam,8
kuki,4
kulanapan,9
kulun,5
kumasi,6
kumis,5
kummel,6
kumquat,7
kunlun,6
kunzite,7
kuomintang,10
kura,4
kurakkan,8
kurchee,7
kurchi,6
kurd,4
kurdish,7
kurdistan,9
kurosawa,8
kuroshio,8
kurrajong,9
kurrat,6
kursk,5
kurta,5
kuru,4
kurus,5
kurux,5
kusan,5
kutch,5
kutuzov,7
kuvasz,6
kuvi,4
kuwait,6
kuwaiti,7
kuznets,7
kvass,5
kvetch,6
kwacha,6
kwai,4
kwajalein,9
kwakiutl,8
kwangchow,9
kwangju,7
kwangtung,9
kwannon,7
kwanza,6
kwanzaa,7
kwashiorkor,11
kweek,5
kwela,5
kwell,5
kyanite,7
kyat,4
kylie,5
kylix,5
kymograph,9
kyoto,5
kyphosidae,10
kyphosis,8
kyphosus,8
kyphotic,8
kyrgyzstan,10
kyrgyzstani,11
kyushu,6
kyyiv,5
laager,6
laban,5
labanotation,12
labdanum,8
label,5
labeled,7
labelled,8
labetalol,9
labial,6
labialise,9
labialize,9
labiatae,8
labiate,7
labile,6
labiodental,11
labium,6
lablab,6
lablink,7
labor,5
laboratory,10
labored,7
laborer,7
laboring,8
laborious,9
laboriously,11
laboriousness,13
laborsaving,11
labour,6
laboured,8
labourer,8
labouring,9
labourite,9
laboursaving,12
labrador,8
labridae,8
labrocyte,9
labrouste,9
laburnum,8
labyrinth,9
labyrinthian,12
labyrinthine,12
labyrinthitis,13
labyrinthodont,14
labyrinthodonta,15
laccopetalum,12
lace,4
lacebark,8
laced,5
lacelike,8
lacepod,7
lacer,5
lacerate,8
lacerated,9
laceration,10
lacerta,7
lacertid,8
lacertidae,10
lacertilia,10
lacertilian,11
lacewing,8
lacewood,8
lacework,8
lachaise,8
lachesis,8
lachnolaimus,12
lachrymal,9
lachrymation,12
lachrymator,11
lachrymatory,12
lachrymose,10
lacing,6
laciniate,9
lack,4
lackadaisical,13
lackadaisically,15
lackey,6
lacking,7
lackluster,10
lacklustre,10
laconia,7
laconian,8
laconic,7
laconically,11
laconicism,10
laconism,8
lacquer,7
lacquerware,11
lacrimal,8
lacrimation,11
lacrimator,10
lacrimatory,11
lacrosse,8
lactaid,7
lactalbumin,11
lactarius,9
lactase,7
lactate,7
lactating,9
lactation,9
lacteal,7
lactic,6
lactifuge,9
lactobacillus,13
lactoflavin,11
lactogen,8
lactogenic,10
lactophrys,10
lactose,7
lactosuria,10
lactuca,7
lacuna,6
lacustrine,10
lacy,4
ladanum,7
ladder,6
laddie,6
lade,4
laden,5
ladened,7
ladin,5
lading,6
ladino,6
ladle,5
ladoga,6
lady,4
ladybeetle,10
ladybird,8
ladybug,7
ladyfinger,10
ladyfish,8
ladylike,8
ladylikeness,12
ladylove,8
ladyship,8
laelia,6
laertes,7
laetrile,8
laevulose,9
lafayette,9
laffer,6
laffite,7
lafitte,7
lagan,5
lagarostrobus,13
lagenaria,9
lagend,6
lagenophera,11
lager,5
lagerphone,10
lagerstroemia,13
laggard,7
lagger,6
lagging,7
lagidium,8
lagniappe,9
lagodon,7
lagomorph,9
lagomorpha,10
lagoon,6
lagophthalmos,13
lagopus,7
lagorchestes,12
lagos,5
lagostomus,10
lagothrix,9
laguna,6
laguncularia,12
lagune,6
lahar,5
lahore,6
lahu,4
laic,4
laicise,7
laicize,7
laid,4
lair,4
laird,5
laity,5
laius,5
lake,4
lakefront,9
lakeland,8
lakeshore,9
lakeside,8
lakh,4
lakota,6
lakshmi,7
lallans,7
lallation,9
lally,5
lallygag,8
lama,4
lamaism,7
lamaist,7
lamarck,7
lamarckian,10
lamarckism,10
lamasery,8
lamb,4
lambast,7
lambaste,8
lambchop,8
lambda,6
lambdacism,10
lambency,8
lambent,7
lambert,7
lambertia,9
lambis,6
lambkill,8
lambkin,7
lamblike,8
lambrequin,10
lambskin,8
lame,4
lamedh,6
lamella,7
lamellibranch,13
lamellibranchia,15
lamellicornia,13
lamely,6
lameness,8
lament,6
lamentable,10
lamentably,10
lamentation,11
lamentations,12
lamented,8
lamenter,8
lamenting,9
lamia,5
lamiaceae,9
lamina,6
laminal,7
laminar,7
laminaria,9
laminariaceae,13
laminariales,12
laminate,8
lamination,10
laminator,9
laminectomy,11
laminitis,9
lamisil,7
lamium,6
lamivudine,10
lammas,6
lammastide,10
lammergeier,11
lammergeyer,11
lamna,5
lamnidae,8
lamp,4
lampblack,9
lamphouse,9
lamplight,9
lamplighter,11
lamplit,7
lampoon,7
lampooner,9
lamppost,8
lamprey,7
lampridae,9
lampris,7
lampropeltis,12
lampshade,9
lampshell,9
lampyridae,10
lanai,5
lanate,6
lancashire,10
lancaster,9
lancastrian,11
lance,5
lancelet,8
lancelike,9
lancelot,8
lanceolate,10
lancer,6
lancers,7
lancet,6
lancetfish,10
lancewood,9
lanchou,7
lanchow,7
lancinate,9
lancinating,11
land,4
landau,6
landed,6
lander,6
landfall,8
landfill,8
landgrave,9
landholder,10
landholding,11
landing,7
landlady,8
landler,7
landless,8
landline,8
landlocked,10
landlord,8
landlubber,10
landlubberly,12
landman,7
landmark,8
landmass,8
landowner,9
landowska,9
landrover,9
landscape,9
landscaped,10
landscaper,10
landscaping,11
landscapist,11
landside,8
landslide,9
landslip,8
landsmaal,9
landsmal,8
landsman,8
landsteiner,11
landward,8
landwards,9
lane,4
laney,5
langbeinite,11
lange,5
langlaufer,10
langley,7
langmuir,8
langobard,9
langouste,9
langoustine,11
langsat,7
langset,7
langside,8
langsyne,8
langtry,7
language,8
languid,7
languidly,9
languish,8
languisher,10
languor,7
languorous,10
languorously,12
langur,6
laniard,7
laniary,7
laniidae,8
lanius,6
lank,4
lankiness,9
lanky,5
lanolin,7
lanoxin,7
lansa,5
lansat,6
lanseh,6
lanset,6
lansing,7
lansoprazole,12
lantana,7
lantern,7
lanternfish,11
lanthanide,10
lanthanoid,10
lanthanon,9
lanthanotidae,13
lanthanotus,11
lanthanum,9
lanugo,6
lanyard,7
lanzhou,7
laocoon,7
laos,4
laotian,7
laparocele,10
laparoscope,11
laparoscopy,11
laparotomy,10
lapboard,8
lapdog,6
lapel,5
lapful,6
lapidarian,10
lapidarist,10
lapidary,8
lapidate,8
lapidation,10
lapidator,9
lapidify,8
lapidist,8
lapin,5
laplace,7
lapland,7
laportea,8
lapp,4
lappet,6
lappic,6
lapping,7
lappish,7
lappland,8
lapplander,10
lappula,7
lapse,5
lapsed,6
lapsing,7
laptop,6
laputa,6
laputan,7
lapwing,7
laramie,7
larboard,8
larcener,8
larcenist,9
larcenous,9
larceny,7
larch,5
lard,4
larder,6
lardizabala,11
lardizabalaceae,15
lardner,7
laredo,6
large,5
largely,7
largemouth,10
largeness,9
larger,6
largess,7
largesse,8
larghetto,9
larghissimo,11
largish,7
largo,5
lari,4
lariat,6
laricariidae,12
larid,5
laridae,7
larium,6
larix,5
lark,4
larkspur,8
larn,4
larodopa,8
larotid,7
larousse,8
larrea,6
larrup,6
larus,5
larva,5
larvacea,8
larvacean,9
larvacide,9
larval,6
larvicide,9
laryngeal,9
laryngectomy,12
laryngismus,11
laryngitis,10
laryngopharynx,14
laryngoscope,12
laryngospasm,12
laryngostenosis,15
larynx,6
lasagna,7
lasagne,7
lasalle,7
lascar,6
lascaux,7
lascivious,10
lasciviously,12
lasciviousness,14
lasek,5
laser,5
lash,4
lasher,6
lashing,7
lashings,8
lasik,5
lasiocampa,10
lasiocampid,11
lasiocampidae,13
lasiurus,8
lasix,5
lass,4
lassa,5
lassie,6
lassitude,9
lasso,5
last,4
lastex,6
lasthenia,9
lasting,7
lastingly,9
lastingness,11
lastly,6
lastreopsis,11
latakia,7
latanier,8
latch,5
latchet,7
latchkey,8
latchstring,11
late,4
latecomer,9
lateen,6
lately,6
latency,7
lateness,8
latent,6
later,5
lateral,7
lateralisation,14
laterality,10
lateralization,14
lateralize,10
laterally,9
lateran,7
laterite,8
lates,5
latest,6
latex,5
lath,4
lathe,5
lathee,6
lather,6
lathery,7
lathi,5
lathyrus,8
laticifer,9
latimeria,9
latimeridae,11
latin,5
latinae,7
latinate,8
latinesce,9
latinise,8
latinism,8
latinist,8
latinize,8
latino,6
latish,6
latitude,8
latitudinal,11
latitudinarian,14
latium,6
latke,5
latona,6
latria,6
latrine,7
latrobe,7
latrodectus,11
lats,4
latte,5
latten,6
latter,6
latterly,8
lattice,7
latticed,8
latticelike,11
latticework,11
latvia,6
latvian,7
laud,4
laudability,11
laudable,8
laudableness,12
laudably,8
laudanum,8
laudator,8
laudatory,9
lauder,6
laudo,5
laugh,5
laughable,9
laughably,9
laugher,7
laughing,8
laughingly,10
laughingstock,13
laughter,8
laughton,8
lauhala,7
launce,6
launch,6
launcher,8
launching,9
launchpad,9
launder,7
launderette,11
laundering,10
laundress,9
laundromat,10
laundry,7
laundryman,10
laundrywoman,12
lauraceae,9
laurasia,8
laureate,8
laurel,6
laureled,8
laurelled,9
laurels,7
laurelwood,10
laurens,7
laurentius,10
laurus,6
lausanne,8
lava,4
lavabo,6
lavage,6
lavalava,8
lavalier,8
lavaliere,9
lavalliere,10
lavandula,9
lavatera,8
lavation,8
lavatory,8
lave,4
lavender,8
laver,5
lavish,6
lavishly,8
lavishness,10
lavoisier,9
lawbreaker,10
lawcourt,8
lawful,6
lawfully,8
lawfulness,10
lawgiver,8
lawless,7
lawlessly,9
lawlessness,11
lawmaker,8
lawmaking,9
lawman,6
lawn,4
lawrence,8
lawrencium,10
laws,4
lawsuit,7
lawton,6
lawyer,6
lawyerbush,10
laxation,8
laxative,8
laxity,6
laxly,5
laxness,7
layabout,8
layby,5
layer,5
layered,7
layette,7
layia,5
laying,6
layman,6
layoff,6
layout,6
layover,7
layperson,9
layup,5
lazar,5
lazaret,7
lazarette,9
lazaretto,9
lazarus,7
laze,4
lazily,6
laziness,8
lazio,5
lazuli,6
lazuline,8
lazy,4
lazybones,9
leach,5
leaching,8
leacock,7
lead,4
leadbelly,9
leaded,6
leaden,6
leader,6
leaders,7
leadership,10
leading,7
leadless,8
leadplant,9
leadwort,8
leaf,4
leafage,7
leafed,6
leafhopper,10
leafing,7
leafless,8
leaflet,7
leaflike,8
leafstalk,9
leafy,5
league,6
leak,4
leakage,7
leaker,6
leakey,6
leakiness,9
leakproof,9
leaky,5
leal,4
lean,4
leander,7
leaner,6
leaning,7
leanness,8
leap,4
leaper,6
leapfrog,8
leaping,7
lear,4
learn,5
learned,7
learnedly,9
learnedness,11
learner,7
learning,8
leary,5
lease,5
leased,6
leasehold,9
leaseholder,11
leash,5
least,5
leastways,9
leastwise,9
leather,7
leatherback,11
leathered,9
leatherette,11
leatherfish,11
leatherjack,11
leatherjacket,13
leatherleaf,11
leatherlike,11
leatherneck,11
leatherwood,11
leatherwork,11
leathery,8
leave,5
leaved,6
leaven,6
leavened,8
leavening,9
leaver,6
leaving,7
lebanese,8
lebanon,7
lebensraum,10
lebistes,8
lecanopteris,12
lecanora,8
lecanoraceae,12
leccinum,8
lech,4
lechanorales,12
lechatelierite,14
lecher,6
lecherous,9
lecherousness,13
lechery,7
lechwe,6
lecithin,8
lectern,7
lectin,6
lector,6
lecture,7
lecturer,8
lectureship,11
lecturing,9
lecythidaceae,13
leda,4
ledbetter,9
lede,4
lederhosen,10
ledge,5
ledgeman,8
ledger,6
ledum,5
leech,5
leechee,7
leechlike,9
leeds,5
leek,4
leer,4
leering,7
leery,5
lees,4
leeuwenhoek,11
leeward,7
leeway,6
leflunomide,11
left,4
leftfield,9
lefthander,10
leftish,7
leftism,7
leftist,7
leftmost,8
leftover,8
leftovers,9
lefty,5
legacy,6
legal,5
legalese,8
legalisation,12
legalise,8
legalism,8
legality,8
legalization,12
legalize,8
legally,7
legate,6
legatee,7
legateship,10
legation,8
legato,6
legend,6
legendary,9
leger,5
legerdemain,11
legerity,8
legged,6
legging,7
leggy,5
leghorn,7
legibility,10
legible,7
legibly,7
leging,6
legion,6
legionary,9
legionella,10
legionnaire,11
legislate,9
legislating,11
legislation,11
legislative,11
legislatively,13
legislator,10
legislatorship,14
legislature,11
legitimacy,10
legitimate,10
legitimately,12
legitimation,12
legitimatise,12
legitimatize,12
legitimise,10
legitimize,10
legless,7
leglike,7
lego,4
legs,4
legume,6
leguminosae,11
leguminous,10
lehar,5
leibnitz,8
leibnitzian,11
leibniz,7
leibnizian,10
leicester,9
leicestershire,14
leiden,6
leigh,5
leiomyoma,9
leiomyosarcoma,14
leiopelma,9
leiopelmatidae,14
leiophyllum,11
leipoa,6
leipzig,7
leishmania,10
leishmaniasis,13
leishmaniosis,13
leister,7
leisure,7
leisured,8
leisureliness,13
leisurely,9
leitmotif,9
leitmotiv,9
leitneria,9
leitneriaceae,13
lekvar,6
lemaireocereus,14
lemaitre,8
lemanderin,10
lemma,5
lemming,7
lemmon,6
lemmus,6
lemna,5
lemnaceae,9
lemniscus,9
lemnos,6
lemon,5
lemonade,8
lemongrass,10
lemonlike,9
lemonwood,9
lemony,6
lempira,7
lemur,5
lemuridae,9
lemuroidea,10
lena,4
lenard,6
lend,4
lendable,8
lender,6
lending,7
lendl,5
length,6
lengthen,8
lengthened,10
lengthening,11
lengthily,9
lengthiness,11
lengthways,10
lengthwise,10
lengthy,7
lenience,8
leniency,8
lenient,7
leniently,9
lenify,6
lenin,5
leningrad,9
leninism,8
lenitive,8
lenity,6
lennoaceae,10
lennon,6
lens,4
lense,5
lensman,7
lent,4
lenten,6
lententide,10
lentia,6
lentic,6
lenticel,8
lenticular,10
lentiform,9
lentiginose,11
lentiginous,11
lentigo,7
lentil,6
lentinus,8
lentisk,7
lentissimo,10
lento,5
leon,4
leonard,7
leonardesque,12
leonardo,8
leonberg,8
leoncita,8
leone,5
leonidas,8
leonine,7
leonotis,8
leontief,8
leontocebus,11
leontodon,9
leontopodium,12
leonurus,8
leopard,7
leopardbane,11
leopardess,10
leopoldville,12
leotard,7
leotards,8
lepadidae,9
lepanto,7
lepas,5
lepechinia,10
leper,5
lepidium,8
lepidobotrys,12
lepidochelys,12
lepidocrocite,13
lepidocybium,12
lepidodendrales,15
lepidolite,10
lepidomelane,12
lepidophobia,12
lepidoptera,11
lepidopteran,12
lepidopterist,13
lepidopterology,15
lepidopteron,12
lepidoptery,11
lepidosauria,12
lepidote,8
lepidothamnus,13
lepiota,7
lepiotaceae,11
lepisma,7
lepismatidae,12
lepisosteidae,13
lepisosteus,11
lepomis,7
leporid,7
leporidae,9
leporide,8
leppy,5
leprechaun,10
leprose,7
leprosy,7
leprous,7
leptarrhena,11
leptinotarsa,12
leptocephalus,13
leptodactylid,13
leptodactylidae,15
leptodactylus,13
leptoglossus,12
leptomeninges,13
leptomeningitis,15
lepton,6
leptopteris,11
leptoptilus,11
leptorhine,10
leptorrhine,11
leptorrhinian,13
leptorrhinic,12
leptospira,10
leptospirosis,13
leptosporangium,15
leptotene,9
leptotyphlops,13
lepus,5
leresis,7
lermontov,9
lerner,6
lerot,5
lesbian,7
lesbianism,10
lesbos,6
lescol,6
lesion,6
lesotho,7
lespedeza,9
lesquerella,11
less,4
lessee,6
lessen,6
lessened,8
lessening,9
lesseps,7
lesser,6
lessing,7
lesson,6
lessor,6
lesvos,6
letch,5
letdown,7
lethal,6
lethality,9
lethargic,9
lethargically,13
lethargy,8
lethe,5
leto,4
letter,6
lettercard,10
lettered,8
letterer,8
letterhead,10
lettering,9
letterman,9
letterpress,11
letters,7
letting,7
lettish,7
lettuce,7
letup,5
leucadendron,12
leucaemia,9
leucaena,8
leucanthemum,12
leucine,7
leuciscus,9
leucocyte,9
leucocytosis,12
leucocytozoan,13
leucocytozoon,13
leucogenes,10
leucoma,7
leucopenia,10
leucorrhea,10
leucothoe,9
leucotomy,9
leuctra,7
leukaemia,9
leukemia,8
leukeran,8
leukocyte,9
leukocytosis,12
leukoderma,10
leukoma,7
leukopenia,10
leukorrhea,10
leukotomy,9
leuwenhoek,10
levallorphan,12
levant,6
levanter,8
levantine,9
levator,7
levee,5
level,5
leveler,7
levelheaded,11
leveling,8
leveller,8
lever,5
leverage,8
leveraging,10
leveret,7
levi,4
leviathan,9
levirate,8
levis,5
levisticum,10
levitate,8
levitation,10
levite,6
levitical,9
leviticus,9
levitra,7
levity,6
levodopa,8
levorotary,10
levorotation,12
levorotatory,12
levulose,8
levy,4
lewd,4
lewdly,6
lewdness,8
lewis,5
lewisia,7
lewiston,8
lexeme,6
lexical,7
lexicalisation,14
lexicalise,10
lexicalised,11
lexicalization,14
lexicalize,10
lexicalized,11
lexically,9
lexicographer,13
lexicographic,13
lexicographical,15
lexicography,12
lexicologist,12
lexicology,10
lexicon,7
lexicostatistic,15
lexington,9
lexis,5
leycesteria,11
leyden,6
leymus,6
leyte,5
lhasa,5
lhotse,6
liabilities,11
liability,9
liable,6
liaise,6
liaison,7
liakoura,8
liana,5
liao,4
liar,4
liatris,7
libation,8
libber,6
libby,5
libel,5
libeler,7
libellous,9
libelous,8
liberal,7
liberalisation,14
liberalise,10
liberalism,10
liberalist,10
liberalistic,12
liberality,10
liberalization,14
liberalize,10
liberally,9
liberalness,11
liberate,8
liberated,9
liberation,10
liberator,9
liberia,7
liberian,8
libertarian,11
libertarianism,14
libertine,9
liberty,7
libidinal,9
libidinous,10
libido,6
libocedrus,10
libra,5
librarian,9
librarianship,13
library,7
librate,7
libration,9
librettist,10
libretto,8
libreville,10
libritabs,9
librium,7
libya,5
libyan,6
licence,7
licenced,8
license,7
licensed,8
licensee,8
licenser,8
licentiate,10
licentious,10
licentiously,12
licentiousness,14
lichanura,9
lichee,6
lichen,6
lichenales,10
lichenes,8
lichgate,8
lichi,5
lichtenstein,12
licit,5
licitly,7
licitness,9
lick,4
licked,6
licking,7
licorice,8
lidar,5
lidded,6
lidless,7
lido,4
lidocaine,9
liebfraumilch,13
liechtenstein,13
liechtensteiner,15
lied,4
liederkranz,11
lief,4
liege,5
liegeman,8
lien,4
lienal,6
liepaja,7
lietuva,7
lieu,4
lieutenancy,11
lieutenant,10
life,4
lifeblood,9
lifeboat,8
lifeguard,9
lifehack,8
lifeless,8
lifelessly,10
lifelessness,12
lifelike,8
lifeline,8
lifelong,8
lifer,5
lifesaver,9
lifesaving,10
lifesize,8
lifespan,8
lifestyle,9
lifetime,8
lifework,8
lifo,4
lift,4
lifted,6
lifter,6
liftman,7
liftoff,7
ligament,8
ligan,5
ligand,6
ligate,6
ligation,8
ligature,8
liger,5
light,5
lightbulb,9
lighted,7
lighten,7
lightening,10
lighter,7
lighterage,10
lighterman,10
lightheaded,11
lightheadedness,15
lighthearted,12
lighthouse,10
lighting,8
lightless,9
lightlessness,13
lightly,7
lightness,9
lightning,9
lightproof,10
lightship,9
lightsome,9
lightsomely,11
lightsomeness,13
lightweight,11
lightwood,9
ligne,5
ligneous,8
lignify,7
lignin,6
lignite,7
lignosae,8
lignum,6
ligularia,9
ligule,6
liguria,7
ligustrum,9
liii,4
likable,7
like,4
likeable,8
liked,5
likelihood,10
likeliness,10
likely,6
liken,5
likeness,8
likening,8
likewise,8
liking,6
likuta,6
lilac,5
lilangeni,9
liliaceae,9
liliaceous,10
liliales,8
liliidae,8
liliopsid,9
liliopsida,10
lilith,6
lilium,6
liliuokalani,12
lille,5
lillie,6
lilliput,8
lilliputian,11
lilo,4
lilongwe,8
lilt,4
lilting,7
lily,4
lilyturf,8
lima,4
limacidae,9
limacine,8
limacoid,8
liman,5
limanda,7
limax,5
limb,4
limbed,6
limber,6
limbers,7
limbic,6
limbless,8
limbo,5
limburger,9
limbus,6
lime,4
limeade,7
limeira,7
limekiln,8
limelight,9
limen,5
limenitis,9
limerick,8
limestone,9
limewater,9
limey,5
limicolae,9
limit,5
limitation,10
limited,7
limitedly,9
limiter,7
limiting,8
limitless,9
limitlessness,13
limn,4
limner,6
limning,7
limnobium,9
limnocryptes,12
limnodromus,11
limnological,12
limnologically,14
limnologist,11
limnology,9
limnos,6
limo,4
limonene,8
limonite,8
limonium,8
limosa,6
limousin,8
limousine,9
limp,4
limpa,5
limper,6
limpet,6
limpid,6
limpidity,9
limpidly,8
limping,7
limpkin,7
limply,6
limpness,8
limpopo,7
limulidae,9
limulus,7
linac,5
linaceae,8
linage,6
linalool,8
linanthus,9
linaria,7
linchpin,8
lincocin,8
lincoln,7
lincolnesque,12
lincolnian,10
lincolnshire,12
lincomycin,10
lind,4
lindane,7
lindbergh,9
linden,6
lindera,7
lindesnes,9
lindheimera,11
lindsay,7
lindy,5
line,4
lineage,7
lineal,6
lineally,8
lineament,9
linear,6
linearise,9
linearity,9
linearize,9
linearly,8
lineation,9
linebacker,10
linecut,7
lined,5
linelike,8
lineman,7
linemen,7
linen,5
linendraper,11
liner,5
linesman,8
lineup,6
ling,4
lingam,6
lingberry,9
lingcod,7
lingenberry,11
linger,6
lingerer,8
lingerie,8
lingering,9
lingeringly,11
lingo,5
lingonberry,11
lingua,6
lingual,7
lingually,9
lingualumina,12
linguica,8
linguine,8
linguini,8
linguist,8
linguistic,10
linguistically,14
linguistics,11
lingulate,9
liniment,8
linin,5
lining,6
link,4
linkage,7
linkboy,7
linked,6
linkman,7
links,5
linksman,8
linkup,6
linnaea,7
linnaean,8
linnaeus,8
linnean,7
linnet,6
lino,4
linocut,7
linoleum,8
linotype,8
linseed,7
linstock,8
lint,4
lintel,6
lintwhite,9
linum,5
linuron,7
linux,5
linz,4
liomys,6
lion,4
lioness,7
lionet,6
lionfish,8
lionhearted,11
lionise,7
lionize,7
liopelma,8
liopelmidae,11
liothyronine,12
lipaemia,8
liparidae,9
liparididae,11
liparis,7
lipase,6
lipchitz,8
lipectomy,9
lipemia,7
lipfern,7
lipid,5
lipidaemia,10
lipide,6
lipidemia,9
lipidosis,9
lipitor,7
lipizzan,8
lipless,7
liplike,7
lipmann,7
lipogram,8
lipoid,6
lipoidaemia,11
lipoidemia,10
lipoma,6
lipomatosis,11
lipophilic,10
lipoprotein,11
liposarcoma,11
liposcelis,10
liposome,8
liposuction,11
lipotropic,10
lipotyphla,10
lipped,6
lippi,5
lippizan,8
lippizaner,10
lippmann,8
lipread,7
lipreading,10
lipscomb,8
lipstick,8
liquaemin,9
liquefaction,12
liquefiable,11
liquefied,9
liquefy,7
liquescent,10
liqueur,7
liquid,6
liquidambar,11
liquidate,9
liquidation,11
liquidator,10
liquidise,9
liquidiser,10
liquidity,9
liquidize,9
liquidizer,10
liquidness,10
liquifiable,11
liquified,9
liquify,7
liquor,6
liquorice,9
lira,4
liriodendron,12
liriope,7
lisboa,6
lisbon,6
lisinopril,10
lisle,5
lisp,4
lisper,6
lispingly,9
lissom,6
lissome,7
lissomeness,11
list,4
listed,6
listen,6
listener,8
listening,9
lister,6
listera,7
listeria,8
listeriosis,11
listing,7
listless,8
listlessly,10
listlessness,12
liston,6
lisu,4
liszt,5
litany,6
litas,5
litchee,7
litchi,6
lite,4
liter,5
literacy,8
literal,7
literalise,10
literalism,10
literalize,10
literally,9
literalness,11
literary,8
literate,8
literati,8
literatim,9
literature,10
lithane,7
lithe,5
litheness,9
lithesome,9
lithiasis,9
lithic,6
lithium,7
lithocarpus,11
lithodidae,10
lithoglyptics,13
lithograph,10
lithographer,12
lithographic,12
lithography,11
lithology,9
lithomancer,11
lithomancy,10
lithomantic,11
lithonate,9
lithophragma,12
lithophyte,10
lithophytic,11
lithops,7
lithospermum,12
lithosphere,11
lithotomy,9
lithuania,9
lithuanian,10
lithuresis,10
litigant,8
litigate,8
litigation,10
litigator,9
litigious,9
litigiousness,13
litmus,6
litocranius,11
litoral,7
litotes,7
litre,5
litter,6
litterateur,11
litterbin,9
litterbug,9
littered,8
litterer,8
little,6
littleneck,10
littleness,10
littler,7
littoral,8
littorina,9
littorinidae,12
littre,6
liturgical,10
liturgics,9
liturgiology,12
liturgist,9
liturgy,7
livable,7
live,4
liveable,8
liveborn,8
livedo,6
livelihood,10
liveliness,10
livelong,8
lively,6
liven,5
liveness,8
liver,5
liveried,8
liverish,8
liverleaf,9
livermore,9
liverpool,9
liverpudlian,12
liverwort,9
liverwurst,10
livery,6
liveryman,9
livestock,9
livid,5
lividity,8
lividly,7
lividness,9
living,6
livingston,10
livingstone,11
livistona,9
livonia,7
livonian,8
livy,4
liza,4
lizard,6
lizardfish,10
ljubljana,9
llama,5
llano,5
lloyd,5
llud,4
llullaillaco,12
llyr,4
loach,5
load,4
loaded,6
loader,6
loading,7
loads,5
loadstar,8
loadstone,9
loaf,4
loafer,6
loafing,7
loam,4
loamless,8
loamy,5
loan,4
loanblend,9
loaner,6
loaning,7
loanword,8
loasa,5
loasaceae,9
loath,5
loathe,6
loather,7
loathing,8
loathly,7
loathsome,9
loathsomeness,13
lobachevsky,11
lobar,5
lobata,6
lobate,6
lobated,7
lobby,5
lobbyism,8
lobbyist,8
lobe,4
lobectomy,9
lobed,5
lobefin,7
lobelia,7
lobeliaceae,11
lobeliaceous,12
lobipes,7
lobito,6
loblolly,8
lobotes,7
lobotidae,9
lobotomy,8
lobscouse,9
lobscuse,8
lobster,7
lobsterback,11
lobsterman,10
lobular,7
lobularia,9
lobularity,10
lobule,6
lobworm,7
local,5
locale,6
localisation,12
localise,8
localised,9
localism,8
locality,8
localization,12
localize,8
localized,9
locally,7
locate,6
located,7
locater,7
locating,8
location,8
locative,8
locator,7
loch,4
lochia,6
lock,4
lockage,7
lockbox,7
lockdown,8
locke,5
locker,6
locket,6
locking,7
lockjaw,7
lockkeeper,10
lockman,7
lockmaster,10
locknut,7
lockout,7
lockring,8
locksmith,9
lockstep,8
lockstitch,10
lockup,6
loco,4
locoism,7
locomote,8
locomotion,10
locomotive,10
locomotor,9
locoweed,8
locule,6
loculus,7
locum,5
locus,5
locust,6
locusta,7
locustidae,10
locution,8
lode,4
lodestar,8
lodestone,9
lodge,5
lodgement,9
lodgepole,9
lodger,6
lodging,7
lodgings,8
lodgment,8
lodine,6
lodz,4
loeb,4
loess,5
loestrin,8
loewe,5
loewi,5
lofortyx,8
lofoten,7
loft,4
loftily,7
loftiness,9
lofty,5
logagraphia,11
logan,5
loganberry,10
logania,7
loganiaceae,11
logarithm,9
logarithmic,11
logarithmically,15
logbook,7
loge,4
logger,6
loggerhead,10
loggerheaded,12
loggia,6
logginess,9
logging,7
logic,5
logical,7
logicality,10
logically,9
logicalness,11
logician,8
logicism,8
loginess,8
logion,6
logistic,8
logistical,10
logistician,11
logistics,9
logjam,6
logo,4
logogram,8
logogrammatic,13
logograph,9
logographic,11
logomach,8
logomachist,11
logomachy,9
logomania,9
logorrhea,9
logos,5
logotype,8
logroll,7
logrolling,10
logrono,7
logwood,7
logy,4
lohan,5
loin,4
loincloth,9
loins,5
loir,4
loire,5
loiseleuria,11
loiter,6
loiterer,8
loki,4
loligo,6
lolita,6
lolium,6
loll,4
lollipop,8
lollop,6
lolly,5
lollygag,8
lolo,4
loloish,7
lomatia,7
lombard,7
lombardia,9
lombardy,8
lome,4
loment,6
lomogramma,10
lomotil,7
lomustine,9
lonas,5
lonchocarpus,12
london,6
londoner,8
lone,4
loneliness,10
lonely,6
loner,5
lonesome,8
lonesomeness,12
long,4
longan,6
longanberry,11
longanimity,11
longanimous,11
longbeard,9
longboat,8
longbow,7
longbowman,10
longer,6
longest,7
longevity,9
longfellow,10
longhand,8
longhorn,8
longicorn,9
longing,7
longingly,9
longish,7
longitude,9
longitudinal,12
longitudinally,14
longlegs,8
longness,8
longroot,8
longshoreman,12
longshot,8
longsighted,11
longsightedness,15
longstanding,12
longtime,8
longueur,8
longways,8
longwise,8
longwool,8
longyi,6
lonicera,8
loniten,7
lontar,6
loofa,5
loofah,6
look,4
lookdown,8
looker,6
looking,7
lookout,7
lookup,6
loom,4
loon,4
looney,6
loonie,6
loony,5
loop,4
looper,6
loophole,8
looping,7
loopy,5
loos,4
loose,5
looseleaf,9
loosely,7
loosen,6
loosened,8
looseness,9
loosening,9
loosestrife,11
loot,4
looted,6
looter,6
looting,7
lope,4
lophiidae,9
lophius,7
lophodytes,10
lopholatilus,12
lophophora,10
lophophorus,11
lophosoria,10
lophosoriaceae,14
lopid,5
lopper,6
lopressor,9
lopsided,8
lopsidedly,10
lopsidedness,12
loquacious,10
loquaciously,12
loquaciousness,14
loquacity,9
loquat,6
loranthaceae,12
loranthus,9
lorazepam,9
lorca,5
lorchel,7
lord,4
lordless,8
lordliness,10
lordly,6
lordolatry,10
lordosis,8
lordotic,8
lordship,8
lore,4
lorelei,7
loren,5
lorentz,7
lorenz,6
lorfan,6
lorgnette,9
lorica,6
loricata,8
loriinae,8
lorikeet,8
lorisidae,9
lorraine,8
lorre,5
lorry,5
lory,4
lose,4
loser,5
losings,7
loss,4
losses,6
lossless,8
lossy,5
lost,4
lota,4
loth,4
lothario,8
lothringen,10
loti,4
lotic,5
lotion,6
lots,4
lotte,5
lottery,7
lotto,5
lotus,5
lotusland,9
louche,6
loud,4
louden,6
loudly,6
loudmouth,9
loudness,8
loudspeaker,11
lough,5
louis,5
louisiana,9
louisianan,10
louisianian,11
louisville,10
lounge,6
lounger,7
loungewear,10
loupe,5
lour,4
louse,5
lousiness,9
lousy,5
lout,4
loutish,7
louvar,6
louver,6
louvered,8
louvre,6
lovable,7
lovage,6
lovastatin,10
love,4
loveable,8
lovebird,8
loved,5
lovelace,8
loveless,8
loveliness,10
lovell,6
lovelorn,8
lovely,6
lovemaking,10
lover,5
loverlike,9
loverly,7
loveseat,8
lovesick,8
lovesickness,12
lovesome,8
loving,6
lovingly,8
lovingness,10
lovoa,5
lowan,5
lowball,7
lowborn,7
lowboy,6
lowbred,7
lowbrow,7
lowbrowed,9
lowell,6
lower,5
lowercase,9
lowerclassman,13
lowered,7
lowering,8
loweringly,10
lowermost,9
lowest,6
lowland,7
lowlander,9
lowlands,8
lowlife,7
lowliness,9
lowly,5
lowness,7
lowry,5
lowset,6
loxapine,8
loxia,5
loxitane,8
loxodonta,9
loxodrome,9
loxoma,6
loxomataceae,12
loxostege,9
loyal,5
loyalist,8
loyally,7
loyalty,7
loyang,6
loyola,6
lozal,5
lozenge,7
lozier,6
ltte,4
luanda,6
luau,4
luba,4
lubavitch,9
lubavitcher,11
lubber,6
lubberly,8
lubbock,7
lube,4
lubeck,6
lubitsch,8
lublin,6
lubricant,9
lubricate,9
lubricated,10
lubrication,11
lubricator,10
lubricious,10
lubricity,9
lubumbashi,10
lucania,7
lucanidae,9
lucas,5
luce,4
lucent,6
lucerne,7
lucid,5
lucidity,8
lucidly,7
lucidness,9
lucifer,7
luciferin,9
lucifugal,9
lucifugous,10
lucilia,7
lucite,6
luck,4
luckily,7
luckiness,9
luckless,8
lucknow,7
lucky,5
lucrative,9
lucrativeness,13
lucre,5
lucretius,9
lucubrate,9
lucubration,11
luculent,8
lucullan,8
lucullus,8
luculus,7
lucy,4
luda,4
luddite,7
ludian,6
ludicrous,9
ludicrously,11
ludo,4
lues,4
lufengpithecus,14
luff,4
luffa,5
lufkin,6
luftwaffe,9
luganda,7
luge,4
luger,5
luggage,7
lugger,6
lugh,4
luging,6
lugosi,6
lugsail,7
lugubrious,10
lugubriously,12
lugubriousness,14
lugworm,7
luik,4
luke,4
lukewarm,8
lukewarmly,10
lukewarmness,12
lull,4
lullaby,7
lulli,5
lully,5
lulu,4
luluabourg,10
lumbago,7
lumbar,6
lumber,6
lumbering,9
lumberjack,10
lumberman,9
lumbermill,10
lumberyard,10
lumbosacral,11
lumbus,6
lumen,5
luminal,7
luminance,9
luminary,8
luminesce,9
luminescence,12
luminescent,11
luminism,8
luminosity,10
luminous,8
luminousness,12
lumma,5
lummox,6
lump,4
lumpectomy,10
lumpen,6
lumpenus,8
lumper,6
lumpfish,8
lumpish,7
lumpsucker,10
lumpy,5
luna,4
lunacy,6
lunar,5
lunaria,7
lunate,6
lunatic,7
lunation,8
lunch,5
luncheon,8
luncher,7
lunching,8
lunchroom,9
lunchtime,9
lund,4
lunda,5
lunette,7
lung,4
lunge,5
lungen,6
lunger,6
lungfish,8
lungi,5
lungyi,6
lunisolar,9
lunkhead,8
lunt,4
lunula,6
lunule,6
luoyang,7
lupin,5
lupine,6
lupinus,7
lupus,5
lurch,5
lurcher,7
lure,4
lurid,5
luridly,7
luridness,9
lurk,4
lurker,6
lusaka,6
lusatian,8
luscinia,8
luscious,8
lusciously,10
lusciousness,12
lush,4
lushness,8
lushun,6
lusitania,9
lusitanian,10
lust,4
luster,6
lusterless,10
lusterlessness,14
lusterware,10
lustful,7
lustfully,9
lustfulness,11
lustily,7
lustiness,9
lustrate,8
lustre,6
lustreless,10
lustrelessness,14
lustrous,8
lustrum,7
lusty,5
luta,4
lutanist,8
lute,4
luteal,6
lutecium,8
lutefisk,8
lutein,6
lutenist,8
luteotropin,11
lutetium,8
lutfisk,7
luther,6
lutheran,8
lutheranism,11
luthier,7
luting,6
lutist,6
lutjanidae,10
lutjanus,8
lutra,5
lutrinae,8
lutyens,7
lutzen,6
luvaridae,9
luvarus,7
luvian,6
luwian,6
luxate,6
luxation,8
luxe,4
luxembourg,10
luxembourger,12
luxembourgian,13
luxemburg,9
luxemburger,11
luxor,5
luxuria,7
luxuriance,10
luxuriant,9
luxuriantly,11
luxuriate,9
luxuriation,11
luxurious,9
luxuriously,11
luxuriousness,13
luxury,6
luyia,5
luzon,5
lvii,4
lviii,5
lwei,4
lxii,4
lxiii,5
lxiv,4
lxvi,4
lxvii,5
lxviii,6
lxxi,4
lxxii,5
lxxiii,6
lxxiv,5
lxxv,4
lxxvi,5
lxxvii,6
lxxviii,7
lxxx,4
lxxxi,5
lxxxii,6
lxxxiii,7
lxxxiv,6
lxxxv,5
lxxxvi,6
lxxxvii,7
lxxxviii,8
lyallpur,8
lycaena,7
lycaenid,8
lycaenidae,10
lycaeon,7
lycanthrope,11
lycanthropy,11
lycee,5
lyceum,6
lychee,6
lychgate,8
lychnis,7
lycia,5
lycian,6
lycium,6
lycopene,8
lycoperdaceae,13
lycoperdales,12
lycoperdon,10
lycopersicon,12
lycopersicum,12
lycophyta,9
lycopod,7
lycopodiaceae,13
lycopodiales,12
lycopodiate,11
lycopodineae,12
lycopodium,10
lycopsida,9
lycopus,7
lycosa,6
lycosidae,9
lydia,5
lydian,6
lygaeid,7
lygaeidae,9
lyginopteris,12
lygodium,8
lygus,5
lying,5
lyly,4
lymantria,9
lymantriid,10
lymantriidae,12
lymph,5
lymphadenitis,13
lymphadenoma,12
lymphadenopathy,15
lymphangiogram,14
lymphangioma,12
lymphangitis,12
lymphatic,9
lymphedema,10
lymphoblast,11
lymphocyte,10
lymphocytic,11
lymphocytopenia,15
lymphocytosis,13
lymphogranuloma,15
lymphography,12
lymphoid,8
lymphokine,10
lymphoma,8
lymphopenia,11
lymphopoiesis,13
lymphuria,9
lynch,5
lynchburg,9
lynching,8
lynchpin,8
lynx,4
lyon,4
lyonia,6
lyonnais,8
lyonnaise,9
lyons,5
lyophilisation,14
lyophilise,10
lyophilised,11
lyophilization,14
lyophilize,10
lyophilized,11
lypressin,9
lyra,4
lyrate,6
lyre,4
lyrebird,8
lyreflower,10
lyric,5
lyrical,7
lyricality,10
lyrically,9
lyricism,8
lyricist,8
lyrist,6
lyrurus,7
lysander,8
lysenko,7
lysichiton,10
lysichitum,10
lysiloma,8
lysimachia,10
lysimachus,10
lysin,5
lysine,6
lysinemia,9
lysippus,8
lysis,5
lysogenic,9
lysogenicity,12
lysogenisation,14
lysogenization,14
lysogenize,10
lysogeny,8
lysol,5
lysosome,8
lysozyme,8
lyssa,5
lyssavirus,10
lythraceae,10
lythrum,7
lytton,6
maalox,6
maar,4
maarianhamina,13
macabre,7
macaca,6
macadam,7
macadamia,9
macadamise,10
macadamize,10
macamba,7
macao,5
macaque,7
macaroni,8
macaronic,9
macaroon,8
macarthur,9
macau,5
macaulay,8
macaw,5
macbeth,7
macdowell,9
mace,4
macebearer,10
macedoine,9
macedon,7
macedonia,9
macedonian,10
macer,5
macerate,8
maceration,10
macerative,10
macgregor,9
macguffin,9
mach,4
machaeranthera,14
machete,7
machiavelli,11
machiavellian,13
machicolate,11
machicolation,13
machilid,8
machilidae,10
machinate,9
machination,11
machinator,10
machine,7
machinelike,11
machinery,9
machinist,9
machismo,8
machmeter,9
macho,5
macintosh,9
mack,4
mackem,6
mackenzie,9
mackerel,8
mackinaw,8
mackintosh,10
mackle,6
macleaya,8
macleish,8
macleod,7
maclura,7
macon,5
maconnais,9
macoun,6
macowanites,11
macrame,7
macrencephalic,14
macrencephalous,15
macrencephaly,13
macro,5
macrobiotic,11
macrobiotics,12
macrocephalic,13
macrocephalon,13
macrocephalous,14
macrocephaly,12
macrocheira,11
macroclemys,11
macrocosm,9
macrocosmic,11
macrocyte,9
macrocytosis,12
macrodactylus,13
macrodantin,11
macroeconomic,13
macroeconomics,14
macroeconomist,14
macroevolution,14
macroglia,9
macroglossia,12
macromolecular,14
macromolecule,13
macron,6
macronectes,11
macrophage,10
macropodidae,12
macropus,8
macroscopic,11
macroscopical,13
macroscopically,15
macrosporangium,15
macrospore,10
macrotis,8
macrotus,8
macrotyloma,11
macrouridae,11
macrozamia,10
macrozoarces,12
macruridae,10
macula,6
maculate,8
maculation,10
macule,6
macumba,7
macushla,8
madagascan,10
madagascar,10
madake,6
madam,5
madame,6
madcap,6
madden,6
maddened,8
maddening,9
madder,6
madderwort,10
made,4
madeira,7
madeiras,8
mademoiselle,12
madhouse,8
madia,5
madison,7
madly,5
madman,6
madnep,6
madness,7
madonna,7
madoqua,7
madras,6
madrasa,7
madrasah,8
madreporaria,12
madrepore,9
madrid,6
madrigal,8
madrigalist,11
madrilene,9
madrona,7
madrono,7
madwoman,8
madwort,7
maeandra,8
maelstrom,9
maenad,6
maestro,7
maeterlinck,11
mafa,4
maffia,6
mafia,5
mafioso,7
magadhan,8
magazine,8
magdalen,8
magdalena,9
magellan,8
magenta,7
maggot,6
maggoty,7
magh,4
magha,5
maghreb,7
magi,4
magic,5
magical,7
magically,9
magician,8
magicicada,10
magilp,6
maginot,7
magisterial,11
magisterially,13
magistracy,10
magistrate,10
magistrature,12
maglev,6
magma,5
magnanimity,11
magnanimous,11
magnanimously,13
magnanimousness,15
magnate,7
magnesia,8
magnesite,9
magnesium,9
magnet,6
magnetic,8
magnetically,12
magnetics,9
magnetisation,13
magnetise,9
magnetised,10
magnetism,9
magnetite,9
magnetization,13
magnetize,9
magnetized,10
magneto,7
magnetograph,12
magnetometer,12
magneton,8
magnetosphere,13
magnetron,9
magnificat,10
magnification,13
magnificence,12
magnificent,11
magnificently,13
magnifico,9
magnified,9
magnifier,9
magnify,7
magniloquence,13
magniloquent,12
magniloquently,14
magnitude,9
magnolia,8
magnoliaceae,12
magnoliidae,11
magnoliophyta,13
magnoliopsid,12
magnoliopsida,13
magnum,6
magpie,6
magritte,8
maguey,6
magus,5
magyar,6
magyarorszag,12
maha,4
mahabharata,11
mahabharatam,12
mahabharatum,12
mahagua,7
mahan,5
maharaja,8
maharajah,9
maharanee,9
maharani,8
maharashtra,11
mahatma,7
mahayana,8
mahayanism,10
mahayanist,10
mahdi,5
mahdism,7
mahdist,7
mahgrib,7
mahican,7
mahimahi,8
mahjong,7
mahler,6
mahlstick,9
mahoe,5
mahogany,8
mahomet,7
mahonia,7
mahound,7
mahout,6
mahratta,8
mahratti,8
mahuang,7
maia,4
maianthemum,11
maid,4
maiden,6
maidenhair,10
maidenhead,10
maidenhood,10
maidenlike,10
maidenliness,12
maidenly,8
maidhood,8
maidism,7
maidservant,11
maidu,5
maiduguri,9
maiger,6
maigre,6
maikoa,6
mail,4
mailbag,7
mailboat,8
mailbox,7
maildrop,8
mailed,6
mailer,6
mailing,7
maillol,7
maillot,7
mailman,7
mailsorter,10
maim,4
maimed,6
maimer,6
maimonides,10
main,4
maine,5
mainer,6
mainframe,9
mainland,8
mainline,8
mainly,6
mainmast,8
mainsail,8
mainsheet,9
mainspring,10
mainstay,8
mainstream,10
mainstreamed,12
maintain,8
maintainable,12
maintained,10
maintainer,10
maintenance,11
maintenon,9
maiolica,8
maisonette,10
maisonnette,11
maitland,8
maitreya,8
maize,5
maja,4
majagua,7
majestic,8
majestically,12
majesty,7
majidae,7
majolica,8
major,5
majorana,8
majorca,7
majorette,9
majority,8
majors,6
majuscular,10
majuscule,9
makaira,7
makalu,6
make,4
makedonija,10
makeover,8
maker,5
makeready,9
makeshift,9
makeup,6
makeweight,10
makin,5
making,6
mako,4
makomako,8
malabo,6
malabsorption,13
malacanthidae,13
malacca,7
malachi,7
malachias,9
malachite,9
malacia,7
malaclemys,10
malacologist,12
malacology,10
malaconotinae,13
malacopterygian,15
malacopterygii,14
malacosoma,10
malacostraca,12
malacothamnus,13
maladaptive,11
maladjusted,11
maladjustive,12
maladjustment,13
maladroit,9
maladroitly,11
maladroitness,13
malady,6
malaga,6
malahini,8
malaise,7
malamud,7
malamute,8
malanga,7
malaprop,8
malapropism,11
malapropos,10
malar,5
malaria,7
malarial,8
malarkey,8
malarky,7
malathion,9
malawi,6
malawian,8
malaxis,7
malay,5
malaya,6
malayalam,9
malayan,7
malaysia,8
malaysian,9
malcolmia,9
malcontent,10
maldivan,8
maldives,8
maldivian,9
maldon,6
male,4
maleate,7
maleberry,9
malebranche,11
malecite,8
maledict,8
malediction,11
malefactor,10
malefic,7
maleficence,11
maleficent,10
malemute,8
maleness,8
maleo,5
maleseet,8
malevich,8
malevolence,11
malevolency,11
malevolent,10
malevolently,12
malfeasance,11
malfeasant,10
malformation,12
malformed,9
malfunction,11
malfunctioning,14
mali,4
malian,6
malice,6
malicious,9
maliciously,11
maliciousness,13
malign,6
malignance,10
malignancy,10
malignant,9
malignantly,11
maligner,8
malignity,9
malignly,8
malignment,10
malik,5
malinger,8
malingerer,10
malingering,11
malinois,8
malinowski,10
mall,4
mallard,7
mallarme,8
malleability,12
malleable,9
mallee,6
mallet,6
malleus,7
mallon,6
mallophaga,10
mallotus,8
mallow,6
malmo,5
malmsey,7
malnourish,10
malnourished,12
malnourishment,14
malnutrition,12
malocclusion,12
malodor,7
malodorous,10
malodorousness,14
malodour,8
malodourous,11
malone,6
malonylurea,11
malope,6
malopterurus,12
malory,6
malosma,7
malpighi,8
malpighia,9
malpighiaceae,13
malposed,8
malposition,11
malpractice,11
malraux,7
mals,4
malt,4
malta,5
malted,6
maltese,7
maltha,6
malthus,7
malthusian,10
malthusianism,13
malti,5
maltman,7
malto,5
maltose,7
maltreat,8
maltreated,10
maltreater,10
maltreatment,12
maltster,8
malus,5
malva,5
malvaceae,9
malvales,8
malvasia,8
malvastrum,10
malvaviscus,11
malversate,10
malversation,12
mama,4
mamba,5
mambo,5
mamet,5
mamey,5
mamilla,7
mamma,5
mammal,6
mammalia,8
mammalian,9
mammalogist,11
mammalogy,9
mammary,7
mammea,6
mammee,6
mammilla,8
mammillaria,11
mammogram,9
mammography,11
mammon,6
mammoth,7
mammut,6
mammuthus,9
mammutidae,10
mammy,5
mamo,4
mamoncillo,10
manacle,7
manage,6
manageability,13
manageable,10
manageableness,14
manageably,10
management,10
manager,7
manageress,10
managerial,10
managerially,12
managership,11
managua,7
manakin,7
manama,6
manana,6
manannan,8
manat,5
manatee,7
manawydan,9
manawyddan,10
manchester,10
manchu,6
manchuria,9
manchurian,10
mancunian,9
manda,5
mandaean,8
mandaeanism,11
mandala,7
mandalay,8
mandamus,8
mandara,7
mandarin,8
mandatary,9
mandate,7
mandator,8
mandatorily,11
mandatory,9
mande,5
mandean,7
mandeanism,10
mandela,7
mandelamine,11
mandelbrot,10
mandelshtam,11
mandelstam,10
mandevilla,10
mandible,8
mandibula,9
mandibular,10
mandibulate,11
mandibulofacial,15
mandioc,7
mandioca,8
mandola,7
mandolin,8
mandragora,10
mandrake,8
mandrel,7
mandril,7
mandrill,8
mandrillus,10
manduca,7
manducate,9
manduction,10
mane,4
manes,5
manet,5
maneuver,8
maneuverability,15
maneuverable,12
maneuverer,10
manful,6
manfully,8
manfulness,10
mangabey,8
manganate,9
manganese,9
manganite,9
mange,5
manger,6
mangey,6
mangifera,9
mangily,7
manginess,9
mangle,6
mangled,7
mangler,7
manglietia,10
mango,5
mangold,7
mangonel,8
mangosteen,10
mangrove,8
mangy,5
manhandle,9
manhattan,9
manhole,7
manhood,7
manhunt,7
mania,5
maniac,6
maniacal,8
maniacally,10
manic,5
manichaean,10
manichaeanism,13
manichaeism,11
manichean,9
manichee,8
maniclike,9
manicotti,9
manicure,8
manicurist,10
manidae,7
manifest,8
manifestation,13
manifestly,10
manifesto,9
manifold,8
manihot,7
manikin,7
manila,6
manilkara,9
manilla,7
manioc,6
manioca,7
manipulability,14
manipulable,11
manipulate,10
manipulation,12
manipulative,12
manipulatively,14
manipulator,11
manipur,7
maniraptor,10
maniraptora,11
manis,5
manitoba,8
mankato,7
mankind,7
manky,5
manlike,7
manliness,9
manly,5
mann,4
manna,5
manned,6
mannequin,9
manner,6
mannered,8
mannerism,9
mannerly,8
manners,7
mannheim,8
mannikin,8
mannish,7
mannitol,8
manoeuver,9
manoeuvrability,15
manoeuvrable,12
manoeuvre,9
manoeuvrer,10
manometer,9
manor,5
manorial,8
manpad,6
manpower,8
manque,6
manroot,7
mansard,7
mansart,7
manse,5
manservant,10
mansfield,9
mansi,5
mansion,7
manslaughter,12
manslayer,9
manson,6
manta,5
mantegna,8
manteidae,9
mantel,6
mantelet,8
mantell,7
mantelpiece,11
manteodea,9
mantic,6
mantichora,10
manticora,9
manticore,9
mantid,6
mantidae,8
mantiger,8
mantilla,8
mantinea,8
mantineia,9
mantis,6
mantispid,9
mantispidae,11
mantissa,8
mantle,6
mantled,7
mantlepiece,11
mantlet,7
mantra,6
mantrap,7
mantua,6
manual,6
manually,8
manubrium,9
manufactory,11
manufacture,11
manufactured,12
manufacturer,12
manufacturing,13
manul,5
manumission,11
manumit,7
manumitter,10
manure,6
manus,5
manuscript,10
manx,4
many,4
manzanilla,10
manzanita,9
manzoni,7
maoi,4
maoism,6
maoist,6
maori,5
mapinguari,10
maple,5
maplelike,9
mapmaking,9
mapper,6
mapping,7
mapquest,8
maputo,6
maquiladora,11
maquis,6
maquisard,9
mara,4
marabou,7
marabout,8
maraca,6
maracaibo,9
maracay,7
maraco,6
marang,6
maranta,7
marantaceae,11
marasca,7
maraschino,10
marasmius,9
marasmus,8
marat,5
maratha,7
marathi,7
marathon,8
marathoner,10
marattia,8
marattiaceae,12
marattiales,11
maraud,6
marauder,8
marauding,9
maravilla,9
marble,6
marbled,7
marbleisation,13
marbleise,9
marbleised,10
marbleising,11
marbleization,13
marbleize,9
marbleized,10
marbleizing,11
marbles,7
marblewood,10
marbling,8
marc,4
marceau,7
marcel,6
march,5
marchantia,10
marchantiaceae,14
marchantiales,13
marche,6
marcher,7
marches,7
marching,8
marchioness,11
marchland,9
marchpane,9
marciano,8
marcionism,10
marconi,7
marcuse,7
marduk,6
mare,4
marengo,7
margarin,8
margarine,9
margarita,9
margasivsa,10
margate,7
margay,6
marge,5
margin,6
marginal,8
marginalia,10
marginalisation,15
marginalise,11
marginality,11
marginalization,15
marginalize,11
marginally,10
marginocephalia,15
margosa,7
margrave,8
marguerite,10
mari,4
maria,5
mariachi,8
marian,6
marianas,8
maricopa,8
mariehamn,9
marigold,8
marihuana,9
marijuana,9
marimba,7
marina,6
marinade,8
marinara,8
marinate,8
marine,6
marineland,10
mariner,7
marines,7
marini,6
marino,6
marionette,10
mariposa,8
mariposan,9
marital,7
mariticide,10
maritime,8
maritimes,9
marjoram,8
mark,4
marked,6
markedly,8
marker,6
market,6
marketable,10
marketer,8
marketing,9
marketplace,11
markhoor,8
markhor,7
marking,7
markka,6
markoff,7
markov,6
markova,7
markovian,9
marks,5
marksman,8
marksmanship,12
markup,6
markweed,8
marl,4
marlberry,9
marley,6
marlin,6
marline,7
marlinespike,12
marlingspike,12
marlinspike,11
marlite,7
marlowe,7
marlstone,9
marly,5
marmalade,9
marmara,7
marmite,7
marmora,7
marmoreal,9
marmorean,9
marmoset,8
marmot,6
marmota,7
maroc,5
marocain,8
maroon,6
marooned,8
marplan,7
marquand,8
marque,6
marquee,7
marquess,8
marqueterie,11
marquetry,9
marquette,9
marquis,7
marquise,8
marrakech,9
marrakesh,9
marrano,7
marred,6
marri,5
marriage,8
marriageability,15
marriageable,12
married,7
marrow,6
marrowbone,10
marrubium,9
marruecos,9
marry,5
mars,4
marsala,7
marseillaise,12
marseille,9
marseilles,10
marsh,5
marshal,7
marshall,8
marshals,8
marshalship,11
marshland,9
marshmallow,11
marshy,6
marsilea,8
marsileaceae,12
marstan,7
marsupial,9
marsupialia,11
marsupium,9
mart,4
martagon,8
marten,6
martensite,10
martes,6
marti,5
martial,7
martially,9
martian,7
martin,6
martinet,8
martingale,10
martini,7
martinique,10
martinmas,9
martynia,8
martyniaceae,12
martyr,6
martyrdom,9
martyrise,9
martyrize,9
marum,5
marumi,6
marupa,6
marut,5
marvel,6
marvell,7
marveller,9
marvellous,10
marvellously,12
marvelous,9
marvelously,11
marx,4
marxism,7
marxist,7
mary,4
maryland,8
marylander,10
marzipan,8
masa,4
masai,5
mascara,7
mascarpone,10
mascot,6
masculine,9
masculinisation,15
masculinise,11
masculinity,11
masculinization,15
masculinize,11
masdevallia,11
masefield,9
maser,5
maseru,6
mash,4
masher,6
mashhad,7
mashi,5
mashie,6
mashriq,7
masjid,6
mask,4
masked,6
masker,6
masking,7
masochism,9
masochist,9
masochistic,11
masochistically,15
mason,5
masonic,7
masonite,8
masonry,7
masora,6
masorah,7
masorete,8
masoretic,9
masorite,8
masoud,6
masqat,6
masque,6
masquer,7
masquerade,10
masquerader,11
mass,4
massachuset,11
massachusetts,13
massacre,8
massage,7
massager,8
massasauga,10
massasoit,9
massawa,7
masse,5
massenet,8
masses,6
masseter,8
masseur,7
masseuse,8
massicot,8
massicotite,11
massif,6
massine,7
massive,7
massively,9
massiveness,11
massorete,9
mast,4
mastaba,7
mastabah,8
mastalgia,9
mastectomy,10
masted,6
master,6
mastered,8
masterful,9
masterfully,11
mastering,9
masterless,10
masterly,8
mastermind,10
masterpiece,11
masters,7
mastership,10
masterstroke,12
masterwort,10
mastery,7
masthead,8
mastic,6
masticate,9
mastication,11
masticophis,11
mastiff,7
mastigomycota,13
mastigomycotina,15
mastigophora,12
mastigophoran,13
mastigophore,12
mastigoproctus,14
mastitis,8
mastocyte,9
mastodon,8
mastodont,9
mastoid,7
mastoidal,9
mastoidale,10
mastoidectomy,13
mastoiditis,11
mastopathy,10
mastopexy,9
mastotermes,11
mastotermitidae,15
masturbate,10
masturbation,12
masturbator,11
matabele,8
matador,7
matai,5
matakam,7
matamoros,9
match,5
matchboard,10
matchbook,9
matchbox,8
matchbush,9
matched,7
matcher,7
matchet,7
matching,8
matchless,9
matchlock,9
matchmaker,10
matchmaking,11
matchstick,10
matchup,7
matchweed,9
matchwood,9
mate,4
mated,5
mateless,8
matelote,8
mater,5
materfamilias,13
material,8
materialisation,15
materialise,11
materialism,11
materialist,11
materialistic,13
materiality,11
materialization,15
materialize,11
materially,10
materiel,8
maternal,8
maternalism,11
maternalistic,13
maternally,10
maternity,9
mates,5
matey,5
math,4
mathematical,12
mathematically,14
mathematician,13
mathematics,11
mathias,7
maths,5
matinee,7
mating,6
matins,6
matisse,7
matman,6
matoaka,7
matriarch,9
matriarchal,11
matriarchate,12
matriarchic,11
matriarchy,10
matric,6
matricaria,10
matricentric,12
matricide,9
matriculate,11
matriculation,13
matrikin,8
matrilineage,12
matrilineal,11
matrilineally,13
matrilinear,11
matrimonial,11
matrimony,9
matrisib,8
matrix,6
matron,6
matronly,8
matronymic,10
matsyendra,10
matt,4
matte,5
matted,6
matter,6
matterhorn,10
matteuccia,10
matthew,7
matthiola,9
matting,7
mattock,7
mattole,7
mattress,8
maturate,8
maturation,10
maturational,12
mature,6
matured,7
maturely,8
maturement,10
matureness,10
maturity,8
matutinal,9
matzah,6
matzo,5
matzoh,6
maudlin,7
maugham,7
maui,4
maul,4
mauldin,7
mauler,6
maulers,7
maulstick,9
maund,5
maunder,7
maundy,6
maupassant,10
mauriac,7
mauritania,10
mauritanian,11
mauritanie,10
mauritian,9
mauritius,9
maurois,7
mauser,6
mausoleum,9
mauve,5
maven,5
maverick,8
mavik,5
mavin,5
mavis,5
mawkish,7
mawkishly,9
mawkishness,11
mawlamyine,10
maxi,4
maxilla,7
maxillaria,10
maxillary,9
maxillodental,13
maxillofacial,13
maxim,5
maximal,7
maximally,9
maximation,10
maximian,8
maximisation,12
maximise,8
maximising,10
maximization,12
maximize,8
maximizing,10
maximum,7
maxostoma,9
maxwell,7
maxzide,7
maya,4
mayaca,6
mayacaceae,10
mayakovski,10
mayan,5
mayapple,8
mayas,5
maybe,5
mayday,6
mayeng,6
mayenne,7
mayer,5
mayetiola,9
mayfish,7
mayflower,9
mayfly,6
mayhap,6
mayhaw,6
mayhem,6
mayidism,8
mayo,4
mayonnaise,10
mayor,5
mayoral,7
mayoralty,9
mayoress,8
maypole,7
maypop,6
mays,4
mayweed,7
mazama,6
mazatlan,8
mazdaism,8
maze,4
mazed,5
mazer,5
mazopathy,9
mazurka,7
mazy,4
mazzard,7
mazzini,7
mbabane,7
mbeya,5
mbit,4
mbundu,6
mcalester,9
mcallen,7
mccarthy,8
mccarthyism,11
mccartney,9
mccauley,8
mccormick,9
mccullers,9
mcgraw,6
mcguffey,8
mcguffin,8
mcia,4
mcintosh,8
mckim,5
mckinley,8
mcluhan,7
mcmaster,8
mcpherson,9
mdiv,4
mdma,4
mead,4
meade,5
meadow,6
meadowgrass,11
meadowlark,10
meager,6
meagerly,8
meagerness,10
meagre,6
meagrely,8
meagreness,10
meal,4
mealberry,9
mealie,6
mealtime,8
mealworm,8
mealy,5
mealybug,8
mealymouthed,12
mean,4
meander,7
meandering,10
meanderingly,12
meanie,6
meaning,7
meaningful,10
meaningfully,12
meaningfulness,14
meaningless,11
meaninglessness,15
meanly,6
meanness,8
means,5
meanspirited,12
meanspiritedly,14
meantime,8
meanwhile,9
meany,5
mearstone,9
measles,7
measly,6
measurability,13
measurable,10
measurably,10
measure,7
measured,8
measuredly,10
measureless,11
measurement,11
measurer,8
measuring,9
meat,4
meatball,8
meatless,8
meatloaf,8
meatman,7
meatpacking,11
meatus,6
meaty,5
mebaral,7
mebendazole,11
mebibit,7
mebibyte,8
mecca,5
meccano,7
mechanic,8
mechanical,10
mechanically,12
mechanics,9
mechanisation,13
mechanise,9
mechanised,10
mechanism,9
mechanist,9
mechanistic,11
mechanistically,15
mechanization,13
mechanize,9
mechanized,10
mecholyl,8
meclizine,9
meclofenamate,13
meclomen,8
meconium,8
meconopsis,10
mecoptera,9
mecopteran,10
mecopterous,11
medal,5
medalist,8
medallion,9
medallist,9
medan,5
medawar,7
meddle,6
meddler,7
meddlesome,10
meddlesomeness,14
meddling,8
medea,5
medellin,8
medevac,7
medfly,6
medford,7
mediacy,7
mediaeval,9
medial,6
medially,8
median,6
mediant,7
mediastinum,11
mediate,7
mediated,8
mediateness,11
mediation,9
mediator,8
mediatorial,11
mediatory,9
mediatrix,9
medic,5
medicago,8
medicaid,8
medical,7
medically,9
medicament,10
medicare,8
medicate,8
medication,10
medicative,10
medici,6
medicinal,9
medicinally,11
medicine,8
medick,6
medico,6
medicolegal,11
mediety,7
medieval,8
medina,6
medinilla,9
mediocre,8
mediocrity,10
meditate,8
meditation,10
meditative,10
meditatively,12
meditativeness,14
mediterranean,13
medium,6
medivac,7
medlar,6
medlars,7
medley,6
medline,7
medoc,5
medulla,7
medullary,9
medullated,10
medusa,6
medusan,7
medusoid,8
meed,4
meek,4
meekly,6
meekness,8
meerestone,10
meerkat,7
meerschaum,10
meet,4
meeter,6
meeting,7
meetinghouse,12
mefloquine,10
mefoxin,7
megabat,7
megabit,7
megabucks,9
megabyte,8
megacardia,10
megacephaly,11
megachile,9
megachilidae,12
megachiroptera,14
megacolon,9
megacycle,9
megadeath,9
megaderma,9
megadermatidae,14
megaera,7
megaflop,8
megagametophyte,15
megahertz,9
megahit,7
megakaryocyte,13
megakaryocytic,14
megalith,8
megalithic,10
megalobatrachus,15
megaloblast,11
megaloblastic,13
megalocardia,12
megalocephaly,13
megalocyte,10
megalohepatia,13
megalomania,11
megalomaniac,12
megalomaniacal,14
megalomanic,11
megalonychidae,14
megalopolis,11
megaloptera,11
megalosaur,10
megalosauridae,14
megalosaurus,12
megaphone,9
megapode,8
megapodiidae,12
megapodius,10
megaptera,9
megascopic,10
megasporangium,14
megaspore,9
megasporophyll,14
megathere,9
megatherian,11
megatheriid,11
megatheriidae,13
megatherium,11
megaton,7
megawatt,8
megestrol,9
megillah,8
megilp,6
megohm,6
megrim,6
megrims,7
meiosis,7
meiotic,7
meir,4
meissner,8
meitner,7
meitnerium,10
mekong,6
melaena,7
melagra,7
melamine,8
melampodium,11
melampsora,10
melampsoraceae,14
melancholia,11
melancholiac,12
melancholic,11
melancholy,10
melanchthon,11
melanerpes,10
melanesia,9
melanesian,10
melange,7
melanin,7
melanise,8
melanism,8
melanitta,9
melanize,8
melanoblast,11
melanocyte,10
melanoderma,11
melanogrammus,13
melanoma,8
melanoplus,10
melanosis,9
melanotis,9
melanthiaceae,13
melasma,7
melastoma,9
melastomaceae,13
melastomataceae,15
melatonin,9
melba,5
melbourne,9
melchior,8
melchite,8
meld,4
meleagrididae,13
meleagris,9
melee,5
melena,6
meles,5
melia,5
meliaceae,9
melicocca,9
melicoccus,10
melicytus,9
melilot,7
melilotus,9
melinae,7
meliorate,9
melioration,11
meliorative,11
meliorism,9
meliorist,9
meliphagidae,12
melissa,7
melkite,7
mellaril,8
mellifluous,11
mellisonant,11
mellivora,9
mellon,6
mellow,6
mellowed,8
mellowing,9
mellowingly,11
mellowly,8
mellowness,10
melocactus,10
melodic,7
melodically,11
melodious,9
melodiously,11
melodiousness,13
melodise,8
melodize,8
melodrama,9
melodramatic,12
melody,6
melogale,8
meloid,6
meloidae,8
melolontha,10
melolonthidae,13
melon,5
melophagus,10
melopsittacus,13
melosa,6
melospiza,9
melphalan,9
melpomene,9
melt,4
meltable,8
meltdown,8
melted,6
melter,6
melting,7
meltwater,9
melursus,8
melville,8
member,6
membered,8
memberless,10
membership,10
membracidae,11
membrane,8
membranophone,13
membranous,10
meme,4
memel,5
memento,7
memo,4
memoir,6
memorabilia,11
memorability,12
memorable,9
memorably,9
memoranda,9
memorandum,10
memorial,8
memorialisation,15
memorialise,11
memorialization,15
memorialize,11
memorisation,12
memorise,8
memoriser,9
memorization,12
memorize,8
memorizer,9
memory,6
memphis,7
memsahib,8
menace,6
menacing,8
menacingly,10
menadione,9
menage,6
menagerie,9
menander,8
menarche,8
mencken,7
mend,4
mendacious,10
mendaciously,12
mendacity,9
mendel,6
mendeleev,9
mendelevium,11
mendeleyev,10
mendelian,9
mendelianism,12
mendelism,9
mendelsohn,10
mendelssohn,11
mender,6
mendicancy,10
mendicant,9
mendicity,9
mending,7
menelaus,8
menhaden,8
menhir,6
menial,6
menially,8
meniere,7
meningeal,9
meninges,8
meningioma,10
meningism,9
meningitis,10
meningocele,11
meninx,6
menippe,7
meniscectomy,12
meniscium,9
meniscus,8
menispermaceae,14
menispermum,11
menninger,9
mennonite,9
mennonitism,11
menominee,9
menomini,8
menopausal,10
menopause,9
menopon,7
menorah,7
menorrhagia,11
menorrhea,9
menotti,7
menotyphla,10
mensa,5
mensal,6
mensch,6
menses,6
mensh,5
menshevik,9
menstrual,9
menstruate,10
menstruation,12
menstruum,9
mensurable,10
mensural,8
mensurate,9
mensuration,11
mental,6
mentalism,9
mentality,9
mentally,8
mentation,9
mentha,6
menthol,7
mentholated,11
menticirrhus,12
mention,7
mentioner,9
mentor,6
mentum,6
mentzelia,9
menu,4
menuhin,7
menura,6
menurae,7
menuridae,9
menyanthaceae,13
menyanthes,10
menziesia,9
meow,4
mepacrine,9
meperidine,10
mephaquine,10
mephenytoin,11
mephistophelean,15
mephistopheles,14
mephistophelian,15
mephitic,8
mephitinae,10
mephitis,8
mephobarbital,13
meprin,6
meprobamate,11
meralgia,8
merbromine,10
mercantile,10
mercantilism,12
mercaptopurine,14
mercator,8
mercedario,10
mercenaria,10
mercenary,9
mercer,6
mercerise,9
mercerised,10
mercerize,9
mercerized,10
merchandise,11
merchandiser,12
merchandising,13
merchant,8
merchantability,15
merchantable,12
merchantman,11
merciful,8
mercifully,10
mercifulness,12
merciless,9
mercilessly,11
mercilessness,13
merckx,6
mercouri,8
mercurial,9
mercurialis,11
mercuric,8
mercurochrome,13
mercurous,9
mercury,7
mercy,5
mere,4
meredith,8
merely,6
merestone,9
meretricious,12
meretriciously,14
merganser,9
merge,5
merged,6
mergenthaler,12
merger,6
merginae,8
merging,7
mergus,6
mericarp,8
merida,6
meridian,8
meridional,10
meringue,8
merino,6
meriones,8
meristem,8
merit,5
meritable,9
merited,7
meritless,9
meritocracy,11
meritocratic,12
meritorious,11
meritoriously,13
meritoriousness,15
merl,4
merlangus,9
merle,5
merlin,6
merlon,6
merlot,6
merluccius,10
mermaid,7
merman,6
merodach,8
meromelia,9
meronym,7
meronymy,8
meropidae,9
merops,6
merostomata,11
merovingian,11
merozoite,9
merrily,7
merrimac,8
merrimack,9
merriment,9
merriness,9
merry,5
merrymaker,10
merrymaking,11
mertensia,9
merthiolate,11
merton,6
meryta,6
mesa,4
mesalliance,11
mesantoin,9
mesasamkranti,13
mescal,6
mescaline,9
mesencephalon,13
mesenchyme,10
mesenteric,10
mesentery,9
mesh,4
meshed,6
meshing,7
meshuga,7
meshugaas,9
meshugga,8
meshugge,8
meshuggeneh,11
meshuggener,11
meshwork,8
mesial,6
mesic,5
mesmer,6
mesmeric,8
mesmerise,9
mesmerised,10
mesmerism,9
mesmerist,9
mesmerize,9
mesmerized,10
mesmerizer,10
mesmerizing,11
mesoamerica,11
mesoamerican,12
mesoblast,9
mesoblastic,11
mesocarp,8
mesocolon,9
mesocricetus,12
mesoderm,8
mesodermal,10
mesohippus,10
mesolithic,10
mesomorph,9
mesomorphic,11
mesomorphy,10
meson,5
mesonic,7
mesophyron,10
mesophyte,9
mesophytic,10
mesopotamia,11
mesosphere,10
mesothelioma,12
mesothelium,11
mesotron,8
mesozoic,8
mespilus,8
mesquit,7
mesquite,8
mess,4
message,7
messaging,9
messenger,9
messiah,7
messiahship,11
messianic,9
messidor,8
messily,7
messina,7
messiness,9
messmate,8
messuage,8
messy,5
mestiza,7
mestizo,7
mestranol,9
mesua,5
metabola,8
metabolic,9
metabolically,13
metabolise,10
metabolism,10
metabolite,10
metabolize,10
metabolous,10
metacarpal,10
metacarpus,10
metacenter,10
metacentre,10
metacentric,11
metacyesis,10
metadata,8
metagenesis,11
metagrabolised,14
metagrabolized,14
metagrobolised,14
metagrobolized,14
metaknowledge,13
metal,5
metalanguage,12
metalepsis,10
metalhead,9
metalize,8
metallic,8
metallike,9
metallize,9
metalloid,9
metallurgic,11
metallurgical,13
metallurgist,12
metallurgy,10
metalware,9
metalwork,9
metalworker,11
metalworking,12
metalworks,10
metamathematics,15
metamere,8
metameric,9
metamorphic,11
metamorphism,12
metamorphopsia,14
metamorphose,12
metamorphosis,13
metamorphous,12
metaphase,9
metaphor,8
metaphoric,10
metaphorical,12
metaphorically,14
metaphysical,12
metaphysically,14
metaphysics,11
metaphysis,10
metaproterenol,14
metarule,8
metasequoia,11
metastability,13
metastable,10
metastasis,10
metastasise,11
metastasize,11
metastatic,10
metatarsal,10
metatarsus,10
metatheria,10
metatherian,11
metathesis,10
metazoa,7
metazoan,8
metchnikoff,11
metchnikov,10
mete,4
metempsychosis,14
metencephalon,13
meteor,6
meteoric,8
meteorite,9
meteoritic,10
meteoritical,12
meteoroid,9
meteorologic,12
meteorological,14
meteorologist,13
meteorology,11
meteortropism,13
meter,5
meterstick,10
metformin,9
meth,4
methacholine,12
methadon,8
methadone,9
methamphetamine,15
methanal,8
methane,7
methanogen,10
methanol,8
methapyrilene,13
methaqualone,12
metharbital,11
methedrine,10
metheglin,9
methenamine,11
methicillin,11
methionine,10
methocarbamol,13
method,6
methodical,10
methodically,12
methodicalness,14
methodism,9
methodist,9
methodists,10
methodological,14
methodology,11
methotrexate,12
methuselah,10
methyl,6
methylated,10
methylbenzene,13
methyldopa,10
methylene,9
methylphenidate,15
metic,5
metical,7
meticorten,10
meticulosity,12
meticulous,10
meticulously,12
meticulousness,14
metier,6
metis,5
metonym,7
metonymic,9
metonymical,11
metonymically,13
metonymy,8
metopion,8
metoprolol,10
metralgia,9
metrazol,8
metre,5
metrestick,10
metric,6
metrical,8
metrically,10
metricate,9
metrication,11
metricise,9
metricize,9
metrics,7
metrification,13
metrify,7
metritis,8
metro,5
metrological,12
metrology,9
metronidazole,13
metronome,9
metronymic,10
metropolis,10
metropolitan,12
metroptosis,11
metrorrhagia,12
metroxylon,10
metternich,10
mettle,6
mettlesome,10
mettlesomeness,14
metycaine,9
meuse,5
mevacor,7
mewl,4
mews,4
mexicali,8
mexican,7
mexicano,8
mexico,6
mexiletine,10
mexitil,7
meyerbeer,9
meyerhof,8
mezcal,6
mezereon,8
mezereum,8
mezuza,6
mezuzah,7
mezzanine,9
mezzo,5
mezzotint,9
mflop,5
miami,5
miao,4
miaou,5
miaow,5
miasm,5
miasma,6
miasmal,7
miasmic,7
miaul,5
mibit,5
mica,4
micaceous,9
micah,5
micawber,8
micelle,7
michael,7
michaelmas,10
michaelmastide,14
micheas,7
michelangelo,12
michelson,9
michener,8
michigan,8
michigander,11
mick,4
mickey,6
mickle,6
micmac,6
miconazole,10
micro,5
microbalance,12
microbar,8
microbat,8
microbe,7
microbial,9
microbic,8
microbiologist,14
microbiology,12
microbrachia,12
microbrewery,12
microcentrum,12
microcephalic,13
microcephalous,14
microcephalus,13
microcephaly,12
microchip,9
microchiroptera,15
microcircuit,12
micrococcaceae,14
micrococcus,11
microcode,9
microcomputer,13
microcopy,9
microcosm,9
microcosmic,11
microcyte,9
microcytosis,12
microdesmidae,13
microdipodops,13
microdot,8
microeconomic,13
microeconomics,14
microeconomist,14
microelectronic,15
microevolution,14
microfarad,10
microfiche,10
microfilm,9
microflora,10
microfossil,11
microgauss,10
microglia,9
microgliacyte,13
microgram,9
microgramma,11
microhylidae,12
micromeria,10
micrometeor,11
micrometeoric,13
micrometeorite,14
micrometeoritic,15
micrometeoroid,14
micrometer,10
micrometry,10
micromicron,11
micromillimeter,15
micromillimetre,15
micromyx,8
micron,6
micronase,9
micronesia,10
micronor,8
micronutrient,13
microorganism,13
micropenis,10
microphage,10
microphallus,12
microphone,10
microphoning,12
microphotometer,15
micropogonias,13
microprocessor,14
micropterus,11
micropylar,10
micropyle,9
microradian,11
microscope,10
microscopic,11
microscopical,13
microscopically,15
microscopist,12
microscopium,12
microscopy,10
microsecond,11
microseism,10
microsomal,10
microsome,9
microsorium,11
microsporangium,15
microspore,10
microsporidian,14
microsporophyll,15
microsporum,11
microstomus,11
microstrobos,12
microsurgery,12
microtaggant,12
microtome,9
microtubule,11
microtus,8
microvolt,9
microwave,9
microzide,9
micruroides,11
micrurus,8
micturate,9
micturition,11
midafternoon,12
midair,6
midas,5
midazolam,9
midbrain,8
midday,6
midden,6
middle,6
middlebreaker,13
middlebrow,10
middleman,9
middlemost,10
middleton,9
middleweight,12
middling,8
middy,5
mideast,7
midfield,8
midgard,7
midge,5
midget,6
midgrass,8
midi,4
midinette,9
midiron,7
midland,7
midline,7
midmost,7
midnight,8
midplane,8
midpoint,8
midrash,7
midrib,6
midriff,7
midsection,10
midshipman,10
midships,8
midst,5
midstream,9
midsummer,9
midterm,7
midvein,7
midwatch,8
midway,6
midweek,7
midweekly,9
midwest,7
midwestern,10
midwife,7
midwifery,9
midwinter,9
mien,4
mierkat,7
mifepristone,12
miff,4
miffed,6
might,5
mightily,8
mightiness,10
mighty,6
mignonette,10
migraine,8
migrant,7
migrate,7
migration,9
migrational,11
migrator,8
migratory,9
mihrab,6
mikado,6
mikania,7
mike,4
mikmaq,6
mikvah,6
milady,6
milage,6
milan,5
milanese,8
milano,6
milch,5
milcher,7
mild,4
mildew,6
mildly,6
mildness,8
mile,4
mileage,7
mileometer,10
milepost,8
miler,5
milestone,9
milfoil,7
milhaud,7
miliaria,8
milieu,6
militainment,12
militance,9
militancy,9
militant,8
militarily,10
militarisation,14
militarise,10
militarised,11
militarism,10
militarist,10
militaristic,12
militarization,14
militarize,10
militarized,11
military,8
militate,8
militia,7
militiaman,10
milium,6
milk,4
milkcap,7
milker,6
milkless,8
milklike,8
milkmaid,8
milkman,7
milkshake,9
milksop,7
milkwagon,9
milkweed,8
milkwort,8
milky,5
mill,4
millais,7
millay,6
millboard,9
milldam,7
milled,6
millenarian,11
millenarianism,14
millenarism,11
millenarist,11
millenary,9
millennial,10
millennian,10
millennium,10
millenniumism,13
millepede,9
miller,6
millerite,9
millet,6
millettia,9
milliammeter,12
milliampere,11
milliard,8
millibar,8
millicurie,10
millidegree,11
milliequivalent,15
millifarad,10
milligram,9
millihenry,10
millikan,8
milliliter,10
millilitre,10
millime,7
millimeter,10
millimetre,10
millimicron,11
milline,7
milliner,8
millinery,9
milling,7
million,7
millionaire,11
millionairess,13
millionfold,11
millionth,9
milliped,8
millipede,9
milliradian,11
millisecond,11
millivolt,9
millivoltmeter,14
milliwatt,9
millpond,8
millrace,8
millrun,7
mills,5
millstone,9
millwheel,9
millwork,8
millwright,10
milne,5
milo,4
milometer,9
milontin,8
milord,6
milquetoast,11
milt,4
miltiades,9
miltomate,9
milton,6
miltonia,8
miltown,7
milvus,6
milwaukee,9
mimamsa,7
mime,4
mimeo,5
mimeograph,10
mimer,5
mimesis,7
mimetic,7
mimic,5
mimicker,8
mimicry,7
mimidae,7
mimir,5
mimosa,6
mimosaceae,10
mimosoideae,11
mimus,5
mina,4
minacious,9
minah,5
minaret,7
minatory,8
mince,5
mincemeat,9
mincer,6
mincing,7
mincingly,9
mind,4
mindanao,8
minded,6
minden,6
minder,6
mindful,7
mindfully,9
mindfulness,11
mindless,8
mindlessly,10
mindlessness,12
mindoro,7
mindset,7
mine,4
mined,5
minefield,9
minelayer,9
minelaying,10
miner,5
mineral,7
mineralize,10
mineralogist,12
mineralogy,10
minerva,7
mineshaft,9
minestrone,10
minesweeper,11
minesweeping,12
mineworker,10
ming,4
minge,5
minginess,9
mingle,6
mingling,8
mingy,5
mini,4
miniate,7
miniature,9
miniaturisation,15
miniaturise,11
miniaturist,11
miniaturization,15
miniaturize,11
minibar,7
minibike,8
minibus,7
minicab,7
minicar,7
minicomputer,12
miniconju,9
minify,6
minim,5
minimal,7
minimalism,10
minimalist,10
minimally,9
minimisation,12
minimise,8
minimization,12
minimize,8
minimized,9
minimum,7
minimus,7
mining,6
minion,6
minipress,9
miniscule,9
miniskirt,9
minister,8
ministerial,11
ministerially,13
ministrant,10
ministration,12
ministry,8
minisub,7
minisubmarine,13
minium,6
minivan,7
miniver,7
mink,4
minkowski,9
minneapolis,11
minnesota,9
minnesotan,10
minnewit,8
minniebush,10
minnow,6
minoan,6
minocin,7
minocycline,11
minor,5
minority,8
minors,6
minos,5
minotaur,8
minoxidil,9
minsk,5
minster,7
minstrel,8
minstrelsy,10
mint,4
mintage,7
minter,6
mintmark,8
minty,5
minuartia,9
minuend,7
minuet,6
minuit,6
minus,5
minuscular,10
minuscule,9
minute,6
minutely,8
minuteman,9
minuteness,10
minutes,7
minutia,7
minx,4
minyan,6
miocene,7
miosis,6
miotic,6
mips,4
mirabeau,8
mirabilis,9
miracle,7
miraculous,10
miraculously,12
mirage,6
mirasol,7
mire,4
mired,5
miri,4
mirid,5
miridae,7
mirish,6
mirky,5
miro,4
mirounga,8
mirror,6
mirrored,8
mirrorlike,10
mirth,5
mirthful,8
mirthfully,10
mirthfulness,12
mirthless,9
miry,4
misaddress,10
misadventure,12
misadvise,9
misalign,8
misalignment,12
misalliance,11
misally,7
misanthrope,11
misanthropic,12
misanthropical,14
misanthropist,13
misanthropy,11
misapplication,14
misapply,8
misapprehend,12
misapprehension,15
misappropriate,14
misappropriated,15
misbegot,8
misbegotten,11
misbehave,9
misbehavior,11
misbehaviour,12
misbelieve,10
misbeliever,11
misbranded,10
miscalculate,12
miscalculation,14
miscall,7
miscarriage,11
miscarry,8
miscast,7
miscegenate,11
miscegenation,13
miscellanea,11
miscellaneous,13
miscellany,10
mischance,9
mischief,8
mischievous,11
mischievously,13
mischievousness,15
miscible,8
misconceive,11
misconception,13
misconduct,10
misconstrual,12
misconstruction,15
misconstrue,11
miscount,8
miscreant,9
miscreate,9
miscreation,11
miscue,6
misdate,7
misdating,9
misdeal,7
misdeed,7
misdeliver,10
misdemean,9
misdemeanor,11
misdemeanour,12
misdirect,9
misdirection,12
misdo,5
miser,5
miserable,9
miserableness,13
miserably,9
miserliness,11
miserly,7
misery,6
misestimate,11
misestimation,13
misfeasance,11
misfire,7
misfit,6
misfortunate,12
misfortune,10
misfunction,11
misgauge,8
misgive,7
misgiving,9
misgovern,9
misgovernment,13
misguide,8
misguided,9
mishandle,9
mishap,6
mishegaas,9
mishegoss,9
mishmash,8
mishna,6
mishnah,7
mishnaic,8
mishpachah,10
mishpocha,9
misidentify,11
misinform,9
misinformation,14
misinterpret,12
misjudge,8
mislabeled,10
mislaid,7
mislay,6
mislead,7
misleader,9
misleading,10
misleadingly,12
mismanage,9
mismanagement,13
mismarry,8
mismatch,8
mismatched,10
mismate,7
mismated,8
misname,7
misnomer,8
miso,4
misocainea,10
misogamist,10
misogamy,8
misogynic,9
misogynism,10
misogynist,10
misogynistic,12
misogynous,10
misogyny,8
misology,8
misoneism,9
misopedia,9
misperceive,11
mispickel,9
misplace,8
misplaced,9
misplacement,12
misplay,7
misprint,8
mispronounce,12
misquotation,12
misquote,8
misread,7
misreading,10
misreckoning,12
misrelated,10
misremember,11
misrepresent,12
misrepresented,14
misrule,7
miss,4
missal,6
missed,6
misshapen,9
misshapenness,13
missile,7
missing,7
mission,7
missional,9
missionary,10
missioner,9
missis,6
mississippi,11
mississippian,13
missive,7
missoula,8
missouri,8
missourian,10
misspeak,8
misspell,8
misspelling,11
misspend,8
misstate,8
misstatement,12
misstep,7
missus,6
missy,5
mist,4
mistakable,10
mistake,7
mistaken,8
mistakenly,10
mistaking,9
mister,6
mistflower,10
mistily,7
mistime,7
mistiming,9
mistiness,9
mistletoe,9
mistral,7
mistranslate,12
mistranslation,14
mistreat,8
mistreated,10
mistreatment,12
mistress,8
mistrial,8
mistrust,8
mistrustful,11
mistrustfully,13
misty,5
misunderstand,13
misunderstood,13
misuse,6
misused,7
mitchell,8
mitchella,9
mitchum,7
mite,4
mitella,7
miter,5
miterwort,9
mitford,7
mithan,6
mithra,6
mithracin,9
mithraic,8
mithraicism,11
mithraism,9
mithraist,9
mithraistic,11
mithramycin,11
mithras,7
mithridates,11
mitigable,9
mitigate,8
mitigated,9
mitigation,10
mitigative,10
mitigatory,10
mitochondrion,13
mitogen,7
mitomycin,9
mitosis,7
mitotic,7
mitra,5
mitral,6
mitre,5
mitrewort,9
mitsvah,7
mitt,4
mittelschmerz,13
mitten,6
mitterrand,10
mitzvah,7
miwok,5
mixable,7
mixed,5
mixer,5
mixing,6
mixologist,10
mixology,8
mixture,7
mizen,5
mizenmast,9
mizzen,6
mizzenmast,10
mizzle,6
mlitt,5
mmpi,4
mnemonic,8
mnemonics,9
mnemonist,9
mnemosyne,9
mnemotechnic,12
mnemotechnical,14
mniaceae,8
mnium,5
moan,4
moaner,6
moat,4
moated,6
moban,5
mobbish,7
mobcap,6
mobile,6
mobilisation,12
mobilise,8
mobility,8
mobilization,12
mobilize,8
mobius,6
moblike,7
mobocracy,9
mobster,7
mobula,6
mobulidae,9
mocambique,10
mocassin,8
moccasin,8
mocha,5
mock,4
mocker,6
mockernut,9
mockery,7
mocking,7
mockingbird,11
mockingly,9
modal,5
modality,8
mode,4
model,5
modeled,7
modeler,7
modeling,8
modeller,8
modelling,9
modem,5
moderate,8
moderately,10
moderateness,12
moderating,10
moderation,10
moderationism,13
moderationist,13
moderatism,10
moderato,8
moderator,9
moderatorship,13
modern,6
moderne,7
modernisation,13
modernise,9
modernised,10
modernism,9
modernist,9
modernistic,11
modernity,9
modernization,13
modernize,9
modernized,10
modernness,10
modest,6
modestly,8
modestness,10
modesty,7
modicon,7
modicum,7
modifiable,10
modification,12
modified,8
modifier,8
modify,6
modigliani,10
modillion,9
modiolus,8
modish,6
modishly,8
modishness,10
modiste,7
mods,4
modular,7
modulate,8
modulated,9
modulation,10
module,6
modulus,7
moehringia,10
mogadiscio,10
mogadishu,9
moghul,6
mogul,5
mohair,6
mohammad,8
mohammed,8
mohammedan,10
mohammedanism,13
moharram,8
mohave,6
mohawk,6
mohican,7
moho,4
mohorovicic,11
mohria,6
moiety,6
moil,4
moirae,6
moirai,6
moire,5
moist,5
moisten,7
moistener,9
moistening,10
moistly,7
moistness,9
moisture,8
moisturise,10
moisturize,10
mojarra,7
mojave,6
mojo,4
moke,4
moksa,5
mokulu,6
mola,4
molal,5
molality,8
molar,5
molarity,8
molasses,8
mold,4
moldable,8
moldavia,8
moldboard,9
molded,6
molder,6
moldiness,9
molding,7
moldova,7
moldovan,8
moldy,5
mole,4
molech,6
molecular,9
molecule,8
molehill,8
moleskin,8
molest,6
molestation,11
molester,8
molidae,7
moliere,7
molindone,9
moline,6
molise,6
moll,4
mollah,6
molle,5
mollie,6
mollienesia,11
mollification,13
mollify,7
molluga,7
mollusc,7
mollusca,8
molluscum,9
mollusk,7
molly,5
mollycoddle,11
mollycoddler,12
mollymawk,9
molnar,6
moloch,6
molokai,7
molossidae,10
molothrus,9
molotov,7
molt,4
molten,6
molter,6
molting,7
molto,5
moluccas,8
molucella,9
molva,5
molybdenite,11
molybdenum,10
mombasa,7
mombin,6
moment,6
momentaneous,12
momentarily,11
momentary,9
momently,8
momentous,9
momentously,11
momentousness,13
momentum,8
momism,6
momma,5
mommsen,7
mommy,5
momordica,9
momos,5
momot,5
momotidae,9
momotus,7
momus,5
mona,4
monacan,7
monaco,6
monad,5
monal,5
monandrous,10
monandry,8
monarch,7
monarchal,9
monarchic,9
monarchical,11
monarchism,10
monarchist,10
monarchy,8
monarda,7
monardella,10
monario,7
monas,5
monastery,9
monastic,8
monastical,10
monasticism,11
monatomic,9
monaul,6
monaural,8
monaurally,10
monazite,8
monday,6
mondrian,8
monecious,9
monegasque,10
monera,6
moneran,7
moneron,7
moneses,7
monestrous,10
monet,5
monetarism,10
monetarist,10
monetary,8
monetisation,12
monetise,8
monetization,12
monetize,8
money,5
moneybag,8
moneyed,7
moneyer,7
moneygrubber,12
moneylender,11
moneyless,9
moneymaker,10
moneymaking,11
moneyman,8
moneywort,9
monger,6
mongo,5
mongol,6
mongolia,8
mongolian,9
mongolianism,12
mongolic,8
mongolism,9
mongoloid,9
mongoose,8
mongrel,7
mongrelise,10
mongrelize,10
monied,6
moniker,7
monilia,7
moniliaceae,11
moniliales,10
moniliasis,10
monish,6
monism,6
monistat,8
monistic,8
monition,8
monitor,7
monitoring,10
monitory,8
monitrice,9
monk,4
monkey,6
monkeypod,9
monkfish,8
monkish,7
monkshood,9
monnet,6
mono,4
monoamine,9
monoatomic,10
monoblast,9
monocanthidae,13
monocanthus,11
monocarboxylic,14
monocarp,8
monocarpic,10
monochamus,10
monochromacy,12
monochromasy,12
monochromat,11
monochromatic,13
monochromatism,14
monochrome,10
monochromia,11
monochromic,11
monochromous,12
monocle,7
monocled,8
monoclinal,10
monocline,9
monoclinic,10
monoclinous,11
monoclonal,10
monocot,7
monocotyledon,13
monocotyledonae,15
monocotyledones,15
monocracy,9
monoculture,11
monocycle,9
monocyte,8
monocytosis,11
monod,5
monodic,7
monodical,9
monodon,7
monodontidae,12
monody,6
monoecious,10
monoestrous,11
monogamist,10
monogamous,10
monogamousness,14
monogamy,8
monogenesis,11
monogenic,9
monogram,8
monograph,9
monogynic,9
monogynist,10
monogynous,10
monogyny,8
monohybrid,10
monohydrate,11
monoicous,9
monolatry,9
monolingual,11
monolingually,13
monolith,8
monolithic,10
monologist,10
monologue,9
monologuise,11
monologuize,11
monomania,9
monomaniac,10
monomaniacal,12
monomer,7
monometallic,12
monomorium,10
monomorphemic,13
mononeuropathy,14
monongahela,11
mononuclear,11
mononucleate,12
mononucleosis,13
monophonic,10
monophony,9
monophthalmos,13
monophysite,11
monophysitic,12
monophysitism,13
monoplane,9
monoplegia,10
monoploid,9
monopolisation,14
monopolise,10
monopoliser,11
monopolist,10
monopolistic,12
monopolization,14
monopolize,10
monopolizer,11
monopoly,8
monopsony,9
monopteral,10
monorail,8
monorchidism,12
monorchism,10
monosaccharide,14
monosaccharose,14
monosemous,10
monosemy,8
monosomy,8
monosyllabic,12
monosyllable,12
monotheism,10
monotheist,10
monotheistic,12
monothelitism,13
monotone,8
monotonic,9
monotonous,10
monotonously,12
monotony,8
monotremata,11
monotreme,9
monotropa,9
monotropaceae,13
monotype,8
monotypic,9
monounsaturated,15
monovalent,10
monovular,9
monoxide,8
monozygotic,11
monroe,6
monrovia,8
mons,4
monsieur,8
monsignor,9
monsoon,7
monster,7
monstera,8
monstrance,10
monstrosity,11
monstrous,9
monstrously,11
montage,7
montagu,7
montaigne,9
montana,7
montanan,8
montane,7
monte,5
montenegro,10
monterey,8
monterrey,9
montespan,9
montesquieu,11
montessori,10
monteverdi,10
montevideo,10
montez,6
montezuma,9
montfort,8
montgolfier,11
montgomery,10
month,5
monthlong,9
monthly,7
montia,6
montmartre,10
montpelier,10
montrachet,10
montreal,8
montserrat,10
montserratian,13
monument,8
monumental,10
monumentalise,13
monumentalize,13
mooch,5
moocher,7
mood,4
moodily,7
moodiness,9
moody,5
moolah,6
moon,4
moonbeam,8
mooneye,7
moonfish,8
moonflower,10
moonie,6
moonily,7
moonless,8
moonlight,9
moonlighter,11
moonlike,8
moonlit,7
moonseed,8
moonshell,9
moonshine,9
moonshiner,10
moonstone,9
moonstruck,10
moonwalk,8
moonwort,8
moony,5
moor,4
moorage,7
moorbird,8
moorcock,8
moore,5
moorfowl,8
moorgame,8
moorhen,7
mooring,7
moorish,7
moorland,8
moorwort,8
moose,5
moosewood,9
moot,4
mopboard,8
mope,4
moped,5
mopes,5
mopper,6
moppet,6
mopping,7
moquelumnan,11
moquette,8
moraceae,8
moraceous,9
moraine,7
moral,5
morale,6
moralisation,12
moralise,8
moralism,8
moralist,8
moralistic,10
morality,8
moralization,12
moralize,8
moralizing,10
morally,7
morals,6
morass,6
moratorium,10
moravia,7
moravian,8
moray,5
morbid,6
morbidity,9
morbidly,8
morbidness,10
morbific,8
morbilli,8
morbilliform,12
morceau,7
morchella,9
morchellaceae,13
mordacious,10
mordaciously,12
mordacity,9
mordant,7
mordva,6
mordvin,7
mordvinian,10
more,4
moreen,6
morel,5
morello,7
moreover,8
mores,5
moresque,8
morgan,6
morganatic,10
morganite,9
morgantown,10
morgen,6
morgue,6
moribund,8
morion,6
morley,6
mormon,6
mormonism,9
mormons,7
morn,4
morning,7
moro,4
moroccan,8
morocco,7
moron,5
morone,6
moronic,7
moronity,8
morose,6
morosely,8
moroseness,10
morosoph,8
morph,5
morphallaxis,12
morphea,7
morpheme,8
morphemic,9
morpheus,8
morphia,7
morphine,8
morphogenesis,13
morphologic,11
morphological,13
morphologically,15
morphology,10
morphophoneme,13
morphophonemic,14
morphophonemics,15
morrigan,8
morrigu,7
morris,6
morrison,8
morristown,10
morrow,6
mors,4
morse,5
morsel,6
mortal,6
mortality,9
mortally,8
mortar,6
mortarboard,11
mortgage,8
mortgaged,9
mortgagee,9
mortgager,9
mortgagor,9
mortice,7
mortician,9
mortification,13
mortified,9
mortify,7
mortifying,10
mortimer,8
mortise,7
mortmain,8
morton,6
mortuary,8
morula,6
morus,5
mosaic,6
mosaicism,9
mosan,5
mosander,8
moschus,7
moscow,6
moselle,7
moses,5
mosey,5
mosh,4
moshav,6
moslem,6
mosque,6
mosquito,8
mosquitofish,12
moss,4
mossad,6
mossback,8
mossbauer,9
mosstone,8
mossy,5
most,4
mostaccioli,11
mostly,6
mosul,5
motacilla,9
motacillidae,12
mote,4
motel,5
motet,5
moth,4
mothball,8
mother,6
motherese,9
motherfucker,12
motherhood,10
motherland,10
motherless,10
motherlike,10
motherliness,12
motherly,8
motherwell,10
motherwort,10
mothproof,9
mothy,5
motif,5
motile,6
motilin,7
motility,8
motion,6
motional,8
motionless,10
motionlessly,12
motionlessness,14
motivate,8
motivated,9
motivating,10
motivation,10
motivational,12
motivative,10
motivator,9
motive,6
motiveless,10
motivity,8
motley,6
motmot,6
motoneuron,10
motor,5
motorbike,9
motorboat,9
motorbus,8
motorcade,9
motorcar,8
motorcoach,10
motorcycle,10
motorcycling,12
motorcyclist,12
motored,7
motorial,8
motoring,8
motorisation,12
motorise,8
motorised,9
motorist,8
motorization,12
motorize,8
motorized,9
motorless,9
motorman,8
motormouth,10
motortruck,10
motorway,8
motown,6
motrin,6
mott,4
mottle,6
mottled,7
mottling,8
motto,5
moue,4
moufflon,8
mouflon,7
moujik,6
moukden,7
mould,5
mouldboard,10
moulder,7
moulding,8
mouldy,6
moulmein,8
moult,5
moulter,7
moulting,8
mound,5
mount,5
mountain,8
mountaineer,11
mountaineering,14
mountainous,11
mountainside,12
mountebank,10
mounted,7
mounter,7
mountie,7
mounties,8
mounting,8
mourn,5
mourner,7
mournful,8
mournfully,10
mournfulness,12
mourning,8
mouse,5
mouselike,9
mousepad,8
mouser,6
mousetrap,9
mousey,6
moussaka,8
mousse,6
moussorgsky,11
moustache,9
moustachio,10
mousy,5
mouth,5
mouthbreeder,12
mouthful,8
mouthless,9
mouthlike,9
mouthpart,9
mouthpiece,10
mouthwash,9
mouton,6
movability,10
movable,7
movableness,11
move,4
moveable,8
moved,5
movement,8
mover,5
movie,5
moviegoer,9
moviemaking,11
moving,6
movingly,8
mower,5
mown,4
moxie,5
moynihan,8
mozambican,10
mozambique,10
mozart,6
mozartean,9
mozartian,9
mozzarella,10
mpeg,4
mrna,4
mrta,4
msasa,5
msec,4
muadhdhin,9
muazzin,7
mubarak,7
much,4
muchness,8
muciferous,10
mucilage,8
mucilaginous,12
mucin,5
mucinoid,8
mucinous,8
muck,4
muckheap,8
muckhill,8
muckle,6
muckrake,8
muckraker,9
muckraking,10
mucky,5
mucocutaneous,13
mucoid,6
mucoidal,8
mucopurulent,12
mucor,5
mucoraceae,10
mucorales,9
mucosa,6
mucosal,7
mucose,6
mucous,6
mucoviscidosis,14
mucuna,6
mucus,5
mudcat,6
mudder,6
muddied,7
muddiness,9
muddle,6
muddled,7
muddleheaded,12
muddy,5
mudguard,8
mudhif,6
mudra,5
mudskipper,10
mudslide,8
mudslinger,10
mudspringer,11
mudwrestle,10
muenchen,8
muenster,8
muesli,6
muezzin,7
muff,4
muffin,6
muffle,6
muffled,7
muffler,7
mufti,5
mugful,6
muggee,6
mugger,6
mugginess,9
mugging,7
muggins,7
muggy,5
mugil,5
mugilidae,9
mugiloidea,10
mugshot,7
mugwort,7
mugwump,7
muhammad,8
muhammadan,10
muhammadanism,13
muhammedan,10
muharram,8
muharrum,8
muhlenbergia,12
muir,4
muishond,8
mujahadeen,10
mujahadein,10
mujahadin,9
mujahedeen,10
mujahedin,9
mujahid,7
mujahideen,10
mujahidin,9
mujik,5
mujtihad,8
mukalla,7
mukataa,7
mukden,6
mulatto,7
mulberry,8
mulch,5
mulct,5
mule,4
muleteer,8
muliebrity,10
mulish,6
mulishly,8
mulishness,10
mull,4
mulla,5
mullah,6
mullein,7
muller,6
mullet,6
mullidae,8
mulligan,8
mulligatawny,12
mullion,7
mullioned,9
mulloidichthys,14
mulloway,8
mullus,6
multicellular,13
multicolor,10
multicolored,12
multicolour,11
multicoloured,13
multicultural,13
multiethnic,11
multifaceted,12
multifactorial,14
multifarious,12
multifariously,14
multiflora,10
multiform,9
multilane,9
multilateral,12
multilaterally,14
multilevel,10
multilingual,12
multimedia,10
multinational,13
multinomial,11
multinucleate,13
multiparous,11
multipartite,12
multiphase,10
multiple,8
multiplex,9
multiplexer,11
multiplicand,12
multiplication,14
multiplicative,14
multiplicity,12
multiplied,10
multiplier,10
multiply,8
multipotent,11
multiprocessing,15
multiprocessor,14
multipurpose,12
multiracial,11
multistage,10
multistorey,11
multistoried,12
multistory,10
multitude,9
multitudinous,13
multivalence,12
multivalency,12
multivalent,11
multivariate,12
multiversity,12
multivitamin,12
mulwi,5
mumbai,6
mumble,6
mumbler,7
mumbling,8
mummer,6
mummery,7
mummichog,9
mummification,13
mummify,7
mummy,5
mumps,5
mumpsimus,9
munch,5
munchausen,10
munchener,9
muncher,7
munchhausen,11
muncie,6
munda,5
mundane,7
mundanely,9
mundaneness,11
mundanity,9
mung,4
munich,6
municipal,9
municipality,12
municipally,11
munificence,11
munificent,10
munificently,12
muniments,9
munition,8
munj,4
munja,5
munjeet,7
munjuk,6
munro,5
muntiacus,9
muntingia,9
muntjac,7
muon,4
muraenidae,10
mural,5
muralist,8
muramidase,10
murder,6
murdered,8
murderee,8
murderer,8
murderess,9
murderous,9
murderously,11
murderousness,13
murdoch,7
muridae,7
murillo,7
murine,6
muritaniya,10
murk,4
murkily,7
murkiness,9
murky,5
murmansk,8
murmur,6
murmuration,11
murmurer,8
murmuring,9
murmurous,9
muroidea,8
murphy,6
murrain,7
murray,6
murre,5
murrow,6
murrumbidgee,12
musa,4
musaceae,8
musales,7
musca,5
muscadel,8
muscadelle,10
muscadet,8
muscadine,9
muscardinus,11
muscari,7
muscat,6
muscatel,8
musci,5
muscicapa,9
muscicapidae,12
muscidae,8
muscivora,9
muscle,6
musclebuilder,13
musclebuilding,14
muscleman,9
muscoidea,9
muscovite,9
muscovy,7
muscular,8
muscularity,11
musculature,11
musculoskeletal,15
musculus,8
musd,4
muse,4
muser,5
musette,7
museum,6
musgoi,6
musgu,5
mush,4
musher,6
mushiness,9
mushroom,8
mushy,5
musial,6
music,5
musical,7
musicality,10
musically,9
musicalness,11
musician,8
musicianship,12
musicological,13
musicologically,15
musicologist,12
musicology,10
musing,6
musingly,8
musjid,6
musk,4
muskat,6
muskellunge,11
musket,6
musketeer,9
musketry,8
muskhogean,10
muskiness,9
muskmelon,9
muskogean,9
muskogee,8
muskrat,7
muskwood,8
musky,5
muslim,6
muslimah,8
muslimism,9
muslin,6
musnud,6
musophaga,9
musophagidae,12
musophobia,10
musquash,8
muss,4
mussel,6
musset,6
mussiness,9
mussitate,9
mussitation,11
mussolini,9
mussorgsky,10
mussy,5
must,4
mustache,8
mustached,9
mustachio,9
mustachioed,11
mustagh,7
mustang,7
mustard,7
mustela,7
mustelid,8
mustelidae,10
musteline,9
mustelus,8
muster,6
musth,5
mustiness,9
musty,5
mutability,10
mutable,7
mutableness,11
mutafacient,11
mutagen,7
mutagenesis,11
mutagenic,9
mutamycin,9
mutant,6
mutate,6
mutation,8
mutational,10
mutative,8
mutawa,6
mutchkin,8
mute,4
muted,5
mutely,6
muteness,8
mutilate,8
mutilated,9
mutilation,10
mutilator,9
mutillidae,10
mutineer,8
mutinous,8
mutinus,7
mutiny,6
mutisia,7
mutism,6
muton,5
mutsuhito,9
mutt,4
mutter,6
mutterer,8
muttering,9
mutton,6
muttonfish,10
muttonhead,10
mutual,6
mutualism,9
mutualist,9
mutuality,9
mutually,8
mutualness,10
muumuu,6
muybridge,9
muzhik,6
muzjik,6
muztag,6
muztagh,7
muzzle,6
muzzler,7
muzzy,5
mwanza,6
mwera,5
myaceae,7
myacidae,8
myadestes,9
myalgia,7
myalgic,7
myanmar,7
myasthenia,10
mycelium,8
mycenae,7
mycenaean,9
mycenaen,8
mycetophilidae,14
mycobacteria,12
mycobacterium,13
mycologist,10
mycology,8
mycomycin,9
mycophage,9
mycophagist,11
mycophagy,9
mycoplasma,10
mycoplasmatales,15
mycosis,7
mycostatin,10
mycotoxin,9
mycrosporidia,13
mycteria,8
mycteroperca,12
myctophidae,11
mydriasis,9
mydriatic,9
myelatelia,10
myelencephalon,14
myelic,6
myelin,6
myelinated,10
myeline,7
myelinic,8
myelinisation,13
myelinization,13
myelitis,8
myeloblast,10
myelocyte,9
myelofibrosis,13
myelogram,9
myelography,11
myeloid,7
myeloma,7
myiasis,7
mylanta,7
mylar,5
myliobatidae,12
mylitta,7
mylodon,7
mylodontid,10
mylodontidae,12
myna,4
mynah,5
myocardial,10
myocardiopathy,14
myocarditis,11
myocardium,10
myocastor,9
myoclonus,9
myodynia,8
myofibril,9
myofibrilla,11
myoglobin,9
myoglobinuria,13
myogram,7
myoid,5
myology,7
myoma,5
myometritis,11
myometrium,10
myomorpha,9
myonecrosis,11
myopathic,9
myopathy,8
myope,5
myopia,6
myopic,6
myopus,6
myosarcoma,10
myosin,6
myosis,6
myositis,8
myosotis,8
myotic,6
myotis,6
myotomy,7
myotonia,8
myotonic,8
myrcia,6
myrciaria,9
myrdal,6
myriad,6
myriagram,9
myriameter,10
myriametre,10
myriapod,8
myriapoda,9
myrica,6
myricaceae,10
myricales,9
myricaria,9
myringa,7
myringectomy,12
myringoplasty,13
myringotomy,11
myriophyllum,12
myristica,9
myristicaceae,13
myrmecia,8
myrmecobius,11
myrmecophaga,12
myrmecophagidae,15
myrmecophagous,14
myrmecophile,12
myrmecophilous,14
myrmecophyte,12
myrmecophytic,13
myrmeleon,9
myrmeleontidae,14
myrmidon,8
myrobalan,9
myroxylon,9
myrrh,5
myrrhis,7
myrsinaceae,11
myrsine,7
myrtaceae,9
myrtales,8
myrtillocactus,14
myrtle,6
myrtus,6
mysidacea,9
mysidae,7
mysis,5
mysoline,8
mysophilia,10
mysophobia,10
mysophobic,10
mysore,6
mysterious,10
mysteriously,12
mystery,7
mystic,6
mystical,8
mystically,10
mysticeti,9
mysticism,9
mystification,13
mystified,9
mystifier,9
mystify,7
mystifying,10
mystique,8
myth,4
mythic,6
mythical,8
mythicise,9
mythicize,9
mythologic,10
mythological,12
mythologisation,15
mythologise,11
mythologist,11
mythologization,15
mythologize,11
mythology,9
mytilene,8
mytilid,7
mytilidae,9
mytilus,7
myxedema,8
myxine,6
myxinidae,9
myxiniformes,12
myxinikela,10
myxinoidea,10
myxinoidei,10
myxobacter,10
myxobacterales,14
myxobacteria,12
myxobacteriales,15
myxobacterium,13
myxocephalus,12
myxoedema,9
myxoma,6
myxomatosis,11
myxomycete,10
myxomycetes,11
myxomycota,10
myxophyceae,11
myxosporidia,12
myxosporidian,13
myxovirus,9
naan,4
nabalus,7
nablus,6
nabob,5
nabokov,7
naboom,6
nabu,4
nabumetone,10
nacelle,7
nacho,5
nacimiento,10
nacre,5
nacreous,8
nada,4
nadir,5
nadolol,7
nadp,4
naemorhedus,11
nafcil,6
nafcillin,9
nafta,5
nafud,5
naga,4
nagami,6
nagano,6
nagari,6
nagasaki,8
nageia,6
nagger,6
nagging,7
nagi,4
nagoya,6
nahuatl,7
nahum,5
naiad,5
naiadaceae,10
naiadales,9
naiant,6
naias,5
naif,4
naiki,5
nail,4
nailbrush,9
nailer,6
nailfile,8
nailhead,8
nailrod,7
nainsook,8
naira,5
nairobi,7
naismith,8
naive,5
naively,7
naiveness,9
naivete,7
naivety,7
naja,4
najadaceae,10
najas,5
najd,4
naked,5
nakedly,7
nakedness,9
nakedwood,9
nakuru,6
nalchik,7
nalfon,6
nalline,7
nalorphine,10
naloxone,8
naltrexone,10
name,4
namedrop,8
nameko,6
nameless,8
namelessness,12
namely,6
nameplate,9
namer,5
names,5
namesake,8
namibia,7
namibian,8
naming,6
nammad,6
nammu,5
namoi,5
nampa,5
namtar,6
namtaru,7
namur,5
nanaimo,7
nanak,5
nance,5
nancere,7
nanchang,8
nancy,5
nandrolone,10
nandu,5
nanism,6
nanjing,7
nankeen,7
nanking,7
nanna,5
nanning,7
nanny,5
nanocephalic,12
nanocephaly,11
nanogram,8
nanometer,9
nanometre,9
nanomia,7
nanophthalmos,13
nanosecond,10
nanotechnology,14
nanotube,8
nanovolt,8
nansen,6
nantes,6
nanticoke,9
nantua,6
nantucket,9
nanus,5
naomi,5
napa,4
napaea,6
napalm,6
nape,4
napery,6
naphazoline,11
naphtha,7
naphthalene,11
naphthol,8
naphthoquinone,14
napier,6
napkin,6
naples,6
napoleon,8
napoleonic,10
napoli,6
napped,6
napping,7
nappy,5
naprapath,9
naprapathy,10
naprosyn,8
naproxen,8
napu,4
naqua,5
nara,4
naranjilla,10
narc,4
narcan,6
narcism,7
narcissism,10
narcissist,10
narcissistic,12
narcissus,9
narcist,7
narcolepsy,10
narcoleptic,11
narcosis,8
narcoterrorism,14
narcotic,8
narcotise,9
narcotised,10
narcotising,11
narcotize,9
narcotized,10
narcotizing,11
narcotraffic,12
nard,4
nardil,6
nardo,5
nardoo,6
narghile,8
nargileh,8
narial,6
naris,5
nark,4
narrate,7
narration,9
narrative,9
narrator,8
narrow,6
narrowboat,10
narrowed,8
narrowing,9
narrowly,8
narrowness,10
narthecium,10
narthex,7
narwal,6
narwhal,7
narwhale,8
nary,4
nasa,4
nasal,5
nasale,6
nasalis,7
nasalisation,12
nasalise,8
nasality,8
nasalization,12
nasalize,8
nasally,7
nascence,8
nascency,8
nascent,7
nasdaq,6
naseby,6
nash,4
nashville,9
nasion,6
nasopharyngeal,14
nasopharynx,11
nassau,6
nasser,6
nast,4
nastily,7
nastiness,9
nasturtium,10
nasty,5
nasua,5
natal,5
natality,8
natantia,8
natation,8
natator,7
natatorium,10
natchez,7
nates,5
naticidae,9
nation,6
national,8
nationalisation,15
nationalise,11
nationalism,11
nationalist,11
nationalistic,13
nationality,11
nationalization,15
nationalize,11
nationally,10
nationhood,10
nationwide,10
native,6
nativeness,10
nativism,8
nativist,8
nativistic,10
nativity,8
nato,4
natriuresis,11
natriuretic,11
natrix,6
natrolite,9
natta,5
natter,6
natterjack,10
nattily,7
nattiness,9
natty,5
natural,7
naturalisation,14
naturalise,10
naturalised,11
naturalism,10
naturalist,10
naturalistic,12
naturalization,14
naturalize,10
naturalized,11
naturally,9
naturalness,11
nature,6
naturism,8
naturist,8
naturistic,10
naturopath,10
naturopathy,11
nauch,5
nauclea,7
naucrates,9
naught,6
naughtily,9
naughtiness,11
naughty,7
naumachia,9
naumachy,8
naupathia,9
nauru,5
nauruan,7
nausea,6
nauseant,8
nauseate,8
nauseated,9
nauseating,10
nauseatingness,14
nauseous,8
nautch,6
nautical,8
nautilidae,10
nautilus,8
navaho,6
navajo,6
naval,5
navane,6
navarino,8
nave,4
navel,5
navicular,9
navigability,12
navigable,9
navigate,8
navigation,10
navigational,12
navigator,9
navratilova,11
navvy,5
navy,4
nawab,5
nawcwpns,8
naysayer,8
naysaying,9
nazarene,8
nazareth,8
naze,4
nazi,4
nazification,12
nazify,6
naziism,7
nazimova,8
nazism,6
ncdc,4
ndebele,7
ndjamena,8
neandertal,10
neanderthal,11
neanderthalian,14
neap,4
neapolitan,10
near,4
nearby,6
nearer,6
nearest,7
nearly,6
nearness,8
nearside,8
nearsighted,11
nearsightedness,15
neat,4
neaten,6
neatly,6
neatness,8
nebbech,7
nebbish,7
nebcin,6
nebe,4
nebiim,6
nebn,4
nebo,4
nebraska,8
nebraskan,9
nebuchadnezzar,14
nebuchadrezzar,14
nebula,6
nebular,7
nebule,6
nebuliser,9
nebulizer,9
nebulose,8
nebulous,8
nebulously,10
necessarily,11
necessary,9
necessitarian,13
necessitate,11
necessitous,11
necessity,9
neck,4
neckar,6
neckband,8
neckcloth,9
necked,6
necker,6
neckerchief,11
necking,7
necklace,8
neckless,8
necklet,7
necklike,8
neckline,8
neckpiece,9
necktie,7
neckwear,8
necrobiosis,11
necrology,9
necrolysis,10
necromancer,11
necromancy,10
necromania,10
necromantic,11
necromantical,13
necrophagia,11
necrophagy,10
necrophilia,11
necrophilism,12
necropolis,10
necropsy,8
necrose,7
necrosis,8
necrotic,8
nectar,6
nectariferous,13
nectarine,9
nectarous,9
nectary,7
necturus,8
nederland,9
need,4
needed,6
needer,6
needful,7
needfully,9
neediness,9
needle,6
needlebush,10
needlecraft,11
needled,7
needlefish,10
needlelike,10
needlepoint,11
needless,8
needlessly,10
needlewoman,11
needlewood,10
needlework,10
needleworker,12
needs,5
needy,5
neel,4
neem,4
neencephalon,12
nefarious,9
nefariously,11
nefariousness,13
nefazodone,10
nefertiti,9
nefud,5
negaprion,9
negate,6
negation,8
negative,8
negatively,10
negativeness,12
negativism,10
negativist,10
negativity,10
negatron,8
negev,5
neggram,7
neglect,7
neglected,9
neglecter,9
neglectful,10
neglectfully,12
neglectfulness,14
neglige,7
negligee,8
negligence,10
negligent,9
negligently,11
negligible,10
negociate,9
negotiable,10
negotiant,9
negotiate,9
negotiation,11
negotiator,10
negotiatress,12
negotiatrix,11
negress,7
negritude,9
negro,5
negroid,7
negus,5
nehemiah,8
nehru,5
neigh,5
neighbor,8
neighborhood,12
neighboring,11
neighborliness,14
neighborly,10
neighbour,9
neighbourhood,13
neighbourliness,15
neighbourly,11
neither,7
nejd,4
nekton,6
nelfinavir,10
nelson,6
nelumbo,7
nelumbonaceae,13
nematocera,10
nematoda,8
nematode,8
nembutal,8
nemea,5
nemertea,8
nemertean,9
nemertina,9
nemertine,9
nemesis,7
nemophila,9
nenets,6
nentsi,6
nentsy,6
neobiotic,9
neoceratodus,12
neoclassic,10
neoclassical,12
neoclassicism,13
neoclassicist,13
neoclassicistic,15
neocolonialism,14
neocon,6
neoconservatism,15
neoconservative,15
neocortex,9
neocortical,11
neodymium,9
neoencephalon,13
neofiber,8
neohygrophorus,14
neolentinus,11
neoliberal,10
neoliberalism,13
neolith,7
neolithic,9
neologism,9
neologist,9
neology,7
neomycin,8
neomys,6
neon,4
neonatal,8
neonate,7
neonatology,11
neopallium,10
neophobia,9
neophron,8
neophyte,8
neoplasia,9
neoplasm,8
neoplastic,10
neoplatonism,12
neoplatonist,12
neopolitan,10
neoprene,8
neoromanticism,14
neosho,6
neosporin,9
neostigmine,11
neotenic,8
neotenous,9
neoteny,7
neotoma,7
neotony,7
nepa,4
nepal,5
nepalese,8
nepali,6
nepenthaceae,12
nepenthes,9
nepeta,6
nepheline,9
nephelinite,11
nephelite,9
nephelium,9
nephew,6
nephology,9
nephoscope,10
nephralgia,10
nephrectomy,11
nephrite,8
nephritic,9
nephritis,9
nephroblastoma,14
nephrolepis,11
nephrolith,10
nephrolithiasis,15
nephrology,10
nephron,7
nephropathy,11
nephrops,8
nephropsidae,12
nephroptosia,12
nephroptosis,12
nephrosclerosis,15
nephrosis,9
nephrotomy,10
nephrotoxic,11
nephrotoxin,11
nephthys,8
nephthytis,10
nepidae,7
nepotism,8
nepotist,8
neptune,7
neptunium,9
nerd,4
nereid,6
nereus,6
nergal,6
nerita,6
neritic,7
neritid,7
neritidae,9
neritina,8
nerium,6
nernst,6
nero,4
nerodia,7
nerthus,7
neruda,6
nerva,5
nerve,5
nerveless,9
nervelessly,11
nervelessness,13
nerveroot,9
nerves,6
nervi,5
nervily,7
nervous,7
nervously,9
nervousness,11
nervure,7
nervus,6
nervy,5
nescience,9
nescient,8
nesokia,7
ness,4
nesselrode,10
nessie,6
nest,4
nester,6
nestle,6
nestled,7
nestling,8
nestor,6
nestorian,9
nestorianism,12
nestorius,9
netball,7
nether,6
netherlander,12
netherlands,11
nethermost,10
netherworld,11
netkeeper,9
netlike,7
netmail,7
netminder,9
netscape,8
nett,4
netted,6
netting,7
nettle,6
nettled,7
nettlesome,10
network,7
networklike,11
neumann,7
neural,6
neuralgia,9
neuralgic,9
neuralgy,8
neurasthenia,12
neurasthenic,12
neurectomy,10
neurilemma,10
neurilemoma,11
neurinoma,9
neuritis,8
neuroanatomic,13
neuroanatomical,15
neuroanatomy,12
neurobiological,15
neurobiologist,14
neurobiology,12
neuroblast,10
neuroblastoma,13
neurochemical,13
neurodermatitis,15
neuroendocrine,14
neuroepithelium,15
neuroethics,11
neurofibroma,12
neurogenesis,12
neurogenic,10
neuroglia,9
neurogliacyte,13
neuroglial,10
neurohormone,12
neurohypophysis,15
neurolemma,10
neuroleptic,11
neurolinguist,13
neurologic,10
neurological,12
neurologist,11
neurology,9
neurolysin,10
neuroma,7
neuromatous,11
neuromotor,10
neuromuscular,13
neuron,6
neuronal,8
neuronic,8
neurontin,9
neuropathy,10
neurophysiology,15
neuropil,8
neuropile,9
neuroplasty,11
neuropsychiatry,15
neuropsychology,15
neuroptera,10
neuropteran,11
neuropteron,11
neurosarcoma,12
neuroscience,12
neuroscientist,14
neurosis,8
neurospora,10
neurosurgeon,12
neurosurgery,12
neurosyphilis,13
neurotic,8
neurotically,12
neuroticism,11
neurotoxic,10
neurotoxin,10
neurotrichus,12
neurotropic,11
neurotropism,12
neuter,6
neutered,8
neutering,9
neutral,7
neutralisation,14
neutralise,10
neutralised,11
neutralism,10
neutralist,10
neutrality,10
neutralization,14
neutralize,10
neutralized,11
neutrino,8
neutron,7
neutropenia,11
neutrophil,10
neutrophile,11
neva,4
nevada,6
nevadan,7
neve,4
nevelson,8
never,5
nevermore,9
nevertheless,12
nevirapine,10
nevis,5
nevus,5
newari,6
newark,6
newbie,6
newborn,7
newburgh,8
newcastle,9
newcomb,7
newcomer,8
newel,5
newfangled,10
newfound,8
newfoundland,12
newgate,7
newly,5
newlywed,8
newman,6
newmarket,9
newness,7
newport,7
news,4
newsagent,9
newsboy,7
newsbreak,9
newscast,8
newscaster,10
newsdealer,10
newsflash,9
newsless,8
newsletter,10
newsman,7
newsmonger,10
newspaper,9
newspapering,12
newspaperman,12
newspaperwoman,14
newspeak,8
newsperson,10
newsprint,9
newsreader,10
newsreel,8
newsroom,8
newssheet,9
newsstand,9
newsvendor,10
newswoman,9
newsworthiness,14
newsworthy,10
newswriter,10
newsy,5
newt,4
newton,6
newtonian,9
next,4
nexus,5
nganasan,8
ngultrum,8
nguni,5
ngwee,5
niacin,6
niagara,7
niamey,6
nibbed,6
nibble,6
nibbler,7
nibelung,8
nibelungenlied,14
niblick,7
nicad,5
nicaea,6
nicaean,7
nicandra,8
nicaragua,9
nicaraguan,10
nice,4
nicely,6
nicene,6
niceness,8
nicety,6
niche,5
nicholas,8
nichrome,8
nick,4
nickel,6
nickelodeon,11
nicker,6
nicklaus,8
nicknack,8
nickname,8
nicolson,8
nicosia,7
nicotiana,9
nicotine,8
nictate,7
nictation,9
nictitate,9
nictitation,11
nicu,4
nidaros,7
nidation,8
niddm,5
nidicolous,10
nidifugous,10
nidularia,9
nidulariaceae,13
nidulariales,12
nidus,5
niebuhr,7
niece,5
nielsen,7
nierembergia,12
nietzsche,9
nifedipine,10
niff,4
niffy,5
nifty,5
nigella,7
niger,5
nigeria,7
nigerian,8
nigerien,8
nigga,5
niggard,7
niggardliness,13
niggardly,9
niggardness,11
nigger,6
niggle,6
niggler,7
niggling,8
nigh,4
nigher,6
nighest,7
night,5
nightbird,9
nightcap,8
nightclothes,12
nightclub,9
nightcrawler,12
nightdress,10
nighted,7
nightfall,9
nightgown,9
nighthawk,9
nightie,7
nightingale,11
nightjar,8
nightlife,9
nightlong,9
nightly,7
nightmare,9
nightmarish,11
nightrider,10
nightshade,10
nightshirt,10
nightspot,9
nightstick,10
nighttime,9
nightwalker,11
nightwear,9
nightwork,9
nigra,5
nigrify,7
nigroporus,10
nihau,5
nihil,5
nihilism,8
nihilist,8
nihilistic,10
nihility,8
nihon,5
nijinsky,8
nijmegen,8
nike,4
nile,4
nilgai,6
nilotic,7
nilpotent,9
nilsson,7
nimble,6
nimbleness,10
nimblewill,10
nimbly,6
nimbus,6
nimby,5
nimiety,7
nimitz,6
nimravus,8
nimrod,6
nina,4
nincompoop,10
nine,4
ninefold,8
ninepence,9
ninepenny,9
ninepin,7
ninepins,8
niner,5
nineteen,8
nineteenth,10
nineties,8
ninetieth,9
ninety,6
nineveh,7
ningal,6
ningirsu,8
ningishzida,11
ninhursag,9
ninib,5
ninigi,6
ninja,5
ninjitsu,8
ninjutsu,8
ninkharsag,10
ninkhursag,10
ninny,5
ninon,5
ninth,5
nintoo,6
nintu,5
ninurta,7
niobe,5
niobite,7
niobium,7
niobrara,8
nipa,4
nipper,6
nipping,7
nipple,6
nippon,6
nipponese,9
nippy,5
nipr,4
niqaabi,7
niqab,5
nirvana,7
nisan,5
nisei,5
nisi,4
nissan,6
nist,4
nisus,5
nitella,7
niter,5
nitid,5
nitpick,7
nitpicker,9
nitramine,9
nitrate,7
nitrazepam,10
nitre,5
nitric,6
nitride,7
nitrification,13
nitrify,7
nitril,6
nitrile,7
nitrite,7
nitrobacter,11
nitrobacteria,13
nitrobacterium,14
nitrobenzene,12
nitrocalcite,12
nitrocellulose,14
nitrochloroform,15
nitrocotton,11
nitrofuran,10
nitrofurantoin,14
nitrogen,8
nitrogenase,11
nitrogenise,11
nitrogenize,11
nitrogenous,11
nitroglycerin,13
nitroglycerine,14
nitrosobacteria,15
nitrosomonas,12
nitrospan,9
nitrostat,9
nitrous,7
nitweed,7
nitwit,6
nitwitted,9
nivose,6
nixon,5
njord,5
njorth,6
nlrb,4
nnrti,5
noaa,4
noachian,8
noah,4
nobble,6
nobel,5
nobelist,8
nobelium,8
nobility,8
noble,5
nobleman,8
nobleness,9
noblesse,8
noblewoman,10
nobly,5
nobody,6
nocent,6
nociceptive,11
nock,4
noctambulation,14
noctambulism,12
noctambulist,12
noctiluca,9
noctilucent,11
noctua,6
noctuid,7
noctuidae,9
nocturia,8
nocturnal,9
nocturnally,11
nocturne,8
nodding,7
noddle,6
node,4
nodular,7
nodulated,9
nodule,6
noduled,7
nodulose,8
noel,4
noemi,5
noesis,6
noether,7
noetic,6
nogales,7
noggin,6
nogging,7
noguchi,7
nohow,5
noise,5
noiseless,9
noiselessly,11
noiselessness,13
noisemaker,10
noisily,7
noisiness,9
noisome,7
noisomeness,11
noisy,5
nolina,6
noma,4
nomad,5
nomadic,7
nombril,7
nome,4
nomenclature,12
nomenklatura,12
nomia,5
nominal,7
nominalism,10
nominalist,10
nominalistic,12
nominally,9
nominate,8
nominated,9
nomination,10
nominative,10
nominator,9
nominee,7
nomogram,8
nomograph,9
nomothetic,10
nonabsorbency,13
nonabsorbent,12
nonabsorptive,13
nonacceptance,13
nonachievement,14
nonachiever,11
nonadaptive,11
nonaddictive,12
nonadhesive,11
nonadjacent,11
nonadsorbent,12
nonadsorptive,13
nonage,6
nonaged,7
nonagenarian,12
nonaggression,13
nonaggressive,13
nonagon,7
nonalcoholic,12
nonaligned,10
nonalignment,12
nonalinement,12
nonallele,9
nonappearance,13
nonappointive,13
nonarbitrable,13
nonarbitrary,12
nonarboreal,11
nonassertive,12
nonassociative,14
nonastringent,13
nonattendance,13
nonattender,11
nonautonomous,13
nonbearing,10
nonbeing,8
nonbeliever,11
nonbelligerent,14
noncaloric,10
noncandidate,12
noncarbonated,13
noncausal,9
noncausative,12
nonce,5
noncellular,11
nonchalance,11
nonchalant,10
nonchalantly,12
nonchristian,12
nonchurchgoing,14
noncitizen,10
noncivilised,12
noncivilized,12
nonclassical,12
noncollapsable,14
noncollapsible,14
noncolumned,11
noncom,6
noncombatant,12
noncombinative,14
noncombining,12
noncombustible,14
noncommercial,13
noncommissioned,15
noncommittal,12
noncommunicable,15
noncompetitive,14
noncompliance,13
noncompliant,12
nonconcentric,13
nonconducting,13
nonconductive,13
nonconductor,12
nonconformance,14
nonconforming,13
nonconformism,13
nonconformist,13
nonconformity,13
nonconscious,12
noncontagious,13
noncontentious,14
noncontinuous,13
nonconvergent,13
noncritical,11
noncrucial,10
noncrystalline,14
noncurrent,10
noncyclic,9
noncyclical,11
nondeductible,13
nondescript,11
nondevelopment,14
nondigestible,13
nondisjunction,14
nondisposable,13
nondrinker,10
nondriver,9
none,4
nonechoic,9
noneffervescent,15
nonelected,10
nonelective,11
nonenterprising,15
nonentity,9
nonenzymatic,12
nonequivalence,14
nonequivalent,13
nones,5
nonessential,12
nonesuch,8
nonetheless,11
nonevent,8
nonexempt,9
nonexistence,12
nonexistent,11
nonexplorative,14
nonexploratory,14
nonexplosive,12
nonextant,9
nonextensile,12
nonfat,6
nonfatal,8
nonfeasance,11
nonfiction,10
nonfictional,12
nonfigurative,13
nonfinancial,12
nonfissile,10
nonfissionable,14
nonflammable,12
nonflavored,11
nonflavoured,12
nonflowering,12
nonfunctional,13
nonglutinous,12
nongranular,11
nongregarious,13
nonhairy,8
nonharmonic,11
nonhereditary,13
nonheritable,12
nonhierarchic,13
nonhierarchical,15
nonhuman,8
nonimitative,12
nonimmune,9
nonindulgence,13
nonindulgent,12
nonindustrial,13
noninfectious,13
noninflammatory,15
noninheritable,14
nonintegrated,13
nonintellectual,15
noninterference,15
nonintersecting,15
nonintervention,15
noninvasive,11
nonionic,8
nonionised,10
nonionized,10
nonjudgmental,13
nonkosher,9
nonleaded,9
nonlegal,8
nonlethal,9
nonlexical,10
nonlexically,12
nonlinear,9
nonlinguistic,13
nonliteral,10
nonliterary,11
nonliterate,11
nonliving,9
nonmagnetic,11
nonmandatory,12
nonmaterial,11
nonmeaningful,13
nonmechanical,13
nonmechanistic,14
nonmedicinal,12
nonmember,9
nonmetal,8
nonmetallic,11
nonmetamorphic,14
nonmigratory,12
nonmilitary,11
nonmodern,9
nonmonotonic,12
nonmotile,9
nonmoving,9
nonmusical,10
nonnative,9
nonnatural,10
nonnegative,11
nonnomadic,10
nonnormative,12
nonobjective,12
nonobligatory,13
nonobservance,13
nonobservant,12
nonoccurrence,13
nonopening,10
nonoperational,14
nonoscillatory,14
nonparallel,11
nonparametric,13
nonparasitic,12
nonpareil,9
nonparticipant,14
nonparticulate,14
nonpartisan,11
nonpartisanship,15
nonpartizan,11
nonpasserine,12
nonpayment,10
nonperformance,14
nonperiodic,11
nonperson,9
nonpersonal,11
nonphysical,11
nonplus,7
nonplused,9
nonplussed,10
nonpoisonous,12
nonpolar,8
nonpolitical,12
nonporous,9
nonpregnant,11
nonprehensile,13
nonprescription,15
nonproductive,13
nonprofessional,15
nonprofit,9
nonprogressive,14
nonproprietary,14
nonprotractile,14
nonpsychoactive,15
nonpublic,9
nonpurulent,11
nonracial,9
nonracist,9
nonradioactive,14
nonrandom,9
nonrational,11
nonreader,9
nonreciprocal,13
nonrecreational,15
nonreflecting,13
nonreflective,13
nonremittal,11
nonrenewable,12
nonrepetitive,13
nonresident,11
nonresidential,14
nonresilient,12
nonresinous,11
nonresiny,9
nonresistance,13
nonresistant,12
nonresonant,11
nonrestrictive,14
nonreticulate,13
nonretractable,14
nonretractile,13
nonreturnable,13
nonreversible,13
nonrhythmic,11
nonrigid,8
nonruminant,11
nonsectarian,12
nonsegmental,12
nonsegregated,13
nonsense,8
nonsensical,11
nonsensicality,14
nonsensitive,12
nonsexual,9
nonsignificant,14
nonskid,7
nonslip,7
nonslippery,11
nonsmoker,9
nonsocial,9
nonsovereign,12
nonspatial,10
nonspeaking,11
nonspecific,11
nonspecifically,15
nonspherical,12
nonstandard,11
nonstarter,10
nonsteroid,10
nonsteroidal,12
nonstick,8
nonstop,7
nonstructural,13
nonsubjective,13
nonsubmergible,14
nonsubmersible,14
nonsuch,7
nonsuppurative,14
nonsurgical,11
nonsweet,8
nonsyllabic,11
nonsymbiotic,12
nonsynchronous,14
nonsynthetic,12
nontaxable,10
nontechnical,12
nontelescopic,13
nontelescoping,14
nonterritorial,14
nonthermal,10
nontoxic,8
nontraditional,14
nontransferable,15
nontricyclic,12
nonturbulent,12
nonuniform,10
nonuniformity,13
nonunion,8
nonunionised,12
nonunionized,12
nonuple,7
nonvenomous,11
nonverbal,9
nonverbally,11
nonviable,9
nonviolence,11
nonviolent,10
nonviolently,12
nonviscid,9
nonvisual,9
nonvolatile,11
nonvoluntary,12
nonwashable,11
nonwoody,8
nonworker,9
noodle,6
nook,4
nookie,6
nooky,5
noon,4
noonday,7
noontide,8
noose,5
nootka,6
nopal,5
nopalea,7
noradrenaline,13
nordic,6
noreaster,9
noreg,5
norepinephrine,14
norethandrolone,15
norethindrone,13
norethynodrel,13
norflex,7
norfolk,7
norge,5
norgestrel,10
noria,5
norinyl,7
norlestrin,10
norlutin,8
norm,4
norma,5
normal,6
normalcy,8
normalisation,13
normalise,9
normaliser,10
normality,9
normalization,13
normalize,9
normalizer,10
normally,8
norman,6
normandie,9
normandy,8
normative,9
normodyne,9
normotensive,12
normothermia,12
norn,4
norris,6
norrish,7
norse,5
norseman,8
north,5
northampton,11
northbound,10
northeast,9
northeaster,11
northeasterly,13
northeastern,12
northeastward,13
northeastwardly,15
norther,7
northerly,9
northern,8
northerner,10
northernmost,12
northernness,12
northland,9
northman,8
northmost,9
northrop,8
northumberland,14
northumbria,11
northward,9
northwards,10
northwest,9
northwester,11
northwesterly,13
northwestern,12
northwestward,13
northwestwardly,15
nortriptyline,13
noruz,5
norvasc,7
norvir,6
norway,6
norwegian,9
nose,4
nosebag,7
noseband,8
nosebleed,9
nosecount,9
nosed,5
nosedive,8
nosegay,7
noseless,8
nosepiece,9
nosewheel,9
nosey,5
nosh,4
nosher,6
nosiness,8
nosocomial,10
nosohusial,10
nosology,8
nostalgia,9
nostalgic,9
nostalgically,13
nostoc,6
nostocaceae,11
nostradamus,11
nostril,7
nostrum,7
nosy,4
notability,10
notable,7
notably,7
notarise,8
notarize,8
notary,6
notate,6
notation,8
notch,5
notched,7
note,4
notebook,8
notecase,8
notechis,8
noted,5
notemigonus,11
notepad,7
notepaper,9
noteworthy,10
nothing,7
nothingness,11
nothings,8
nothofagus,10
nothosaur,9
nothosauria,11
notice,6
noticeability,13
noticeable,10
noticeableness,14
noticeably,10
noticed,7
noticer,7
notifiable,10
notification,12
notify,6
notion,6
notional,8
notochord,9
notomys,7
notonecta,9
notonectidae,12
notophthalmus,13
notoriety,9
notorious,9
notoriously,11
notornis,8
notoryctidae,12
notoryctus,10
notostraca,10
notropis,8
notturno,8
notwithstanding,15
nouakchott,10
nougat,6
nought,6
noumenon,8
noun,4
nourish,7
nourished,9
nourishing,10
nourishment,11
nous,4
nova,4
novate,6
novation,8
novel,5
novelette,9
novelisation,12
novelise,8
novelist,8
novelization,12
novelize,8
novella,7
novelty,7
november,8
novena,6
novgorod,8
novial,6
novice,6
noviciate,9
novillada,9
novillero,9
novitiate,9
novobiocin,10
novocain,8
novocaine,9
novosibirsk,11
nowadays,8
nowhere,7
nowise,6
nowness,7
nowrooz,7
nowruz,6
noxious,7
noxiously,9
noxiousness,11
noyes,5
nozzle,6
nrem,4
nrna,4
nrti,4
nsaid,5
nswc,4
ntis,4
nuance,6
nubbin,6
nubbiness,9
nubble,6
nubbly,6
nubby,5
nubia,5
nubian,6
nubile,6
nucellus,8
nucha,5
nucifraga,9
nuclear,7
nuclease,8
nucleate,8
nucleated,9
nucleole,8
nucleolus,9
nucleon,7
nucleonics,10
nucleoplasm,11
nucleoprotein,13
nucleoside,10
nucleosynthesis,15
nucleotide,10
nucleus,7
nuda,4
nude,4
nudeness,8
nudge,5
nudger,6
nudibranch,10
nudibranchia,12
nudism,6
nudist,6
nudity,6
nudnick,7
nudnik,6
nuffield,8
nugatory,8
nugget,6
nuisance,8
nuke,4
null,4
nullah,6
nullification,13
nullified,9
nullifier,9
nullify,7
nullipara,9
nullity,7
numb,4
numbat,6
number,6
numbering,9
numberless,10
numberplate,11
numbers,7
numbfish,8
numbing,7
numbly,6
numbness,8
numdah,6
numen,5
numenius,8
numerable,9
numeracy,8
numeral,7
numerate,8
numeration,10
numerator,9
numeric,7
numerical,9
numerically,11
numerological,13
numerologist,12
numerology,10
numerosity,10
numerous,8
numerousness,12
numida,6
numidia,7
numidian,8
numididae,9
numidinae,9
numinous,8
numismatics,11
numismatist,11
numismatologist,15
numismatology,13
nummulite,9
nummulitidae,12
numskull,8
nunavut,7
nuncio,6
nung,4
nunnery,7
nuphar,6
nuprin,6
nuptial,7
nuptials,8
nuptse,6
nuremberg,9
nureyev,7
nurnberg,8
nurse,5
nursed,6
nurseling,9
nursemaid,9
nurser,6
nursery,7
nurseryman,10
nursing,7
nursling,8
nurtural,8
nurturance,10
nurturant,9
nurture,7
nusku,5
nutate,6
nutation,8
nutbrown,8
nutcase,7
nutcracker,10
nutgrass,8
nuthatch,8
nuthouse,8
nutlet,6
nutlike,7
nutmeg,6
nutria,6
nutrient,8
nutrify,7
nutriment,9
nutrition,9
nutritional,11
nutritionally,13
nutritionary,12
nutritionist,12
nutritious,10
nutritiousness,14
nutritive,9
nutritiveness,13
nuts,4
nutsedge,8
nutshell,8
nutter,6
nuttily,7
nutty,5
nuwc,4
nuytsia,7
nuzzle,6
nwbn,4
nwbw,4
nyala,5
nyamuragira,11
nyamwezi,8
nyasaland,9
nybble,6
nyctaginaceae,13
nyctaginia,10
nyctalopia,10
nyctanassa,10
nyctereutes,11
nycticebus,10
nycticorax,10
nyctimene,9
nyctophobia,11
nycturia,8
nydrazid,8
nyiragongo,10
nylghai,7
nylghau,7
nylon,5
nylons,6
nymph,5
nymphaea,8
nymphaeaceae,12
nymphalid,9
nymphalidae,11
nymphalis,9
nymphet,7
nymphicus,9
nympho,6
nympholepsy,11
nympholept,10
nymphomania,11
nymphomaniac,12
nymphomaniacal,14
nynorsk,7
nypa,4
nyse,4
nyssa,5
nyssaceae,9
nystagmus,9
nystan,6
nystatin,8
oafish,6
oahu,4
oaken,5
oakland,7
oakley,6
oakum,5
oarfish,7
oarlock,7
oarsman,7
oarsmanship,11
oarswoman,9
oasis,5
oast,4
oatcake,7
oaten,5
oates,5
oath,4
oatmeal,7
oaxaca,6
obadiah,7
obbligato,9
obduracy,8
obdurate,8
obdurately,10
obeah,5
obeche,6
obechi,6
obedience,9
obedient,8
obediently,10
obeisance,9
obelion,7
obelisk,7
oberson,7
obese,5
obesity,7
obey,4
obfuscate,9
obfuscation,11
obiism,6
obit,4
obituary,8
object,6
objectification,15
objectify,9
objection,9
objectionable,13
objectionably,13
objective,9
objectively,11
objectiveness,13
objectivity,11
objector,8
objurgate,9
objurgation,11
oblanceolate,12
oblate,6
oblateness,10
oblation,8
obligate,8
obligated,9
obligation,10
obligational,12
obligato,8
obligatorily,12
obligatory,10
oblige,6
obliged,7
obliger,7
obliging,8
obligingly,10
obligingness,12
oblique,7
obliquely,9
obliqueness,11
obliquity,9
obliterable,11
obliterate,10
obliterated,11
obliteration,12
obliterator,11
oblivion,8
oblivious,9
obliviousness,13
oblong,6
oblongness,10
obloquy,7
obnoxious,9
obnoxiously,11
obnoxiousness,13
obnubilate,10
oboe,4
oboist,6
obolus,6
obovate,7
obscene,7
obscenely,9
obscenity,9
obscurantism,12
obscurantist,12
obscure,7
obscurely,9
obscureness,11
obscurity,9
obsequious,10
obsequiously,12
obsequiousness,14
observable,10
observably,10
observance,10
observant,9
observantly,11
observation,11
observational,13
observatory,11
observe,7
observed,8
observer,8
observing,9
observingly,11
obsess,6
obsessed,8
obsession,9
obsessional,11
obsessionally,13
obsessive,9
obsessively,11
obsessiveness,13
obsessivity,11
obsidian,8
obsolesce,9
obsolescence,12
obsolescent,11
obsolete,8
obsoleteness,12
obstacle,8
obstetric,9
obstetrical,11
obstetrician,12
obstetrics,10
obstinacy,9
obstinance,10
obstinate,9
obstinately,11
obstipate,9
obstipation,11
obstreperous,12
obstreperously,14
obstruct,8
obstructed,10
obstructer,10
obstruction,11
obstructionism,14
obstructionist,14
obstructive,11
obstructively,13
obstructor,10
obstruent,9
obtain,6
obtainable,10
obtainment,10
obtention,9
obtrude,7
obtrusive,9
obtrusively,11
obtrusiveness,13
obtund,6
obturate,8
obturator,9
obtuse,6
obtusely,8
obtuseness,10
obverse,7
obviate,7
obviating,9
obviation,9
obvious,7
obviously,9
obviousness,11
ocarina,7
occam,5
occasion,8
occasional,10
occasionally,12
occasions,9
occident,8
occidental,10
occidentalise,13
occidentalism,13
occidentalize,13
occipital,9
occiput,7
occitan,7
occlude,7
occluded,8
occlusion,9
occlusive,9
occult,6
occultation,11
occultism,9
occultist,9
occupancy,9
occupant,8
occupation,10
occupational,12
occupied,8
occupier,8
occupy,6
occur,5
occurrence,10
occurrent,9
ocean,5
oceanaut,8
oceanfront,10
oceangoing,10
oceania,7
oceanic,7
oceanica,8
oceanid,7
oceanites,9
oceanographer,13
oceanography,12
oceanology,10
oceanus,7
ocellated,9
ocellus,7
ocelot,6
ocher,5
ochlocracy,10
ochna,5
ochnaceae,9
ochoa,5
ochotona,8
ochotonidae,11
ochre,5
ochroma,7
ochronosis,10
ochs,4
ocimum,6
ockham,6
ocotillo,8
octad,5
octagon,7
octagonal,9
octahedron,10
octal,5
octameter,9
octane,6
octangular,10
octans,6
octant,6
octave,6
octavian,8
octavo,6
octet,5
octette,7
octillion,9
october,7
octoberfest,11
octogenarian,12
octonary,8
octopod,7
octopoda,8
octopodidae,11
octopus,7
octoroon,8
octosyllabic,12
octosyllable,12
octroi,6
octuple,7
ocular,6
oculism,7
oculist,7
oculomotor,10
oculus,6
ocyurus,7
odalisque,9
oddball,7
oddish,6
oddity,6
oddly,5
oddment,7
oddments,8
oddness,7
odds,4
oder,4
odesa,5
odessa,6
odets,5
odin,4
odious,6
odiously,8
odiousness,10
odist,5
odium,5
odoacer,7
odobenidae,10
odobenus,8
odocoileus,10
odometer,8
odonata,7
odonate,7
odontalgia,10
odontaspididae,14
odontaspis,10
odontiasis,10
odontoceti,10
odontoglossum,13
odontology,10
odontophorus,12
odor,4
odoriferous,11
odorize,7
odorless,8
odorous,7
odour,5
odourise,8
odourless,9
odovacar,8
odovakar,8
odynophagia,11
odysseus,8
odyssey,7
oecanthus,9
oecumenic,9
oecumenical,11
oecumenism,10
oedema,6
oedipus,7
oedogoniaceae,13
oedogoniales,12
oedogonium,10
oenanthe,8
oengus,6
oenologist,10
oenology,8
oenomel,7
oenophile,9
oenothera,9
oersted,7
oesophagitis,12
oesophagoscope,14
oesophagus,10
oesterreich,11
oestradiol,10
oestridae,9
oestriol,8
oestrogen,9
oestrone,8
oestrus,7
oeuvre,6
offal,5
offbeat,7
offenbach,9
offence,7
offenceless,11
offend,6
offended,8
offender,8
offending,9
offense,7
offenseless,11
offensive,9
offensively,11
offensiveness,13
offer,5
offerer,7
offering,8
offeror,7
offertory,9
offhand,7
offhanded,9
offhandedly,11
office,6
officeholder,12
officer,7
official,8
officialdom,11
officialese,11
officialise,11
officialize,11
officially,10
officiant,9
officiate,9
officiating,11
officiation,11
officious,9
officiously,11
officiousness,13
offing,6
offish,6
offload,7
offprint,8
offsaddle,9
offset,6
offshoot,8
offshore,8
offside,7
offsides,8
offspring,9
offstage,8
often,5
oftener,7
oftenness,9
oftentimes,10
ofttimes,8
ogalala,7
ogcocephalidae,14
ogden,5
ogdoad,6
ogee,4
ogive,5
oglala,6
ogle,4
ogler,5
ogre,4
ogress,6
ohio,4
ohioan,6
ohmage,6
ohmic,5
ohmmeter,8
oilbird,7
oilcan,6
oilcloth,8
oiled,5
oiler,5
oilfield,8
oilfish,7
oiliness,8
oilman,6
oilpaper,8
oilrig,6
oilseed,7
oilskin,7
oilstone,8
oilstove,8
oily,4
oink,4
ointment,8
oireachtas,10
ojibwa,6
ojibway,7
okapi,5
okapia,6
okay,4
okeechobee,10
okeh,4
oken,4
okenfuss,8
okey,4
okinawa,7
oklahoma,8
oklahoman,9
okra,4
oktoberfest,11
olden,5
oldenburg,9
older,5
oldfield,8
oldie,5
oldish,6
oldline,7
oldness,7
oldster,7
oldtimer,8
oldwench,8
oldwife,7
olea,4
oleaceae,8
oleaceous,9
oleaginous,10
oleaginousness,14
oleales,7
oleander,8
oleandra,8
oleandraceae,12
olearia,7
oleaster,8
olecranon,9
oled,4
olefin,6
olefine,7
olein,5
oleo,4
oleomargarine,13
oleophilic,10
oleophobic,10
oleoresin,9
olfaction,9
olfactive,9
olfactory,9
olfersia,8
olibanum,8
oligarch,8
oligarchic,10
oligarchical,12
oligarchy,9
oligocene,9
oligochaeta,11
oligochaete,11
oligoclase,10
oligodactyly,12
oligodendria,12
oligodendrocyte,15
oligodendroglia,15
oligodontia,11
oligomenorrhea,14
oligoplites,11
oligopoly,9
oligoporus,10
oligosaccharide,15
oligospermia,12
oliguria,8
olimbos,7
olive,5
olivelike,9
olivenite,9
oliver,6
olivier,7
olivine,7
olla,4
ollari,6
olmec,5
olmsted,7
ology,5
olympia,7
olympiad,8
olympian,8
olympic,7
olympics,8
olympus,7
omaha,5
oman,4
omani,5
omasum,6
omayyad,7
ombu,4
ombudsman,9
omdurman,8
omega,5
omelet,6
omelette,8
omen,4
omentum,7
omeprazole,10
omerta,6
omicron,7
ominous,7
ominously,9
omissible,9
omission,8
omissive,8
omit,4
omiya,5
ommastrephes,12
ommatidium,10
ommiad,6
omnibus,7
omnidirectional,15
omnifarious,11
omnipotence,11
omnipotent,10
omnipresence,12
omnipresent,11
omnirange,9
omniscience,11
omniscient,10
omnivore,8
omnivorous,10
omomyid,7
omophagia,9
omotic,6
omphalocele,11
omphalos,8
omphaloskepsis,14
omphalotus,10
omphalus,8
omsk,4
onager,6
onagraceae,10
onanism,7
onanist,7
once,4
onchocerciasis,14
oncidium,8
oncogene,8
oncologic,9
oncological,11
oncologist,10
oncology,8
oncoming,8
oncorhynchus,12
oncovin,7
ondaatje,8
ondatra,7
onega,5
oneida,6
oneiric,7
oneirism,8
oneiromancer,12
oneiromancy,11
oneness,7
onerous,7
onerously,9
onerousness,11
onetime,7
ongoing,7
onion,5
onionskin,9
oniscidae,9
oniscus,7
online,6
onlooker,8
only,4
onobrychis,10
onoclea,7
onomancer,9
onomancy,8
onomastic,9
onomasticon,11
onomastics,10
onomatomania,12
onomatopoeia,12
onomatopoeic,12
onomatopoeical,14
onomatopoetic,13
onondaga,8
ononis,6
onopordon,9
onopordum,9
onosmodium,10
onrush,6
onsager,7
onset,5
onshore,7
onside,6
onslaught,9
onstage,7
ontario,7
ontogenesis,11
ontogenetic,11
ontogeny,8
ontological,11
ontology,8
onus,4
onward,6
onwards,7
onychium,8
onychogalea,11
onycholysis,11
onychomys,9
onychophora,11
onychophoran,12
onychosis,9
onymous,7
onyx,4
onyxis,6
oocyte,6
oodles,6
oogenesis,9
oology,6
oolong,6
oomph,5
oomycetes,9
oophorectomy,12
oophoritis,10
oort,4
oosphere,8
oospore,7
ootid,5
ooze,4
oozing,6
oozy,4
opacification,13
opacify,7
opacity,7
opah,4
opal,4
opalesce,8
opalescence,11
opalescent,10
opaline,7
opalise,7
opalize,7
opaque,6
opaquely,8
opaqueness,10
opcw,4
opec,4
opel,4
open,4
openbill,8
opencast,8
opencut,7
opened,6
opener,6
openhanded,10
openhandedness,14
openhearted,11
opening,7
openly,6
openmouthed,11
openness,8
openwork,8
opepe,5
opera,5
operable,8
operagoer,9
operand,7
operant,7
operate,7
operatic,8
operating,9
operation,9
operational,11
operationalism,14
operationalist,14
operationally,13
operations,10
operative,9
operatively,11
operator,8
operculate,10
operculated,11
operculum,9
operetta,8
operon,6
operose,7
operoseness,11
opheodrys,9
ophidia,7
ophidian,8
ophidiidae,10
ophidism,8
ophiodon,8
ophiodontidae,13
ophioglossaceae,15
ophioglossales,14
ophioglossum,12
ophiolatry,10
ophiophagus,11
ophisaurus,10
ophiuchus,9
ophiurida,9
ophiuroidea,11
ophryon,7
ophrys,6
ophthalmectomy,14
ophthalmia,10
ophthalmic,10
ophthalmitis,12
ophthalmologist,15
ophthalmology,13
ophthalmoplegia,15
ophthalmoscope,14
ophthalmoscopy,14
opiate,6
opiliones,9
opine,5
opinion,7
opinionated,11
opinionative,12
opisthobranchia,15
opisthocomidae,14
opisthocomus,12
opisthognathous,15
opisthorchiasis,15
opisthotonos,12
opium,5
opopanax,8
oporto,6
opossum,7
oppenheimer,11
opponent,8
opportune,9
opportunely,11
opportuneness,13
opportunism,11
opportunist,11
opportunistic,13
opportunity,11
opposable,9
oppose,6
opposed,7
opposer,7
opposing,8
opposite,8
oppositely,10
oppositeness,12
opposition,10
oppositive,10
oppress,7
oppressed,9
oppression,10
oppressive,10
oppressively,12
oppressiveness,14
oppressor,9
opprobrious,11
opprobrium,10
oppugn,6
opsin,5
opsonin,7
opsonisation,12
opsonization,12
opsonize,8
optative,8
optez,5
opthalmic,9
optic,5
optical,7
optically,9
optician,8
optics,6
optimal,7
optimally,9
optimisation,12
optimise,8
optimism,8
optimist,8
optimistic,10
optimistically,14
optimization,12
optimize,8
optimum,7
option,6
optional,8
optionally,10
optometrist,11
optometry,9
opulence,8
opulent,7
opulently,9
opuntia,7
opuntiales,10
opus,4
orach,5
orache,6
oracle,6
oracular,8
orad,4
oradexon,8
oral,4
orally,6
oran,4
orang,5
orange,6
orangeade,9
orangeman,9
orangeness,10
orangery,8
orangewood,10
orangish,8
orangutan,9
orangutang,10
orasone,7
orate,5
oration,7
orator,6
oratorical,10
oratorio,8
oratory,7
orbicular,9
orbiculate,10
orbignya,8
orbison,7
orbit,5
orbital,7
orbitale,8
orbiter,7
orbitual,8
orca,4
orchard,7
orchestia,9
orchestiidae,12
orchestra,9
orchestral,10
orchestrate,11
orchestrated,12
orchestration,13
orchestrator,12
orchid,6
orchidaceae,11
orchidales,10
orchidalgia,11
orchidectomy,12
orchiectomy,11
orchil,6
orchiopexy,10
orchis,6
orchitis,8
orchotomy,9
orcinus,7
orcus,5
orczy,5
ordain,6
ordained,8
ordainer,8
ordeal,6
order,5
ordered,7
orderer,7
ordering,8
orderliness,11
orderly,7
ordinal,7
ordinance,9
ordinand,8
ordinarily,10
ordinariness,12
ordinary,8
ordinate,8
ordination,10
ordnance,8
ordovician,10
ordure,6
oread,5
oreamnos,8
orectolobidae,13
orectolobus,11
oregano,7
oregon,6
oregonian,9
oreide,6
oreo,4
oreopteris,10
oreortyx,8
orestes,7
orff,4
organ,5
organdie,8
organdy,7
organelle,9
organic,7
organically,11
organicism,10
organicistic,12
organification,14
organisation,12
organisational,14
organise,8
organised,9
organiser,9
organism,8
organismal,10
organismic,10
organist,8
organization,12
organizational,14
organize,8
organized,9
organizer,9
organon,7
organophosphate,15
organs,6
organza,7
orgasm,6
orgiastic,9
orgy,4
oriel,5
orient,6
oriental,8
orientalise,11
orientalism,11
orientalist,11
orientalize,11
orientate,9
orientated,10
orientating,11
orientation,11
oriented,8
orienting,9
orifice,7
oriflamme,9
origami,7
origanum,8
origen,6
origin,6
original,8
originalism,11
originality,11
originally,10
originate,9
origination,11
originative,11
originator,10
orinasal,8
orinase,7
orinoco,7
oriole,6
oriolidae,9
oriolus,7
orion,5
orison,6
orissa,6
orites,6
oriya,5
orizaba,7
orlando,7
orleanais,9
orleanism,9
orleanist,9
orleans,7
orlon,5
orlop,5
orly,4
ormandy,7
ormazd,6
ormer,5
ormolu,6
ormosia,7
ormuzd,6
ornament,8
ornamental,10
ornamentalism,13
ornamentalist,13
ornamentally,12
ornamentation,13
ornate,6
ornately,8
ornateness,10
orneriness,10
ornery,6
ornithine,9
ornithischia,12
ornithischian,13
ornithogalum,12
ornithological,14
ornithologist,13
ornithology,11
ornithomimid,12
ornithomimida,13
ornithopod,10
ornithopoda,11
ornithopter,11
ornithorhynchus,15
ornithosis,10
orobanchaceae,13
orogeny,7
orography,9
oroide,6
orology,7
orono,5
orontium,8
oropharyngeal,13
oropharynx,10
orotund,7
orozco,6
orphan,6
orphanage,9
orphaned,8
orphanhood,10
orphenadrine,12
orpheus,7
orphic,6
orphrey,7
orpiment,8
orpin,5
orpine,6
orpington,9
orrery,6
orris,5
orrisroot,9
ortalis,7
ortega,6
orthicon,8
orthilia,8
orthochorea,11
orthoclase,10
orthodontia,11
orthodontic,11
orthodontics,12
orthodontist,12
orthodonture,12
orthodox,8
orthodoxy,9
orthoepist,10
orthoepy,8
orthogonal,10
orthogonality,13
orthographic,12
orthography,11
orthomolecular,14
orthomyxovirus,14
orthopaedic,11
orthopaedics,12
orthopaedist,12
orthopedic,10
orthopedical,12
orthopedics,11
orthopedist,11
orthophosphate,14
orthopnea,9
orthopristis,12
orthopter,9
orthoptera,10
orthopteran,11
orthopteron,11
orthoptic,9
orthoptics,10
orthoptist,10
orthoscope,10
orthostatic,11
orthotomus,10
orthotropous,12
ortolan,7
ortygan,7
orudis,6
orumiyeh,8
oruvail,7
orwell,6
orwellian,9
orycteropodidae,15
orycteropus,11
oryctolagus,11
oryx,4
oryza,5
oryzomys,8
oryzopsis,9
orzo,4
osage,5
osaka,5
osasco,6
osborne,7
oscan,5
oscar,5
oscheocele,10
oscheocoele,11
oscillate,9
oscillating,11
oscillation,11
oscillator,10
oscillatory,11
oscillogram,11
oscillograph,12
oscilloscope,12
oscine,6
oscines,7
oscitance,9
oscitancy,9
oscitant,8
osculate,8
osculation,10
osculator,9
osha,4
osier,5
osiris,6
oslo,4
osmanli,7
osmanthus,9
osmeridae,9
osmerus,7
osmiridium,10
osmitrol,8
osmium,6
osmoreceptor,12
osmosis,7
osmotic,7
osmotically,11
osmund,6
osmundaceae,11
osprey,6
osseous,7
ossete,6
ossicle,7
ossicular,9
ossiculate,10
ossiculum,9
ossiferous,10
ossification,12
ossified,8
ossify,6
ossuary,7
ostariophysi,12
osteal,6
osteichthyes,12
osteitis,8
ostensible,10
ostensibly,10
ostensive,9
ostensorium,11
ostentate,9
ostentation,11
ostentatious,12
ostentatiously,14
osteoarthritis,14
osteoblast,10
osteoblastoma,13
osteochondroma,14
osteoclasis,11
osteoclast,10
osteocyte,9
osteodystrophy,14
osteoglossidae,14
osteologer,10
osteologist,11
osteology,9
osteolysis,10
osteoma,7
osteomalacia,12
osteomyelitis,13
osteopath,9
osteopathist,12
osteopathy,10
osteopetrosis,13
osteophyte,10
osteoporosis,12
osteosarcoma,12
osteosclerosis,14
osteostracan,12
osteostraci,11
osteotomy,9
ostiarius,9
ostiary,7
ostinato,8
ostiole,7
ostler,6
ostomy,6
ostraciidae,11
ostracise,9
ostracism,9
ostracize,9
ostracod,8
ostracoda,9
ostracoderm,11
ostracodermi,12
ostrava,7
ostrea,6
ostreidae,9
ostrich,7
ostrogoth,9
ostrya,6
ostryopsis,10
ostwald,7
ostyak,6
oswald,6
otalgia,7
otaria,6
otariidae,9
othello,7
other,5
otherness,9
otherwise,9
otherworld,10
otherworldly,12
otho,4
othonna,7
otic,4
otides,6
otididae,8
otiose,6
otis,4
otitis,6
otoe,4
otoganglion,11
otolaryngology,14
otologist,9
otology,7
otoplasty,9
otorrhea,8
otosclerosis,12
otoscope,8
ototoxic,8
ottar,5
ottawa,6
otter,5
otterhound,10
ottoman,7
ottumwa,7
otus,4
ouachita,8
oubliette,9
ouguiya,7
ouija,5
oujda,5
ounce,5
ouranopithecus,14
ouranos,7
ouse,4
ousel,5
oust,4
ouster,6
ousting,7
outage,6
outaouais,9
outback,7
outbalance,10
outbid,6
outboard,8
outbound,8
outbrave,8
outbreak,8
outbred,7
outbuilding,11
outburst,8
outcall,7
outcast,7
outcaste,8
outclass,8
outclassed,10
outcome,7
outcrop,7
outcropping,11
outcry,6
outdated,8
outdistance,11
outdo,5
outdoor,7
outdoors,8
outdoorsman,11
outdoorswoman,13
outdoorsy,9
outdraw,7
outer,5
outercourse,11
outermost,9
outerwear,9
outface,7
outfall,7
outfield,8
outfielder,10
outfight,8
outfit,6
outfitted,9
outfitter,9
outfitting,10
outflank,8
outflow,7
outflowing,10
outfox,6
outgeneral,10
outgo,5
outgoer,7
outgoing,8
outgrow,7
outgrowth,9
outguess,8
outhouse,8
outing,6
outlander,9
outlandish,10
outlandishly,12
outlandishness,14
outlast,7
outlaw,6
outlawed,8
outlawry,8
outlay,6
outlet,6
outlier,7
outline,7
outlined,8
outlive,7
outlook,7
outlying,8
outmaneuver,11
outmanoeuvre,12
outmarch,8
outmatch,8
outmode,7
outmoded,8
outmost,7
outnumber,9
outpace,7
outpatient,10
outperform,10
outplay,7
outpoint,8
outport,7
outpost,7
outpouring,10
output,6
outrage,7
outraged,8
outrageous,10
outrageously,12
outrageousness,14
outrange,8
outrank,7
outre,5
outreach,8
outride,7
outrider,8
outrigged,9
outrigger,9
outright,8
outrival,8
outroar,7
outrun,6
outsail,7
outscore,8
outsell,7
outset,6
outshine,8
outshout,8
outside,7
outsider,8
outsize,7
outsized,8
outskirt,8
outskirts,9
outsmart,8
outsole,7
outsource,9
outspan,7
outspoken,9
outspokenly,11
outspokenness,13
outspread,9
outstanding,11
outstandingly,13
outstare,8
outstation,10
outstay,7
outstretched,12
outstrip,8
outstroke,9
outtake,7
outthrust,9
outturn,7
outvie,6
outvote,7
outward,7
outwardly,9
outwardness,11
outwards,8
outwear,7
outweigh,8
outwit,6
outwork,7
ouzel,5
ouzo,4
oval,4
ovalbumin,9
ovalipes,8
ovarian,7
ovariectomy,11
ovaritis,8
ovary,5
ovate,5
ovation,7
oven,4
ovenbake,8
ovenbird,8
ovenware,8
over,4
overabundance,13
overabundant,12
overachieve,11
overachievement,15
overachiever,12
overact,7
overacting,10
overactive,10
overactivity,12
overage,7
overaged,8
overall,7
overambitious,13
overanxiety,11
overanxious,11
overappraisal,13
overarch,8
overarm,7
overawe,7
overawed,8
overbalance,11
overbear,8
overbearing,11
overbearingly,13
overbearingness,15
overbid,7
overbite,8
overblown,9
overboard,9
overboil,8
overbold,8
overburden,10
overburdened,12
overbusy,8
overcall,8
overcapitalise,14
overcapitalize,14
overcareful,11
overcast,8
overcasting,11
overcautious,12
overcharge,10
overclothe,10
overclothes,11
overcloud,9
overcoat,8
overcoating,11
overcome,8
overcomer,9
overcompensate,14
overconfidence,14
overconfident,13
overcook,8
overcredulity,13
overcredulous,13
overcritical,12
overcrop,8
overcrossing,12
overcrowd,9
overcultivate,13
overcurious,11
overdelicate,12
overdo,6
overdone,8
overdose,8
overdraft,9
overdramatise,13
overdramatize,13
overdraw,8
overdress,9
overdressed,11
overdrive,9
overdue,7
overeager,9
overeat,7
overeating,10
overemotional,13
overemphasis,12
overemphasise,13
overemphasize,13
overestimate,12
overestimation,14
overexcited,11
overexert,9
overexertion,12
overexploit,11
overexpose,10
overexposure,12
overextend,10
overfamiliar,12
overfatigue,11
overfed,7
overfeed,8
overfeeding,11
overfill,8
overflight,10
overflow,8
overflowing,11
overfly,7
overfond,8
overfull,8
overgarment,11
overgeneralise,14
overgeneralize,14
overgenerous,12
overgorge,9
overgreedy,10
overgrow,8
overgrown,9
overgrowth,10
overhand,8
overhanded,10
overhang,8
overhasty,9
overhaul,8
overhead,8
overhear,8
overheat,8
overheated,10
overheating,11
overindulge,11
overindulgence,14
overindulgent,13
overjealous,11
overjoy,7
overjoyed,9
overkill,8
overladen,9
overland,8
overlap,7
overlapping,11
overlarge,9
overlay,7
overlayer,9
overleaf,8
overleap,8
overlie,7
overlip,7
overload,8
overloaded,10
overlook,8
overlooked,10
overlooking,11
overlord,8
overlordship,12
overly,6
overlying,9
overmantel,10
overmaster,10
overmodest,10
overmuch,8
overmuchness,12
overnice,8
overnight,9
overnighter,11
overpass,8
overpay,7
overpayment,11
overplay,8
overplus,8
overpopulate,12
overpopulation,14
overpower,9
overpowering,12
overpoweringly,14
overpraise,10
overpressure,12
overprice,9
overpriced,10
overprint,9
overproduce,11
overproduction,14
overprotect,11
overprotection,14
overprotective,14
overproud,9
overrate,8
overrating,10
overreach,9
overreaching,12
overreact,9
overreaction,12
overreckoning,13
overrefine,10
overrefined,11
overrefinement,14
override,8
overriding,10
overripe,8
overrule,8
overrun,7
oversea,7
overseas,8
oversee,7
overseer,8
oversensitive,13
overserious,11
oversew,7
oversewn,8
oversexed,9
overshadow,10
overshielding,13
overshoe,8
overshoot,9
overshot,8
overside,8
oversight,9
oversimplify,12
oversize,8
oversized,9
overskirt,9
oversleep,9
oversolicitous,14
overspecialise,14
overspecialize,14
overspend,9
overspill,9
overspread,10
overstate,9
overstated,10
overstatement,13
overstay,8
overstep,8
overstock,9
overstrain,10
overstress,10
overstretch,11
overstrung,10
overstuff,9
overstuffed,11
oversubscribed,14
oversupply,10
oversuspicious,14
overt,5
overtake,8
overtaking,10
overtax,7
overthrow,9
overtime,8
overtire,8
overtly,7
overtolerance,13
overtone,8
overtop,7
overtrump,9
overture,8
overturn,8
overturned,10
overuse,7
overutilisation,15
overutilization,15
overvaliant,11
overvaluation,13
overvalue,9
overview,8
overweary,9
overweening,11
overweight,10
overwhelm,9
overwhelming,12
overwhelmingly,14
overwinter,10
overwork,8
overworking,11
overwrite,9
overwrought,11
overzealous,11
ovibos,6
ovid,4
oviduct,7
oviedo,6
oviform,7
ovimbundu,9
ovine,5
oviparous,9
ovipositor,10
oviraptorid,11
ovis,4
ovocon,6
ovoflavin,9
ovoid,5
ovolo,5
ovotestis,9
ovoviviparous,13
ovral,5
ovrette,7
ovular,6
ovulate,7
ovulation,9
ovule,5
ovulen,6
ovum,4
owen,4
owens,5
owensboro,9
owing,5
owlclaws,8
owlet,5
owlish,6
owlishly,8
owlt,4
owned,5
owner,5
ownerless,9
ownership,9
oxacillin,9
oxalacetate,11
oxalate,7
oxalidaceae,11
oxalis,6
oxaloacetate,12
oxandra,7
oxaprozin,9
oxazepam,8
oxbow,5
oxbridge,8
oxcart,6
oxen,4
oxeye,5
oxford,6
oxheart,7
oxidant,7
oxidase,7
oxidate,7
oxidation,9
oxidative,9
oxide,5
oxidisation,11
oxidise,7
oxidised,8
oxidiser,8
oxidizable,10
oxidization,11
oxidize,7
oxidized,8
oxidizer,8
oxidoreductase,14
oxidoreduction,14
oxime,5
oximeter,8
oxlip,5
oxonian,7
oxtail,6
oxtant,6
oxtongue,8
oxyacetylene,12
oxyacid,7
oxybelis,8
oxybenzene,10
oxycephaly,10
oxydendrum,10
oxygen,6
oxygenase,9
oxygenate,9
oxygenation,11
oxygenise,9
oxygenize,9
oxyhaemoglobin,14
oxyhemoglobin,13
oxylebius,9
oxymoron,8
oxyopia,7
oxyphenbutazone,15
oxytetracycline,15
oxytocic,8
oxytocin,8
oxytone,7
oxytropis,9
oxyura,6
oxyuranus,9
oxyuridae,9
oyabun,6
oyster,6
oystercatcher,13
oysterfish,10
ozaena,6
ozarks,6
ozawa,5
ozena,5
ozocerite,9
ozokerite,9
ozone,5
ozonide,7
ozonise,7
ozonium,7
ozonize,7
ozonosphere,11
ozothamnus,10
paba,4
pabir,5
pablum,6
pabulum,7
paca,4
pace,4
pacemaker,9
pacer,5
pacesetter,10
pacha,5
pachinko,8
pachisi,7
pachouli,8
pachuco,7
pachycephala,12
pachycheilia,12
pachyderm,9
pachyderma,10
pachydermal,11
pachydermatous,14
pachydermic,11
pachydermous,12
pachyrhizus,11
pachysandra,11
pachytene,9
pacific,7
pacifically,11
pacification,12
pacificism,10
pacificist,10
pacifier,8
pacifism,8
pacifist,8
pacifistic,10
pacifistically,14
pacify,6
pacing,6
pack,4
packable,8
package,7
packaged,8
packaging,9
packed,6
packer,6
packera,7
packet,6
packhorse,9
packing,7
packinghouse,12
packman,7
packrat,7
packsack,8
packsaddle,10
packthread,10
pact,4
padauk,6
padda,5
padded,6
padder,6
padding,7
paddle,6
paddlefish,10
paddler,7
paddlewheel,11
paddock,7
paddy,5
paddymelon,10
pademelon,9
paderewski,10
padlock,7
padouk,6
padova,6
padre,5
padrone,7
padua,5
paducah,7
paean,5
paederast,9
paederastic,11
paederasty,10
paediatric,10
paediatrician,13
paediatrics,11
paedophile,10
paedophilia,11
paella,6
paeonia,7
paeoniaceae,11
paeony,6
pagad,5
pagan,5
paganini,8
paganise,8
paganism,8
paganize,8
page,4
pageant,7
pageantry,9
pageboy,7
pagellus,8
pager,5
paget,5
paginate,8
pagination,10
paging,6
pagoda,6
pagophila,9
pagophilus,10
pagrus,6
paguridae,9
pagurus,7
pahautea,8
pahlavi,7
pahlevi,7
pahoehoe,8
paid,4
paige,5
paigle,6
pail,4
pailful,7
paillasse,9
pain,4
paine,5
pained,6
painful,7
painfully,9
painfulness,11
painkiller,10
painless,8
painlessly,10
pains,5
painstaking,11
painstakingly,13
painstakingness,15
paint,5
paintable,9
paintball,9
paintbox,8
paintbrush,10
painted,7
painter,7
painterly,9
painting,8
pair,4
paired,6
pairing,7
paisa,5
paisley,7
paiute,6
paiwanic,8
pajama,6
pakchoi,7
pakistan,8
pakistani,9
palace,6
paladin,7
palaeencephalon,15
palaemon,8
palaemonidae,12
palaeobiology,13
palaeobotany,12
palaeoecology,13
palaeogeography,15
palaeogeology,13
palaeolithic,12
palaeology,10
palaeontologist,15
palaeontology,13
palaeopathology,15
palaeozoology,13
palaestra,9
palaetiology,12
palaic,6
palankeen,9
palanquin,9
palaquium,9
palas,5
palatability,12
palatable,9
palatableness,13
palatably,9
palatal,7
palatalise,10
palatalised,11
palatalize,10
palatalized,11
palate,6
palatial,8
palatinate,10
palatine,8
palatoglossal,13
palau,5
palaver,7
pale,4
paleacrita,10
paleencephalon,14
paleface,8
palely,6
paleness,8
paleobiology,12
paleobotany,11
paleocene,9
paleocerebellum,15
paleocortex,11
paleocortical,13
paleodendrology,15
paleoecology,12
paleoencephalon,15
paleogeography,14
paleogeology,12
paleographer,12
paleographist,13
paleography,11
paleolith,9
paleolithic,11
paleology,9
paleomammalogy,14
paleontological,15
paleontologist,14
paleontology,12
paleopathology,14
paleornithology,15
paleostriatum,13
paleozoic,9
paleozoology,12
palermo,7
palestine,9
palestinian,11
palestra,8
palestrina,10
paletiology,11
palette,7
palfrey,7
palgrave,8
pali,4
palilalia,9
palimony,8
palimpsest,10
palindrome,10
paling,6
palingenesis,12
palingenetic,12
palinuridae,11
palinurus,9
palisade,8
palish,6
paliurus,8
pall,4
palladian,9
palladio,8
palladium,9
pallas,6
pallasite,9
pallbearer,10
pallet,6
pallette,8
palliasse,9
palliate,8
palliation,10
palliative,10
pallid,6
pallidity,9
pallidly,8
pallidness,10
pallidum,8
pallium,7
pallone,7
pallor,6
pally,5
palm,4
palmaceae,9
palmae,6
palmales,8
palmar,6
palmate,7
palmately,9
palmatifid,10
palmature,9
palmer,6
palmetto,8
palmist,7
palmister,9
palmistry,9
palmitin,8
palmlike,8
palmy,5
palmyra,7
palometa,8
palomino,8
palooka,7
paloverde,9
palpability,11
palpable,8
palpably,8
palpate,7
palpation,9
palpatory,9
palpebra,8
palpebrate,10
palpebration,12
palpitant,9
palpitate,9
palpitating,11
palpitation,11
palsgrave,9
palsied,7
palsy,5
palter,6
paltering,9
paltriness,10
paltry,6
pamelor,7
pamlico,7
pampas,6
pamper,6
pamperer,8
pampering,9
pamphlet,8
pamphleteer,11
panacea,7
panache,7
panadol,7
panama,6
panamanian,10
panamica,8
panamiga,8
panatela,8
panax,5
pancake,7
pancarditis,11
panchayat,9
panchayet,9
pancreas,8
pancreatectomy,14
pancreatic,10
pancreatin,10
pancreatitis,12
pancytopenia,12
panda,5
pandanaceae,11
pandanales,10
pandanus,8
pandar,6
pandemic,8
pandemonium,11
pander,6
panderer,8
pandiculation,13
pandion,7
pandionidae,11
pandora,7
pandowdy,8
pandurate,9
panduriform,11
pane,4
panegyric,9
panegyrical,11
panegyrist,10
panel,5
paneled,7
paneling,8
panelist,8
panelling,9
panellist,9
panencephalitis,15
panetela,8
panetella,9
panfish,7
pang,4
panga,5
pangaea,7
pangea,6
pangloss,8
pangolin,8
panhandle,9
panhandler,10
panhellenic,11
panhysterectomy,15
panic,5
panicked,8
panicky,7
panicle,7
panicled,8
paniculate,10
panicum,7
panini,6
panipat,7
panjabi,7
panjandrum,10
pannier,7
pannikin,8
panocha,7
panoche,7
panofsky,8
panonychus,10
panoplied,9
panoply,7
panoptic,8
panoptical,10
panopticon,10
panorama,8
panoramic,9
panorpidae,10
panpipe,7
pansa,5
pansexual,9
pansinusitis,12
pansy,5
pant,4
pantaloon,9
pantalooned,11
pantechnicon,12
pantheism,9
pantheist,9
pantheistic,11
pantheon,8
panther,7
panthera,8
pantie,6
pantile,7
panting,7
panto,5
pantograph,10
pantomime,9
pantomimer,10
pantomimist,11
pantothen,9
pantotheria,11
pantropic,9
pantropical,11
pantry,6
pantryman,9
pants,5
pantsuit,8
panty,5
pantyhose,9
pantywaist,10
panzer,6
papa,4
papacy,6
papaia,6
papain,6
papal,5
paparazzo,9
papaver,7
papaveraceae,12
papaverales,11
papaverine,10
papaw,5
papaya,6
papeete,7
paper,5
paperback,9
paperbacked,11
paperboard,10
paperboy,8
paperclip,9
paperer,7
paperhanger,11
paperhanging,12
papering,8
paperknife,10
paperlike,9
papermaking,11
papers,6
paperweight,11
paperwork,9
papery,6
paphiopedilum,13
papilionaceae,13
papilionoideae,14
papilla,7
papillary,9
papillate,9
papilledema,11
papilliform,11
papilloma,9
papillon,8
papillose,9
papio,5
papism,6
papist,6
papistic,8
papistical,10
papoose,7
papooseroot,11
papovavirus,11
pappa,5
pappoose,8
pappose,7
pappus,6
paprika,7
paprilus,8
papua,5
papuan,6
papule,6
papulovesicle,13
papyrus,7
para,4
parable,7
parabola,8
parabolic,9
parabolical,11
paraboloid,10
paraboloidal,12
paracelsus,10
paracentesis,12
paracheirodon,13
parachute,9
parachuter,10
parachuting,11
parachutist,11
paraclete,9
paracosm,8
parade,6
parader,7
paradiddle,10
paradigm,8
paradigmatic,12
paradisaeidae,13
paradisaic,10
paradisaical,12
paradisal,9
paradise,8
paradisiac,10
paradisiacal,12
paradox,7
paradoxical,11
paradoxically,13
paradoxurus,11
paraesthesia,12
paraffin,8
parafovea,9
paragliding,11
paragon,7
paragonite,10
paragraph,9
paragrapher,11
paraguay,8
paraguayan,10
parakeet,8
paralanguage,12
paraldehyde,11
paralegal,9
paraleipsis,11
paralepsis,10
paralichthys,12
paralipomenon,13
paralipsis,10
paralithodes,12
parallax,8
parallel,8
parallelepiped,14
parallelism,11
parallelize,11
parallelogram,13
parallelopiped,14
paralogism,10
paralyse,8
paralysis,9
paralytic,9
paralytical,11
paralyze,8
paralyzed,9
paramagnet,10
paramagnetic,12
paramagnetism,13
paramaribo,10
paramecia,9
paramecium,10
paramedic,9
paramedical,11
parameter,9
parametric,10
parametritis,12
paramilitary,12
paramnesia,10
paramount,9
paramountcy,11
paramour,8
paramyxovirus,13
parana,6
paranasal,9
parang,6
paranoia,8
paranoiac,9
paranoid,8
paranormal,10
paranthias,10
paranthropus,12
paraparesis,11
parapet,7
paraph,6
paraphernalia,13
paraphilia,10
paraphrase,10
paraphrasis,11
paraphrastic,12
paraphrenia,11
paraphysis,10
paraplegia,10
paraplegic,10
parapodium,10
parapraxis,10
parapsychology,14
paraquat,8
paraquet,8
parasail,8
parasailing,11
parascalops,11
parashurama,11
parasitaemia,12
parasitaxus,11
parasite,8
parasitemia,11
parasitic,9
parasitical,11
parasitically,13
parasiticidal,13
parasitism,10
parasol,7
parasympathetic,15
parathelypteris,15
parathion,9
parathormone,12
parathyroid,11
paratrooper,11
paratroops,10
paratyphoid,11
parazoa,7
parazoan,8
parboil,7
parcae,6
parcel,6
parceling,9
parcellation,12
parcelling,10
parch,5
parched,7
parcheesi,9
parchesi,8
parchisi,8
parchment,9
pardner,7
pardon,6
pardonable,10
pardonably,10
pardoner,8
pare,4
paregmenon,10
paregoric,9
parenchyma,10
parent,6
parentage,9
parental,8
parentally,10
parented,8
parenteral,10
parenterally,12
parenthesis,11
parenthetic,11
parenthetical,13
parenthetically,15
parenthood,10
parentless,10
parer,5
paresis,7
paresthesia,11
paretic,7
pareto,6
pareve,6
parfait,7
parget,6
pargeting,9
pargetry,8
pargetting,10
parheliacal,11
parhelic,8
parhelion,9
pariah,6
paridae,7
paries,6
parietal,8
parietales,10
parietaria,10
parimutuel,10
paring,6
paripinnate,11
paris,5
parish,6
parishioner,11
parisian,8
parisienne,10
parisology,10
parity,6
parjanya,8
parji,5
park,4
parka,5
parked,6
parker,6
parkeriaceae,12
parkersburg,11
parkia,6
parking,7
parkinson,9
parkinsonia,11
parkinsonism,12
parkland,8
parks,5
parkway,7
parky,5
parlance,8
parlay,6
parley,6
parliament,10
parliamentarian,15
parliamentary,13
parlor,6
parlormaid,10
parlour,7
parlourmaid,11
parlous,7
parmelia,8
parmeliaceae,12
parmenides,10
parmesan,8
parnahiba,9
parnaiba,8
parnassia,9
parnassus,9
parnell,7
parochetus,10
parochial,9
parochialism,12
parochially,11
parodist,8
parody,6
paroicous,9
parole,6
parolee,7
paronomasia,11
paronychia,10
parophrys,9
paroquet,8
parosamia,9
parotid,7
parotitis,9
parous,6
parousia,8
paroxetime,10
paroxysm,8
paroxysmal,10
paroxytone,10
parquet,7
parqueterie,11
parquetry,9
parr,4
parrakeet,9
parricide,9
parrish,7
parroket,8
parroquet,9
parrot,6
parrotfish,10
parrotia,8
parrotiopsis,12
parrotlike,10
parry,5
parse,5
parsec,6
parsee,6
parseeism,9
parser,6
parsi,5
parsiism,8
parsimonious,12
parsimony,9
parsley,7
parsnip,7
parson,6
parsonage,9
parsons,7
part,4
partake,7
partaker,8
parted,6
parterre,8
parthenium,10
parthenocarpy,13
parthenocissus,14
parthenogenesis,15
parthenogenetic,15
parthenogeny,12
parthenon,9
parthenote,10
parthia,7
parthian,8
partial,7
partiality,10
partially,9
partialness,11
partible,8
participant,11
participate,11
participating,13
participation,13
participatory,13
participial,11
participle,10
particle,8
particolored,12
particoloured,13
particular,10
particularise,13
particularised,14
particularism,13
particularistic,15
particularity,13
particularize,13
particularized,14
particularly,12
particulate,11
parting,7
partisan,8
partisanship,12
partita,7
partition,9
partitioning,12
partitionist,12
partitive,9
partizan,8
partly,6
partner,7
partnership,11
partridge,9
partridgeberry,14
parts,5
partsong,8
parttime,8
parturiency,11
parturient,10
parturition,11
party,5
partygoer,9
parula,6
parulidae,9
parus,5
parvati,7
parve,5
parvenu,7
parvenue,8
parvis,6
parvo,5
parvovirus,10
pasadena,8
pasang,6
pascal,6
pasch,5
pascha,6
paschal,7
paseo,5
pasha,5
pashto,6
pashtoon,8
pashtu,6
pashtun,7
pasigraphy,10
pasiphae,8
paspalum,8
pasqueflower,12
pasquinade,10
pass,4
passable,8
passably,8
passado,7
passage,7
passageway,10
passamaquody,12
passant,7
passbook,8
passe,5
passee,6
passel,6
passementerie,13
passenger,9
passer,6
passerby,8
passeres,8
passeridae,10
passeriformes,13
passerina,9
passerine,9
passero,7
passiflora,10
passifloraceae,14
passim,6
passing,7
passion,7
passionate,10
passionately,12
passionateness,14
passionflower,13
passionless,11
passive,7
passively,9
passiveness,11
passivism,9
passivity,9
passkey,7
passover,8
passport,8
password,8
past,4
pasta,5
paste,5
pasteboard,10
pasted,6
pastel,6
pastelike,9
paster,6
pastern,7
pasternak,9
pasteur,7
pasteurellosis,14
pasteurian,10
pasteurisation,14
pasteurise,10
pasteurised,11
pasteurization,14
pasteurize,10
pasteurized,11
pastiche,8
pastil,6
pastille,8
pastime,7
pastinaca,9
pastis,6
pastness,8
pasto,5
pastor,6
pastoral,8
pastorale,9
pastorate,9
pastorship,10
pastrami,8
pastry,6
pasturage,9
pasture,7
pastureland,11
pasty,5
pataca,6
patagonia,9
patas,5
patavium,8
patch,5
patchboard,10
patchcord,9
patched,7
patchily,8
patchiness,10
patching,8
patchouli,9
patchouly,9
patchwork,9
patchy,6
pate,4
patella,7
patellar,8
patellidae,10
patelliform,11
patency,7
patent,6
patented,8
patentee,8
patently,8
pater,5
paterfamilias,13
paternal,8
paternalism,11
paternalistic,13
paternally,10
paternity,9
paternoster,11
paterson,8
path,4
pathan,6
pathetic,8
pathetically,12
pathfinder,10
pathless,8
pathogen,8
pathogenesis,12
pathogenic,10
pathogenically,14
pathologic,10
pathological,12
pathologically,14
pathologist,11
pathology,9
pathos,6
pathway,7
patience,8
patient,7
patiently,9
patina,6
patinate,8
patinise,8
patinize,8
patio,5
patisserie,10
patka,5
patness,7
patois,6
paton,5
patrai,6
patras,6
patrial,7
patriarch,9
patriarchal,11
patriarchate,12
patriarchic,11
patriarchy,10
patricentric,12
patrician,9
patricide,9
patrick,7
patrikin,8
patrilineage,12
patrilineal,11
patrilineally,13
patrilinear,11
patrimonial,11
patrimony,9
patriot,7
patrioteer,10
patriotic,9
patriotically,13
patriotism,10
patrisib,8
patristic,9
patristical,11
patristics,10
patroclus,9
patrol,6
patroller,9
patrolman,9
patrology,9
patron,6
patronage,9
patroness,9
patronise,9
patronised,10
patronising,11
patronisingly,13
patronize,9
patronized,10
patronizing,11
patronizingly,13
patronless,10
patronne,8
patronym,8
patronymic,10
patsy,5
patten,6
patter,6
pattern,7
patterned,9
patternmaker,12
patty,5
patwin,6
patzer,6
paucity,7
paul,4
pauli,5
pauline,7
pauling,7
paunch,6
paunchiness,11
paunchy,7
pauper,6
pauperisation,13
pauperise,9
pauperism,9
pauperization,13
pauperize,9
pauropoda,9
pause,5
pavage,6
pavan,5
pavane,6
pavarotti,9
pave,4
paved,5
pavement,8
pavilion,8
paving,6
pavior,6
paviour,7
pavis,5
pavise,6
pavlov,6
pavlova,7
pavlovian,9
pavo,4
pavonia,7
pawer,5
pawky,5
pawl,4
pawn,4
pawnbroker,10
pawnee,6
pawnshop,8
pawpaw,6
paxil,5
paxto,5
paxton,6
payable,7
payables,8
payback,7
paycheck,8
payday,6
paye,4
payee,5
payena,6
payer,5
paygrade,8
paying,6
payload,7
paymaster,9
payment,7
paynim,6
payoff,6
payola,6
payroll,7
paysheet,8
payslip,7
pbit,4
pdflp,5
peabody,7
peace,5
peaceable,9
peaceableness,13
peaceably,9
peaceful,8
peacefully,10
peacefulness,12
peacekeeper,11
peacekeeping,12
peacemaker,10
peacenik,8
peacetime,9
peach,5
peachick,8
peachwood,9
peachy,6
peacoat,7
peacock,7
peafowl,7
peag,4
peahen,6
peak,4
peaked,6
peaky,5
peal,4
pealing,7
pean,4
peanut,6
peanuts,7
pear,4
pearl,5
pearler,7
pearlescent,11
pearlfish,9
pearlite,8
pearlweed,9
pearlwort,9
pearly,6
pearmain,8
peary,5
peasant,7
peasanthood,11
peasantry,9
peasecod,8
peat,4
peaty,5
peavey,6
peavy,5
peba,4
pebble,6
pebbly,6
pebibit,7
pebibyte,8
pecan,5
peccable,8
peccadillo,10
peccant,7
peccary,7
peck,4
pecker,6
peckerwood,10
peckish,7
pecopteris,10
pecos,5
pecs,4
pectic,6
pectin,6
pectinate,9
pectineal,9
pectinibranchia,15
pectinidae,10
pectoral,8
pectoralis,10
pectus,6
peculate,8
peculation,10
peculator,9
peculiar,8
peculiarity,11
peculiarly,10
pecuniary,9
pedagog,7
pedagogic,9
pedagogical,11
pedagogically,13
pedagogics,10
pedagogue,9
pedagogy,8
pedal,5
pedaler,7
pedaliaceae,11
pedaller,8
pedant,6
pedantic,8
pedantically,12
pedantry,8
pedate,6
peddle,6
peddler,7
peddling,8
pederast,8
pederastic,10
pederasty,9
pedesis,7
pedestal,8
pedestrian,10
pediamycin,10
pediapred,9
pediatric,9
pediatrician,12
pediatrics,10
pediatrist,10
pedicab,7
pedicel,7
pedicle,7
pediculati,10
pediculicide,12
pediculidae,11
pediculosis,11
pediculus,9
pedicure,8
pedigree,8
pedigreed,9
pedilanthus,11
pediment,8
pediocactus,11
pedioecetes,11
pedionomus,10
pedipalpi,9
pedlar,6
pedodontist,11
pedology,8
pedometer,9
pedophile,9
pedophilia,10
peduncle,8
pedunculate,11
pedwood,7
peeing,6
peek,4
peekaboo,8
peel,4
peeled,6
peeler,6
peeling,7
peen,4
peep,4
peeper,6
peephole,8
peepshow,8
peepul,6
peer,4
peerage,7
peeress,7
peerless,8
peeve,5
peeved,6
peevish,7
peevishly,9
peevishness,11
peewee,6
peewit,6
pegasus,7
pegboard,8
pegleg,6
pegmatite,9
pehlevi,7
peignoir,8
peiping,7
peirce,6
peireskia,9
pejorative,10
pejoratively,12
pekan,5
peke,4
pekinese,8
peking,6
pekingese,9
pekoe,5
pelage,6
pelagianism,11
pelagic,7
pelagius,8
pelargonium,11
pelecanidae,11
pelecaniformes,14
pelecanoididae,14
pelecanus,9
pelecypod,9
pelecypodous,12
peleus,6
pelew,5
pelf,4
pelham,6
pelican,7
peliosis,8
pelisse,7
pellaea,7
pellagra,8
pellet,6
pellicle,8
pellicularia,12
pellitory,9
pellucid,8
pellucidity,11
pellucidly,10
pellucidness,12
pelmet,6
pelobatidae,11
peloponnese,11
peloponnesian,13
peloponnesus,12
pelota,6
pelt,4
peltandra,9
peltate,7
pelter,6
pelting,7
peltiphyllum,12
peludo,6
pelvic,6
pelvimeter,10
pelvimetry,10
pelvis,6
pelycosaur,10
pelycosauria,12
pembroke,8
pemican,7
pemmican,8
pempheridae,11
pemphigous,10
pemphigus,9
penal,5
penalisation,12
penalise,8
penalization,12
penalize,8
penally,7
penalty,7
penance,7
penchant,8
pencil,6
penciled,8
pencilled,9
pendant,7
pendent,7
pending,7
pendragon,9
pendulous,9
pendulum,8
peneidae,8
penelope,8
peneplain,9
peneplane,9
penetrability,13
penetrable,10
penetralia,10
penetrate,9
penetrating,11
penetratingly,13
penetration,11
penetrative,11
penetratively,13
penetrator,10
peneus,6
pengo,5
penguin,7
penial,6
penicillamine,13
penicillin,10
penicillinase,13
penicillium,11
penile,6
peninsula,9
peninsular,10
penis,5
penitence,9
penitent,8
penitential,11
penitentially,13
penitentiary,12
penitently,10
penknife,8
penlight,8
penman,6
penmanship,10
penn,4
pennant,7
pennate,7
pennatula,9
pennatulidae,12
penne,5
penni,5
penniless,9
pennilessness,13
pennines,8
penning,7
pennisetum,10
pennon,6
pennoncel,9
pennoncelle,11
pennsylvania,12
pennsylvanian,13
penny,5
pennycress,10
pennyroyal,10
pennyweight,11
pennywhistle,12
pennyworth,10
penobscot,9
penoche,7
penologist,10
penology,8
penoncel,8
penpusher,9
pensacola,9
pension,7
pensionable,11
pensionary,10
pensioner,9
pensive,7
pensively,9
pensiveness,11
penstemon,9
penstock,8
pent,4
pentacle,8
pentad,6
pentaerythritol,15
pentagon,8
pentagonal,10
pentagram,9
pentahedron,11
pentail,7
pentamerous,11
pentameter,10
pentangle,9
pentangular,11
pentastomid,11
pentastomida,12
pentasyllabic,13
pentateuch,10
pentathlete,11
pentathlon,10
pentatone,9
pentatonic,10
pentavalent,11
pentazocine,11
pentecost,9
pentecostal,11
pentecostalism,14
pentecostalist,14
penthouse,9
pentimento,10
pentlandite,11
pentobarbital,13
pentode,7
pentose,7
pentothal,9
pentoxide,9
pentoxifylline,14
penuche,7
penuchle,8
penult,6
penultima,9
penultimate,11
penumbra,8
penumbral,9
penurious,9
penuriously,11
penuriousness,13
penury,6
penutian,8
peon,4
peonage,7
peony,5
people,6
peopled,7
peoples,7
peoria,6
pepcid,6
peperomia,9
pepin,5
peplos,6
peplum,6
peplus,6
pepper,6
peppercorn,10
pepperidge,10
pepperiness,11
peppermint,10
pepperoni,9
pepperwood,10
pepperwort,10
peppery,7
peppiness,9
peppy,5
pepsi,5
pepsin,6
pepsinogen,10
peptic,6
peptidase,9
peptide,7
peptisation,11
peptise,7
peptization,11
peptize,7
peptone,7
pepys,5
peradventure,12
perambulate,11
perambulating,13
perambulation,13
perambulator,12
peramelidae,11
perca,5
percale,7
perceivable,11
perceive,8
perceived,9
perceiver,9
percent,7
percentage,10
percentile,10
percept,7
perceptibility,14
perceptible,11
perceptibly,11
perception,10
perceptive,10
perceptively,12
perceptiveness,14
perceptivity,12
perceptual,10
perceptually,12
perch,5
perchance,9
percher,7
percheron,9
perchlorate,11
perchloride,11
percidae,8
perciformes,11
percina,7
percipient,10
percoid,7
percoidea,9
percoidean,10
percolate,9
percolation,11
percolator,10
percomorphi,11
percophidae,11
percuss,7
percussion,10
percussionist,13
percussive,10
percussor,9
percutaneous,12
percy,5
perdicidae,10
perdicinae,10
perdition,9
perdix,6
perdurability,13
perdurable,10
peregrinate,11
peregrination,13
peregrine,9
perejil,7
peremptorily,12
peremptory,10
perennate,9
perennation,11
perennial,9
perennially,11
pereskia,8
perestroika,11
perfect,7
perfecta,8
perfected,9
perfecter,9
perfectibility,14
perfectible,11
perfection,10
perfectionism,13
perfectionist,13
perfective,10
perfectly,9
perfervid,9
perfidious,10
perfidiously,12
perfidiousness,14
perfidy,7
perfluorocarbon,15
perfoliate,10
perforate,9
perforated,10
perforation,11
perforce,8
perform,7
performance,11
performer,9
performing,10
perfume,7
perfumed,8
perfumer,8
perfumery,9
perfunctorily,13
perfunctory,11
perfuse,7
perfusion,9
pergamum,8
pergola,7
perhaps,7
peri,4
periactin,9
perianal,8
perianth,8
periapsis,9
periarteritis,13
pericallis,10
pericardiac,11
pericardial,11
pericarditis,12
pericardium,11
pericarp,8
periclase,9
pericles,8
peridinian,10
peridiniidae,12
peridinium,10
peridium,8
peridot,7
peridotite,10
perigee,7
perigon,7
perigonal,9
perigone,8
perigonium,10
perihelion,10
perijove,8
peril,5
perilla,7
perilous,8
perilously,10
perilousness,12
perilune,8
perilymph,9
perimeter,9
perimysium,10
perinasal,9
perinatal,9
perinatologist,14
perinatology,12
perineal,8
perineotomy,11
perineum,8
perineurium,11
period,6
periodic,8
periodical,10
periodically,12
periodicity,11
periodontal,11
periodontia,11
periodontic,11
periodontics,12
periodontist,12
periodontitis,13
periophthalmus,14
periosteum,10
peripatetic,11
peripateticism,14
peripatidae,11
peripatopsidae,14
peripatopsis,12
peripatus,9
peripeteia,10
peripetia,9
peripety,8
peripheral,10
peripherally,12
periphery,9
periphrasis,11
periphrastic,12
periplaneta,11
periploca,9
peripteral,10
perirhinal,10
periscope,9
periselene,10
perish,6
perishability,13
perishable,10
perishableness,14
perisher,8
perisoreus,10
perisperm,9
perissodactyl,13
perissodactyla,14
peristalsis,11
peristediinae,13
peristedion,11
peristome,9
peristylar,10
peristyle,9
perithecium,11
perithelial,11
perithelium,11
peritoneal,10
peritoneum,10
peritonitis,11
peritrate,9
peritrichous,12
periwig,7
periwigged,10
periwinkle,10
perjure,7
perjurer,8
perjury,7
perk,4
perkily,7
perkiness,9
perky,5
perleche,8
perm,4
permafrost,10
permalloy,9
permanence,10
permanency,10
permanent,9
permanently,11
permanganate,12
permeability,12
permeable,9
permeableness,13
permeant,8
permeate,8
permeating,10
permeation,10
permeative,10
permed,6
permian,7
permic,6
permissibility,14
permissible,11
permissibly,11
permission,10
permissive,10
permissively,12
permissiveness,14
permit,6
permutability,13
permutable,10
permutableness,14
permutation,11
permute,7
pernambuco,10
pernicious,10
perniciously,12
perniciousness,14
pernickety,10
pernio,6
pernis,6
pernod,6
perodicticus,12
perognathus,11
peromyscus,10
peron,5
peroneal,8
peroneus,8
peronospora,11
peronosporaceae,15
peronosporales,14
perorate,8
peroration,10
peroxidase,10
peroxide,8
perpendicular,13
perpendicularly,15
perpetrate,10
perpetration,12
perpetrator,11
perpetual,9
perpetually,11
perpetuate,10
perpetuation,12
perpetuity,10
perphenazine,12
perplex,7
perplexed,9
perplexedly,11
perplexing,10
perplexity,10
perquisite,10
perry,5
persea,6
persecute,9
persecution,11
persecutor,10
persephone,10
persepolis,10
perseus,7
perseverance,12
perseverate,11
perseveration,13
persevere,9
persevering,11
perseveringly,13
pershing,8
persia,6
persian,7
persiflage,10
persimmon,9
persist,7
persistence,11
persistency,11
persistent,10
persistently,12
persisting,10
persnickety,11
person,6
persona,7
personable,10
personableness,14
personage,9
personal,8
personalise,11
personalised,12
personality,11
personalize,11
personalized,12
personally,10
personalty,10
personate,9
personation,11
personhood,10
personification,15
personify,9
personnel,9
persoonia,9
perspective,11
perspex,7
perspicacious,13
perspicacity,12
perspicuity,11
perspicuous,11
perspicuously,13
perspicuousness,15
perspiration,12
perspire,8
perspirer,9
persuadable,11
persuade,8
persuader,9
persuasible,11
persuasion,10
persuasive,10
persuasively,12
persuasiveness,14
pert,4
pertain,7
pertainym,9
perth,5
pertinacious,12
pertinaciously,14
pertinacity,11
pertinence,10
pertinency,10
pertinent,9
pertinently,11
pertly,6
pertness,8
perturb,7
perturbation,12
perturbed,9
perturbing,10
pertusaria,10
pertusariaceae,14
pertussis,9
peru,4
peruke,6
peruked,7
perusal,7
peruse,6
perusing,8
perutz,6
peruvian,8
pervade,7
pervaporate,11
pervaporation,13
pervasion,9
pervasive,9
pervasively,11
pervasiveness,13
perverse,8
perversely,10
perverseness,12
perversion,10
perversity,10
perversive,10
pervert,7
perverted,9
pervious,8
perviousness,12
pesach,6
pesah,5
pesantran,9
pesantren,9
peseta,6
pesewa,6
peshawar,8
peshmerga,9
pesky,5
peso,4
pessary,7
pessimal,8
pessimism,9
pessimist,9
pessimistic,11
pessimistically,15
pessimum,8
pest,4
pester,6
pestered,8
pesterer,8
pestering,9
pesthole,8
pesthouse,9
pesticide,9
pestiferous,11
pestilence,10
pestilent,9
pestilential,12
pestis,6
pestle,6
pesto,5
petabit,7
petabyte,8
petal,5
petaled,7
petalled,8
petalless,9
petallike,9
petaloid,8
petalous,8
petard,6
petasites,9
petaurista,10
petauristidae,13
petaurus,8
petchary,8
petcock,7
petechia,8
peter,5
peterburg,9
petersburg,10
petfood,7
petiole,7
petiolule,9
petite,6
petiteness,10
petitio,7
petition,8
petitionary,11
petitioner,10
petrarca,8
petrarch,8
petrel,6
petrifaction,12
petrification,13
petrify,7
petrifying,10
petrissage,10
petrochemical,13
petrocoptis,11
petrogale,9
petroglyph,10
petrograd,9
petrol,6
petrolatum,10
petroleum,9
petrology,9
petromyzon,10
petromyzontidae,15
petronius,9
petroselinum,12
petrous,7
petter,6
petteria,8
petticoat,9
petticoated,11
pettifog,8
pettifogger,11
pettifoggery,12
pettily,7
pettiness,9
petting,7
pettish,7
pettishly,9
pettishness,11
petty,5
petulance,9
petulant,8
petulantly,10
petunia,7
peul,4
pewee,5
pewit,5
pewter,6
peyote,6
peziza,6
pezizaceae,10
pezizales,9
pezophaps,9
pfalz,5
pfannkuchen,11
pfennig,7
pflp,4
phacelia,8
phacochoerus,12
phaeophyceae,12
phaeophyta,10
phaethon,8
phaethontidae,13
phaeton,7
phage,5
phagocyte,9
phagocytic,10
phagocytosis,12
phagun,6
phaius,6
phalacrocorax,13
phalacrosis,11
phalaenopsis,12
phalaenoptilus,14
phalangeal,10
phalanger,9
phalangeridae,13
phalangida,10
phalangiidae,12
phalangist,10
phalangitis,11
phalangium,10
phalanx,7
phalaris,8
phalarope,9
phalaropidae,12
phalaropus,10
phalguna,8
phallaceae,10
phallales,9
phallic,7
phalloplasty,12
phallus,7
phalsa,6
phanerogam,10
phanerogamae,12
phaneromania,12
phanerozoic,11
phantasm,8
phantasma,9
phantasmagoria,14
phantasmagoric,14
phantasmal,10
phantasy,8
phantom,7
pharaoh,7
pharaonic,9
pharisaic,9
pharisaical,11
pharisee,8
pharma,6
pharmaceutic,12
pharmaceutical,14
pharmaceutics,13
pharmacist,10
pharmacologic,13
pharmacological,15
pharmacologist,14
pharmacology,12
pharmacopeia,12
pharmacopoeia,13
pharmacy,8
pharomacrus,11
pharos,6
pharsalus,9
pharyngeal,10
pharyngitis,11
pharynx,7
phascogale,10
phascolarctos,13
phase,5
phaseolus,9
phasianid,9
phasianidae,11
phasianus,9
phasmatidae,11
phasmatodea,11
phasmid,7
phasmida,8
phasmidae,9
phasmidia,9
pheasant,8
phegopteris,11
pheidias,8
phellem,7
phellodendron,13
phenacetin,10
phenacomys,10
phenaphen,9
phenazopyridine,15
phencyclidine,13
phenelzine,10
phenergan,9
phenicia,8
pheniramine,11
phenobarbital,13
phenobarbitone,14
phenol,6
phenolic,8
phenolphthalein,15
phenomenal,10
phenomenally,12
phenomenology,13
phenomenon,10
phenoplast,10
phenothiazine,13
phenotype,9
phenotypic,10
phenotypical,12
phensuximide,12
phentolamine,12
phenylacetamide,15
phenylalanine,13
phenylamine,11
phenylbutazone,14
phenylephrine,13
phenylethylene,14
phenylketonuria,15
phenytoin,9
pheresis,8
pheromone,9
phial,5
phidias,7
philadelphaceae,15
philadelphia,12
philadelphus,12
philaenus,9
philander,9
philanderer,11
philanthropic,13
philanthropist,14
philanthropy,12
philatelic,10
philatelical,12
philatelically,14
philatelist,11
philately,9
philemon,8
philharmonic,12
philhellene,11
philhellenic,12
philhellenism,13
philhellenist,13
philia,6
philip,6
philippi,8
philippian,10
philippians,11
philippic,9
philippine,10
philippines,11
philippopolis,13
philistia,9
philistine,10
philistinism,12
phillidae,9
phillipsite,11
phillyrea,9
philodendron,12
philogyny,9
philohela,9
philological,12
philologist,11
philologue,10
philology,9
philomachus,11
philomath,9
philophylla,11
philosopher,11
philosophic,11
philosophical,13
philosophically,15
philosophise,12
philosophiser,13
philosophize,12
philosophizer,13
philosophizing,14
philosophy,10
philter,7
philtre,7
phimosis,8
phintias,8
phiz,4
phlebectomy,11
phlebitis,9
phlebodium,10
phlebogram,10
phlebotomise,12
phlebotomist,12
phlebotomize,12
phlebotomus,11
phlebotomy,10
phlegm,6
phlegmatic,10
phlegmatical,12
phlegmatically,14
phlegmy,7
phleum,6
phloem,6
phlogiston,10
phlogopite,10
phlomis,7
phlox,5
phobia,6
phobic,6
phobophobia,11
phobos,6
phoca,5
phocidae,8
phocine,7
phocoena,8
phocomelia,10
phoebe,6
phoebus,7
phoenicia,9
phoenician,10
phoenicophorium,15
phoeniculidae,13
phoeniculus,11
phoenicurus,11
phoenix,7
pholadidae,10
pholas,6
pholidae,8
pholidota,9
pholiota,8
pholis,6
pholistoma,10
phon,4
phonate,7
phonation,9
phone,5
phonebook,9
phoneme,7
phonemic,8
phonemics,9
phoner,6
phonetic,8
phonetically,12
phonetician,11
phonetics,9
phoney,6
phonic,6
phonics,7
phonogram,9
phonogramic,11
phonograph,10
phonologic,10
phonological,12
phonologist,11
phonology,9
phonophobia,11
phony,5
phoradendron,12
phoronid,8
phoronida,9
phoronidea,10
phosgene,8
phosphatase,11
phosphate,9
phosphine,9
phosphocreatine,15
phospholipid,12
phosphoprotein,14
phosphor,8
phosphoresce,12
phosphorescence,15
phosphorescent,14
phosphoric,10
phosphorous,11
phosphorus,10
phot,4
photalgia,9
photic,6
photinia,8
photius,7
photo,5
photoblepharon,14
photocathode,12
photocell,9
photochemical,13
photochemistry,14
photocoagulator,15
photoconduction,15
photoconductive,15
photocopier,11
photocopy,9
photoelectric,13
photoelectrical,15
photoelectron,13
photoemission,13
photoemissive,13
photoengraving,14
photoflash,10
photoflood,10
photogenic,10
photograph,10
photographer,12
photographic,12
photography,11
photogravure,12
photojournalism,15
photojournalist,15
photolithograph,15
photomechanical,15
photomechanics,14
photometer,10
photometric,11
photometrical,13
photometrically,15
photometrician,14
photometrist,12
photometry,10
photomicrograph,15
photomontage,12
photomosaic,11
photon,6
photophobia,11
photopigment,12
photoretinitis,14
photosensitise,14
photosensitive,14
photosensitize,14
photosphere,11
photostat,9
photosynthesis,14
photosynthetic,14
phototherapy,12
phototropism,12
photovoltaic,12
phoxinus,8
phragmacone,11
phragmipedium,13
phragmites,10
phragmocone,11
phrasal,7
phrase,6
phraseology,11
phrasing,8
phratry,7
phreatic,8
phrenetic,9
phrenic,7
phrenitis,9
phrenological,13
phrenologist,12
phrenology,10
phrontistery,12
phrygia,7
phrygian,8
phrynosoma,10
phthiriidae,11
phthirius,9
phthirus,8
phthisis,8
phthorimaea,11
phycobilin,10
phycocyanin,11
phycoerythrin,13
phycology,9
phycomycetes,12
phycomycosis,12
phylactery,10
phyle,5
phyletic,8
phyllidae,9
phylliform,10
phyllitis,9
phyllium,8
phyllo,6
phylloclad,10
phyllocladaceae,15
phylloclade,11
phyllocladus,12
phyllode,8
phyllodial,10
phyllodoce,10
phylloporus,11
phylloquinone,13
phyllorhynchus,14
phylloscopus,12
phyllostachys,13
phyllostomidae,14
phyllostomus,12
phylloxera,10
phylloxeridae,13
phylogenesis,12
phylogenetic,12
phylogeny,9
phylum,6
physa,5
physalia,8
physalis,8
physaria,8
physeter,8
physeteridae,12
physiatrics,11
physic,6
physical,8
physicalism,11
physicality,11
physically,10
physicalness,12
physician,9
physicist,9
physicochemical,15
physics,7
physidae,8
physiognomy,11
physiography,12
physiologic,11
physiological,13
physiologically,15
physiologist,12
physiology,10
physiotherapist,15
physiotherapy,13
physique,8
physostegia,11
physostigma,11
physostigmine,13
phytelephas,11
phytochemical,13
phytochemist,12
phytochemistry,14
phytohormone,12
phytolacca,10
phytolaccaceae,14
phytologist,11
phytology,9
phytomastigina,14
phytonadione,12
phytophagic,11
phytophagous,12
phytophilous,12
phytophthora,12
phytoplankton,13
phytotherapy,12
phytotoxin,10
piaf,4
piaffe,6
piaget,6
piagetian,9
pianism,7
pianissimo,10
pianist,7
pianistic,9
piano,5
pianoforte,10
pianola,7
piaster,7
piastre,7
piazza,6
pibgorn,7
pibit,5
pibroch,7
pica,4
picador,7
picaninny,9
picardie,8
picardy,7
picaresque,10
picariae,8
picasso,7
picayune,8
piccalilli,10
piccaninny,10
piccolo,7
picea,5
pichi,5
pichiciago,10
pichiciego,10
picidae,7
piciformes,10
pick,4
pickaback,9
pickaninny,10
pickax,6
pickaxe,7
pickelhaube,11
picker,6
pickerel,8
pickerelweed,12
pickeringia,11
picket,6
pickett,7
pickford,8
picking,7
pickings,8
pickle,6
pickled,7
picklepuss,10
picknicker,10
pickpocket,10
pickup,6
picky,5
picnic,6
picnicker,9
picofarad,9
picoides,8
picometer,9
picometre,9
picornavirus,12
picosecond,10
picot,5
picovolt,8
picrasma,8
picris,6
pictograph,10
pictographic,12
pictor,6
pictorial,9
pictorially,11
pictural,8
picture,7
pictured,8
picturesque,11
picturesquely,13
picturesqueness,15
picturing,9
picul,5
piculet,7
picumnus,8
picus,5
piddle,6
piddling,8
piddock,7
pidgin,6
pidlimdi,8
piebald,7
piece,5
piecemeal,9
piecework,9
pied,4
piedmont,8
piemonte,8
pieplant,8
pier,4
pierce,6
pierced,7
piercing,8
piercingly,10
pierid,6
pieridae,8
pieris,6
pierre,6
pierrot,7
pieta,5
pietism,7
pietistic,9
pietistical,11
piety,5
piezoelectric,13
piezometer,10
piffle,6
piffling,8
pigboat,7
pigeon,6
pigeonhole,10
pigeonholing,12
pigfish,7
piggery,7
piggish,7
piggishly,9
piggishness,11
piggy,5
piggyback,9
pigheaded,9
pigheadedness,13
piglet,6
pigman,6
pigment,7
pigmentation,12
pigmy,5
pignolia,8
pignut,6
pigpen,6
pigskin,7
pigsticking,11
pigsty,6
pigswill,8
pigtail,7
pigwash,7
pigweed,7
pika,4
pike,4
pikeblenny,10
pikestaff,9
pilaf,5
pilaff,6
pilar,5
pilary,6
pilaster,8
pilate,6
pilau,5
pilaw,5
pilchard,8
pile,4
pilea,5
piles,5
pileup,6
pileus,6
pilewort,8
pilfer,6
pilferage,9
pilferer,8
pilgrim,7
pilgrimage,10
piling,6
pill,4
pillage,7
pillaged,8
pillager,8
pillaging,9
pillar,6
pillared,8
pillbox,7
pillion,7
pillock,7
pillory,7
pillow,6
pillowcase,10
pillwort,8
pilocarpine,11
pilose,6
pilosebaceous,13
pilosella,9
pilosity,8
pilot,5
pilotage,8
pilotfish,9
pilothouse,10
piloting,8
pilotless,9
pilous,6
pilsen,6
pilsener,8
pilsner,7
pilularia,9
pilus,5
pima,4
pimenta,7
pimento,7
pimiento,8
pimlico,7
pimozide,8
pimp,4
pimpernel,9
pimpinella,10
pimple,6
pimpled,7
pimply,6
pinaceae,8
pinafore,8
pinata,6
pinatubo,8
pinball,7
pincer,6
pinch,5
pinchbeck,9
pinche,6
pinched,7
pinchgut,8
pinckneya,9
pinctada,8
pincus,6
pincushion,10
pindar,6
pindaric,8
pindolol,8
pine,4
pineal,6
pinealoma,9
pineapple,9
pinecone,8
pinesap,7
pinetum,7
pineus,6
pineweed,8
pinfish,7
pinfold,7
ping,4
pinger,6
pinguecula,10
pinguicula,10
pinguinus,9
pinhead,7
pinhole,7
pinicola,8
pining,6
pinion,6
pinioned,8
pinite,6
pink,4
pinkeye,7
pinkie,6
pinkify,7
pinkish,7
pinkness,8
pinko,5
pinkroot,8
pinky,5
pinna,5
pinnace,7
pinnacle,8
pinnate,7
pinnated,8
pinnately,9
pinnatifid,10
pinnatiped,10
pinnatisect,11
pinner,6
pinning,7
pinniped,8
pinnipedia,10
pinnotheres,11
pinnotheridae,13
pinnule,7
pinny,5
pinochle,8
pinocle,7
pinocytosis,11
pinole,6
pinon,5
pinophytina,11
pinopsida,9
pinot,5
pinpoint,8
pinprick,8
pinscher,8
pinsk,5
pinstripe,9
pinstriped,10
pint,4
pintado,7
pintail,7
pinter,6
pintle,6
pinto,5
pinus,5
pinwheel,8
pinworm,7
pinyon,6
piolet,6
pion,4
pioneer,7
pious,5
piously,7
piousness,9
pipa,4
pipage,6
pipal,5
pipe,4
pipeclay,8
pipefish,8
pipefitting,11
pipeful,7
pipeline,8
piper,5
piperaceae,10
piperacillin,12
piperales,9
piperazine,10
piperin,7
piperine,8
piperocaine,11
pipet,5
pipette,7
pipework,8
pipewort,8
pipidae,7
pipile,6
pipilo,6
piping,6
pipistrel,9
pipistrelle,11
pipistrellus,12
pipit,5
pippin,6
pipra,5
pipracil,8
pipridae,8
pipsissewa,10
piptadenia,10
pipturus,8
pipul,5
piquance,8
piquancy,8
piquant,7
piquantly,9
piquantness,11
pique,5
piqueria,8
piquet,6
piracy,6
pirana,6
pirandello,10
piranga,7
piranha,7
pirate,6
piratical,9
piratically,11
pirogi,6
pirogue,7
piroplasm,9
piroshki,8
pirouette,9
piroxicam,9
pirozhki,8
pisa,4
pisanosaur,10
pisanosaurus,12
piscary,7
piscatorial,11
piscatory,9
pisces,6
piscidia,8
piscine,7
piscivorous,11
pisiform,8
pismire,7
pisonia,7
piss,4
pissed,6
pisser,6
pissing,7
pissis,6
pistachio,9
pistacia,8
piste,5
pistia,6
pistil,6
pistillate,10
pistillode,10
pistol,6
pistoleer,9
piston,6
pisum,5
pita,4
pitahaya,8
pitanga,7
pitch,5
pitchblende,11
pitched,7
pitcher,7
pitcherful,10
pitchfork,9
pitching,8
pitchman,8
pitchstone,10
pitchy,6
piteous,7
piteously,9
pitfall,7
pith,4
pithead,7
pithecanthropus,15
pithecellobium,14
pithecia,8
pithecolobium,13
pithily,7
pithiness,9
pithy,5
pitiable,8
pitiably,8
pitiful,7
pitifully,9
pitiless,8
pitilessly,10
pitilessness,12
pitman,6
pitocin,7
piton,5
pitot,5
pitprop,7
pitressin,9
pitsaw,6
pitt,4
pitta,5
pittance,8
pitted,6
pittidae,8
pitting,7
pittsburgh,10
pittsfield,10
pituitary,9
pituophis,9
pity,4
pityingly,9
pitymys,7
pityriasis,10
pityrogramma,12
piute,5
pivot,5
pivotal,7
pixel,5
pixie,5
pixilated,9
pixy,4
pizarro,7
pizza,5
pizzaz,6
pizzazz,7
pizzeria,8
pizzicato,9
placable,8
placard,7
placate,7
placating,9
placatingly,11
placation,9
placative,9
placatory,9
place,5
placeable,9
placebo,7
placed,6
placeholder,11
placekicker,11
placeman,8
placement,9
placenta,8
placental,9
placentation,12
placer,6
placeseeker,11
placid,6
placidity,9
placidly,8
placidness,10
placidyl,8
placket,7
placoderm,9
placodermi,10
placoid,7
placuna,7
plage,5
plagianthus,11
plagiarisation,14
plagiarise,10
plagiarised,11
plagiariser,11
plagiarism,10
plagiarist,10
plagiaristic,12
plagiarization,14
plagiarize,10
plagiarized,11
plagiarizer,11
plagiocephaly,13
plagioclase,11
plagioclastic,13
plague,6
plaguey,7
plaguily,8
plaguy,6
plaice,6
plaid,5
plain,5
plainchant,10
plainclothesman,15
plainly,7
plainness,9
plainsman,9
plainsong,9
plainspoken,11
plaint,6
plaintiff,9
plaintive,9
plaintively,11
plaintiveness,13
plait,5
plaiter,7
plan,4
planar,6
planaria,8
planarian,9
planate,7
planation,9
planchet,8
planchette,10
planck,6
plane,5
planeness,9
planer,6
planera,7
planet,6
planetal,8
planetarium,11
planetary,9
planetesimal,12
planetoid,9
plangency,9
plangent,8
planimeter,10
plank,5
planking,8
plankton,8
planktonic,10
planless,8
planned,7
planner,7
planning,8
plano,5
planococcus,11
planoconcave,12
planoconvex,11
planographic,12
planography,11
plant,5
plantae,7
plantagenet,11
plantaginaceae,14
plantaginales,13
plantago,8
plantain,8
plantal,7
plantar,7
plantation,10
planted,7
planter,7
planthopper,11
plantigrade,11
planting,8
plantlet,8
plantsman,9
planula,7
plaque,6
plaquenil,9
plash,5
plasm,5
plasma,6
plasmablast,11
plasmacyte,10
plasmacytoma,12
plasmapheresis,14
plasmid,7
plasmin,7
plasminogen,11
plasmodiidae,12
plasmodiophora,14
plasmodium,10
plassey,7
plaster,7
plasterboard,12
plastered,9
plasterer,9
plastering,10
plasterwork,11
plastic,7
plastically,11
plasticine,10
plasticise,10
plasticiser,11
plasticity,10
plasticize,10
plasticizer,11
plastid,7
plastinate,10
plastination,12
plastique,9
plastron,8
plat,4
plataea,7
platalea,8
plataleidae,11
platan,6
platanaceae,11
platanistidae,13
platanthera,11
platanus,8
plate,5
plateau,7
plateful,8
platelayer,10
platelet,8
platelike,9
platen,6
plater,6
platform,8
plath,5
platichthys,11
plating,7
platinize,9
platinum,8
platitude,9
platitudinal,12
platitudinarian,15
platitudinize,13
platitudinous,13
plato,5
platonic,8
platonism,9
platonist,9
platonistic,11
platoon,7
plattdeutsch,12
platte,6
plattensee,10
platter,7
platy,5
platycephalidae,15
platycerium,11
platyctenea,11
platyctenean,12
platyhelminth,13
platyhelminthes,15
platylobium,11
platymiscium,12
platypoecilus,13
platypus,8
platyrhine,10
platyrhinian,12
platyrrhine,11
platyrrhini,11
platyrrhinian,13
platyrrhinic,12
platysma,8
platystemon,11
plaudit,7
plaudits,8
plausibility,12
plausible,9
plausibleness,13
plausibly,9
plausive,8
plautus,7
plavix,6
play,4
playable,8
playact,7
playacting,10
playactor,9
playback,8
playbill,8
playbook,8
playbox,7
playboy,7
playday,7
played,6
player,6
playfellow,10
playful,7
playfully,9
playfulness,11
playgoer,8
playground,10
playhouse,9
playing,7
playlet,7
playlist,8
playmaker,9
playmate,8
playoff,7
playpen,7
playroom,8
playschool,10
playscript,10
playsuit,8
plaything,9
playtime,8
playwright,10
plaza,5
plea,4
pleach,6
plead,5
pleader,7
pleading,8
pleadingly,10
pleasance,9
pleasant,8
pleasantly,10
pleasantness,12
pleasantry,10
please,6
pleased,7
pleaser,7
pleasing,8
pleasingly,10
pleasingness,12
pleasurable,11
pleasurably,11
pleasure,8
pleat,5
pleating,8
pleb,4
plebe,5
plebeian,8
plebiscite,10
plecoptera,10
plecopteran,11
plecotus,8
plectania,9
plectognath,11
plectognathi,12
plectomycetes,13
plectophera,11
plectorrhiza,12
plectranthus,12
plectron,8
plectrophenax,13
plectrum,8
pledge,6
pledged,7
pledgee,7
pledger,7
pleiades,8
pleione,7
pleiospilos,11
pleistocene,11
plenarily,9
plenary,7
plenipotentiary,15
plenitude,9
plenteous,9
plenteously,11
plenteousness,13
plentiful,9
plentifully,11
plentifulness,13
plentitude,10
plenty,6
plenum,6
pleochroic,10
pleochroism,11
pleomorphic,11
pleomorphism,12
pleonasm,8
pleonaste,9
pleonastic,10
pleopod,7
plesianthropus,14
plesiosaur,10
plesiosauria,12
plesiosaurus,12
plessimeter,11
plessor,7
plethodon,9
plethodont,10
plethodontidae,14
plethora,8
plethoric,9
plethysmograph,14
pleura,6
pleural,7
pleuralgia,10
pleurisy,8
pleurobrachia,13
pleurocarp,10
pleurocarpous,13
pleurodont,10
pleurodynia,11
pleuronectes,12
pleuronectidae,14
pleuropneumonia,15
pleurosorus,11
pleurothallis,13
pleurotus,9
pleven,6
plevna,6
plexiglas,9
plexiglass,10
pleximeter,10
pleximetry,10
plexor,6
plexus,6
pliability,10
pliable,7
pliancy,7
pliant,6
pliantness,10
plica,5
plicate,7
plication,9
plier,5
pliers,6
plight,6
plimsoll,8
plinth,6
pliny,5
pliocene,8
ploce,5
ploceidae,9
ploceus,7
plod,4
plodder,7
plodding,8
ploddingly,10
plonk,5
plop,4
plosion,7
plosive,7
plot,4
plotinus,8
plotted,7
plotter,7
plough,6
ploughboy,9
ploughed,8
ploughing,9
ploughland,10
ploughman,9
ploughshare,11
ploughwright,12
plovdiv,7
plover,6
plow,4
plowboy,7
plowed,6
plower,6
plowing,7
plowland,8
plowman,7
plowshare,9
plowwright,10
ploy,4
pluck,5
plucked,7
pluckily,8
pluckiness,10
plucky,6
plug,4
plugboard,9
plugged,7
plugger,7
plughole,8
plum,4
plumage,7
plumaged,8
plumate,7
plumb,5
plumbable,9
plumbaginaceae,14
plumbaginaceous,15
plumbaginales,13
plumbago,8
plumber,7
plumbery,8
plumbic,7
plumbing,8
plumbism,8
plumbous,8
plumcot,7
plume,5
plumed,6
plumelike,9
plumeria,8
plumiera,8
plumlike,8
plummet,7
plummy,6
plumose,7
plump,5
plumping,8
plumpness,9
plumule,7
plumy,5
plunder,7
plunderage,10
plundered,9
plunderer,9
plundering,10
plunge,6
plunger,7
plunk,5
plunker,7
pluperfect,10
plural,6
pluralisation,13
pluralise,9
pluralism,9
pluralist,9
pluralistic,11
plurality,9
pluralization,13
pluralize,9
plus,4
plush,5
plushy,6
plutarch,8
pluteaceae,10
pluteus,7
pluto,5
plutocracy,10
plutocrat,9
plutocratic,11
plutocratical,13
pluton,6
plutonian,9
plutonic,8
plutonium,9
pluvialis,9
pluvianus,9
pluviometer,11
pluviose,8
plyboard,8
plyer,5
plyers,6
plymouth,8
plywood,7
plzen,5
pneumatic,9
pneumatically,13
pneumatics,10
pneumatophore,13
pneumococcal,12
pneumococcus,12
pneumoconiosis,14
pneumocytosis,13
pneumogastric,13
pneumonectomy,13
pneumonia,9
pneumonic,9
pneumonitis,11
pneumothorax,12
pneumovax,9
poaceae,7
poach,5
poached,7
poacher,7
poaching,8
pocahontas,10
pocatello,9
pochard,7
pock,4
pocked,6
pocket,6
pocketable,10
pocketbook,10
pocketcomb,10
pocketful,9
pocketknife,11
pockmark,8
pockmarked,10
podalgia,8
podalyria,9
podargidae,10
podargus,8
podaxaceae,10
podcast,7
podetium,8
podgy,5
podiatrist,10
podiatry,8
podiceps,8
podicipedidae,13
podilymbus,10
podium,6
podlike,7
podocarp,8
podocarpaceae,13
podocarpus,10
podophyllum,11
podsol,6
podzol,6
poeciliid,9
poeciliidae,11
poecilocapsus,13
poecilogale,11
poem,4
poenology,9
poephila,8
poesy,5
poet,4
poetess,7
poetic,6
poetical,8
poetically,10
poetics,7
poetise,7
poetiser,8
poetize,7
poetizer,8
poetry,6
pogey,5
pogge,5
pogonia,7
pogonion,8
pogonip,7
pogonophora,11
pogonophoran,12
pogostemon,10
pogrom,6
pogy,4
poignance,9
poignancy,9
poignant,8
poignantly,10
poikilotherm,12
poikilothermic,14
poikilothermous,15
poilu,5
poinciana,9
poinsettia,10
point,5
pointed,7
pointedly,9
pointedness,11
pointel,7
pointer,7
pointillism,11
pointillist,11
pointillistic,13
pointless,9
pointlessly,11
pointlessness,13
pointrel,8
pointsman,9
poise,5
poised,6
poison,6
poisonberry,11
poisoner,8
poisoning,9
poisonous,9
poisonously,11
poitier,7
poitiers,8
poitou,6
poivrade,8
poke,4
poker,5
pokeweed,8
pokey,5
poking,6
pokomo,6
poky,4
polack,6
poland,6
polanisia,9
polar,5
polarimeter,11
polaris,7
polarisation,12
polariscope,11
polarise,8
polarity,8
polarization,12
polarize,8
polarographic,13
polarography,12
polaroid,8
polder,6
pole,4
poleax,6
poleaxe,7
polecat,7
polemic,7
polemical,9
polemically,11
polemicise,10
polemicist,10
polemicize,10
polemics,8
polemise,8
polemist,8
polemize,8
polemoniaceae,13
polemoniaceous,14
polemoniales,12
polemonium,10
polenta,7
poler,5
polestar,8
polianthes,10
police,6
policeman,9
policewoman,11
policy,6
policyholder,12
polio,5
poliomyelitis,13
polioptila,10
poliosis,8
poliovirus,10
polish,6
polished,8
polisher,8
polishing,9
polistes,8
politburo,9
polite,6
politely,8
politeness,10
politesse,9
politic,7
political,9
politically,11
politician,10
politicise,10
politicize,10
politick,8
politico,8
politics,8
polity,6
polk,4
polka,5
poll,4
pollachius,10
pollack,7
pollard,7
pollen,6
pollenate,9
pollenation,11
pollex,6
pollinate,9
pollination,11
pollinator,10
pollinium,9
pollinosis,10
polliwog,8
pollock,7
polls,5
pollster,8
pollucite,9
pollutant,9
pollute,7
polluted,8
polluter,8
pollution,9
pollux,6
pollyannaish,12
pollyfish,9
pollywog,8
polo,4
polonaise,9
polonium,8
polony,6
polska,6
poltergeist,11
poltroon,8
poltroonery,11
polyamide,9
polyandrist,11
polyandrous,11
polyandry,9
polyangiaceae,13
polyangium,10
polyanthus,10
polyarteritis,13
polyatomic,10
polyborus,9
polybotria,10
polybotrya,10
polybutene,10
polybutylene,12
polycarp,8
polychaeta,10
polychaete,10
polychete,9
polychromatic,13
polychrome,10
polychromic,11
polychromise,12
polychromize,12
polycillin,10
polycirrus,10
polycrystalline,15
polycythemia,12
polydactyl,10
polydactylous,13
polydactylus,12
polydactyly,11
polydipsia,10
polyelectrolyte,15
polyergus,9
polyester,9
polyestrous,11
polyethylene,12
polyfoam,8
polygala,8
polygalaceae,12
polygamist,10
polygamous,10
polygamy,8
polygene,8
polygenic,9
polyglot,8
polygon,7
polygonaceae,12
polygonal,9
polygonales,11
polygonally,11
polygonatum,11
polygonia,9
polygonum,9
polygraph,9
polygynist,10
polygynous,10
polygyny,8
polyhedral,10
polyhedron,10
polyhidrosis,12
polyhymnia,10
polymastigina,13
polymastigote,13
polymath,8
polymer,7
polymerase,10
polymeric,9
polymerisation,14
polymerise,10
polymerization,14
polymerize,10
polymorph,9
polymorphemic,13
polymorphic,11
polymorphism,12
polymorphous,12
polymox,7
polymyositis,12
polymyxin,9
polynemidae,11
polynesia,9
polynesian,10
polyneuritis,12
polynomial,10
polynya,7
polyodon,8
polyodontidae,13
polyoestrous,12
polyoicous,10
polyoma,7
polyose,7
polyp,5
polypectomy,11
polypedates,11
polypedatidae,13
polypeptide,11
polypetalous,12
polyphase,9
polyphone,9
polyphonic,10
polyphonically,14
polyphonous,11
polyphony,9
polyphosphate,13
polyplacophora,14
polyplacophore,14
polyploid,9
polyploidy,10
polypodiaceae,13
polypodiales,12
polypodium,10
polypody,8
polyporaceae,12
polypore,8
polyporus,9
polyprion,9
polypropene,11
polypropylene,13
polyptoton,10
polypus,7
polysaccharide,14
polysemant,10
polysemantic,12
polysemous,10
polysemy,8
polysomy,8
polystichum,11
polystyrene,11
polysyllabic,12
polysyllable,12
polysyndeton,12
polysynthetic,13
polytechnic,11
polytheism,10
polytheist,10
polytheistic,12
polythene,9
polytonal,9
polytonalism,12
polytonality,12
polyunsaturated,15
polyurethan,11
polyurethane,12
polyuria,8
polyvalence,11
polyvalency,11
polyvalent,10
polyzoa,7
polyzoan,8
pomacanthus,11
pomacentridae,13
pomacentrus,11
pomade,6
pomaded,7
pomaderris,10
pomatomidae,11
pomatomus,9
pomatum,7
pome,4
pomegranate,11
pomelo,6
pomeranian,10
pomfret,7
pommel,6
pommy,5
pomo,4
pomolobus,9
pomologist,10
pomology,8
pomoxis,7
pomp,4
pompadour,9
pompano,7
pompeii,7
pompey,6
pompon,6
pomposity,9
pompous,7
pompously,9
pompousness,11
ponca,5
ponce,5
poncho,6
poncirus,8
pond,4
ponder,6
ponderable,10
ponderer,8
pondering,9
ponderosa,9
ponderosity,11
ponderous,9
ponderously,11
ponderousness,13
pondweed,8
pone,4
pong,4
pongamia,8
pongee,6
pongid,6
pongidae,8
pongo,5
poniard,7
ponka,5
pons,4
ponselle,8
ponstel,7
pontederia,10
pontederiaceae,14
pontiac,7
pontifex,8
pontiff,7
pontifical,10
pontificate,11
pontoon,7
pontos,6
pontus,6
pony,4
ponycart,8
ponytail,8
pooch,5
pood,4
poodle,6
pooecetes,9
poof,4
pool,4
pooler,6
poolroom,8
poon,4
poop,4
poor,4
poorhouse,9
poorly,6
poorness,8
poorwill,8
poove,5
popcorn,7
pope,4
popery,6
popeyed,7
popgun,6
popillia,8
popinjay,8
popish,6
popishly,8
poplar,6
poplin,6
popliteal,9
popover,7
popper,6
poppet,6
popping,7
poppy,5
poppycock,9
popsicle,8
populace,8
popular,7
popularisation,14
popularise,10
populariser,11
popularism,10
popularity,10
popularization,14
popularize,10
popularizer,11
popularly,9
populate,8
populated,9
population,10
populism,8
populist,8
populous,8
populus,7
porbeagle,9
porc,4
porcelain,9
porcelainize,12
porcellio,9
porcellionidae,14
porch,5
porcine,7
porcupine,9
porcupinefish,13
porcupines,10
pore,4
porgy,5
porifera,8
poriferan,9
poriferous,10
pork,4
porkchop,8
porker,6
porkfish,8
porkholt,8
porkpie,7
porn,4
porno,5
pornographer,12
pornographic,12
pornography,11
poronotus,9
poroporo,8
porose,6
porosity,8
porous,6
porousness,10
porphyra,8
porphyria,9
porphyrin,9
porphyrio,9
porphyritic,11
porphyrula,10
porphyry,8
porpoise,8
porridge,8
porringer,9
port,4
porta,5
portability,11
portable,8
portage,7
portal,6
portcullis,10
porte,5
portend,7
portent,7
portentous,10
portentously,12
porter,6
porterage,9
porterhouse,11
portfolio,9
porthole,8
portico,7
porticoed,9
portiere,8
portion,7
portland,8
portly,6
portmanteau,11
porto,5
portrait,8
portraitist,11
portraiture,11
portray,7
portrayal,9
portrayed,9
portrayer,9
portraying,10
portsmouth,10
portugal,8
portuguese,10
portulaca,9
portulacaceae,13
portunidae,10
portunus,8
portwatcher,11
porzana,7
pose,4
posed,5
poseidon,8
poser,5
poseur,6
poseuse,7
posh,4
posing,6
posit,5
position,8
positionable,12
positional,10
positioner,10
positioning,11
positive,8
positively,10
positiveness,12
positivism,10
positivist,10
positivistic,12
positivity,10
positron,8
posology,8
posse,5
posseman,8
possess,7
possessed,9
possession,10
possessive,10
possessively,12
possessiveness,14
possessor,9
posset,6
possibility,11
possible,8
possibleness,12
possibly,8
possum,6
possumwood,10
post,4
postage,7
postal,6
postbag,7
postbiblical,12
postbox,7
postcard,8
postcava,8
postcode,8
postdate,8
postdiluvian,12
postdoc,7
postdoctoral,12
posted,6
poster,6
posterboard,11
posterior,9
posteriority,12
posterity,9
postern,7
postexilic,10
postfix,7
postganglionic,14
postglacial,11
postgraduate,12
posthitis,9
posthole,8
posthouse,9
posthumous,10
posthumously,12
postiche,8
postictal,9
postilion,9
postillion,10
postindustrial,14
posting,7
postlude,8
postman,7
postmark,8
postmaster,10
postmenopausal,14
postmeridian,12
postmillennial,14
postmistress,12
postmodern,10
postmodernism,13
postmodernist,13
postmortal,10
postmortem,10
postnatal,9
postnuptial,11
postoperative,13
postoperatively,15
postpaid,8
postpartum,10
postpone,8
postponement,12
postponer,9
postpose,8
postposition,12
postpositive,12
postprandial,12
postscript,10
postulant,9
postulate,9
postulation,11
postulational,13
postulator,10
postum,6
postural,8
posture,7
posturer,8
posturing,9
postwar,7
posy,4
potable,7
potage,6
potamogale,10
potamogalidae,13
potamogeton,11
potamophis,10
potash,6
potassium,9
potation,8
potato,6
potawatomi,10
potbellied,10
potbelly,8
potboiler,9
potbound,8
potboy,6
poteen,6
potemkin,8
potence,7
potency,7
potent,6
potentate,9
potential,9
potentiality,12
potentially,11
potentiate,10
potentiation,12
potentilla,10
potentiometer,13
potently,8
poterium,8
potful,6
pothead,7
pother,6
potherb,7
potholder,9
pothole,7
potholed,8
potholer,8
pothook,7
pothos,6
pothouse,8
pothunter,9
potion,6
potlatch,8
potluck,7
potman,6
potomac,7
potomania,9
potoroinae,10
potoroo,7
potorous,8
potos,5
potpie,6
potpourri,9
potsdam,7
potsherd,8
potshot,7
pottage,7
potted,6
potter,6
potterer,8
pottery,7
pottle,6
potto,5
potty,5
potyokin,8
pouch,5
pouched,7
pouchlike,9
poudrin,7
pouf,4
pouffe,6
poulenc,7
poulet,6
poulette,8
poulterer,9
poultice,8
poultry,7
poultryman,10
pounce,6
pound,5
poundage,8
poundal,7
pounder,7
pounding,8
pour,4
pourboire,9
pouring,7
poussin,7
pout,4
pouter,6
pouteria,8
poutingly,9
poverty,7
powder,6
powdered,8
powderer,8
powderiness,11
powderise,9
powderize,9
powderpuff,10
powdery,7
powell,6
power,5
powerboat,9
powerbroker,11
powered,7
powerful,8
powerfully,10
powerfulness,12
powerhouse,10
powerless,9
powerlessly,11
powerlessness,13
powerwash,9
powhatan,8
powwow,6
powys,5
poxvirus,8
poyang,6
poyou,5
pozsony,7
pplo,4
practicability,14
practicable,11
practicableness,15
practicably,11
practical,9
practicality,12
practically,11
practice,8
practiced,9
practician,10
practise,8
practised,9
practitioner,12
praenomen,9
praesidium,10
praetor,7
praetorial,10
praetorian,10
praetorium,10
praetorship,11
prag,4
pragmatic,9
pragmatical,11
pragmatically,13
pragmatics,10
pragmatism,10
pragmatist,10
prague,6
praha,5
praia,5
prairial,8
prairie,7
praise,6
praiseful,9
praiseworthily,14
praiseworthy,12
praising,8
praisworthiness,15
prajapati,9
prakrit,7
prakritic,9
praline,7
pram,4
prance,6
prancer,7
prandial,8
prang,5
prank,5
prankish,8
prankishness,12
prankster,9
praseodymium,12
prat,4
prate,5
prater,6
pratfall,8
pratincole,10
prattle,7
prattler,8
praunus,7
pravachol,9
pravastatin,11
prawn,5
praxis,6
praxiteles,10
pray,4
praya,5
prayer,6
prayerbook,10
prayerful,9
prazosin,8
preach,6
preacher,8
preachification,15
preachify,9
preaching,9
preachment,10
preachy,7
preadolescent,13
preakness,9
preamble,8
preanal,7
prearrange,10
prearrangement,14
preassemble,11
prebend,7
prebendary,10
precambrian,11
precancerous,12
precarious,10
precariously,12
precariousness,14
precast,7
precative,9
precatory,9
precaution,10
precautional,12
precautionary,13
precava,7
precede,7
precedence,10
precedency,10
precedent,9
precedented,11
precedentedly,13
precedential,12
preceding,9
precentor,9
precentorship,13
precept,7
preceptor,9
preceptorship,13
precess,7
precession,10
prechlorination,15
precinct,8
preciosity,10
precious,8
preciously,10
preciousness,12
precipice,9
precipitance,12
precipitancy,12
precipitant,11
precipitate,11
precipitately,13
precipitateness,15
precipitating,13
precipitation,13
precipitator,12
precipitin,10
precipitous,11
precipitously,13
precipitousness,15
precis,6
precise,7
precisely,9
preciseness,11
precision,9
preclinical,11
preclude,8
preclusion,10
preclusive,10
precocial,9
precocious,10
precociously,12
precociousness,14
precocity,9
precognition,12
precognitive,12
preconceive,11
preconceived,12
preconception,13
preconcerted,12
precondition,12
preconditioned,14
precook,7
precooked,9
precooled,9
precordial,10
precordium,10
precursor,9
precursory,10
predaceous,10
predacious,10
predate,7
predation,9
predator,8
predatory,9
predecease,10
predecessor,11
predestinarian,14
predestinate,12
predestination,14
predestine,10
predestined,11
predetermine,12
predetermined,13
predicament,11
predicate,9
predication,11
predicative,11
predicatively,13
predicator,10
predict,7
predictability,14
predictable,11
predictably,11
prediction,10
predictive,10
predictor,9
predigest,9
predigested,11
predilection,12
predispose,10
predisposed,11
predisposition,14
prednisolone,12
prednisone,10
predominance,12
predominant,11
predominantly,13
predominate,11
predomination,13
preeclampsia,12
preemie,7
preeminence,11
preeminent,10
preeminently,12
preempt,7
preemption,10
preemptive,10
preemptor,9
preen,5
preexist,8
preexistence,12
preexistent,11
preexisting,11
prefab,6
prefabricate,12
prefabrication,14
preface,7
prefaded,8
prefatorial,11
prefatory,9
prefect,7
prefectural,11
prefecture,10
prefer,6
preferable,10
preferably,10
preference,10
preferent,9
preferential,12
preferentially,14
preferment,10
preferred,9
prefiguration,13
prefigurative,13
prefigure,9
prefix,6
prefixation,11
preform,7
preformation,12
prefrontal,10
pregnancy,9
pregnanediol,12
pregnant,8
preheat,7
prehend,7
prehensile,10
prehension,10
prehensor,9
prehistoric,11
prehistorical,13
prehistory,10
preindication,13
preisolate,10
prejudge,8
prejudgement,12
prejudgment,11
prejudice,9
prejudiced,10
prejudicial,11
prejudicious,12
prelacy,7
prelapsarian,12
prelate,7
prelature,9
prelim,6
preliminary,11
prelims,7
preliterate,11
prelone,7
prelude,7
premarital,10
premature,9
prematurely,11
prematureness,13
prematurity,11
premedical,10
premeditate,11
premeditated,12
premeditation,13
premenopausal,13
premenstrual,12
premie,6
premier,7
premiere,8
premiership,11
premise,7
premises,8
premiss,7
premium,7
premix,6
premolar,8
premonition,11
premonitory,11
prenanthes,10
prenatal,8
prenominal,10
prentice,8
prenuptial,10
preoccupancy,12
preoccupation,13
preoccupied,11
preoccupy,9
preoperative,12
preordain,9
preordination,13
prep,4
prepackaged,11
prepacked,9
prepaid,7
preparation,11
preparative,11
preparatory,11
prepare,7
prepared,8
preparedness,12
prepay,6
prepayment,10
preponderance,13
preponderant,12
preponderantly,14
preponderate,12
preponderating,14
prepose,7
preposition,11
prepositional,13
prepositionally,15
prepossess,10
prepossessing,13
prepossession,13
preposterous,12
preposterously,14
prepotency,10
preprandial,11
prepubertal,11
prepuberty,10
prepubescent,12
prepuce,7
prepupal,8
prerecord,9
prerecorded,11
prerequisite,12
prerogative,11
presage,7
presbyope,9
presbyopia,10
presbyopic,10
presbyter,9
presbyterian,12
presbyterianism,15
presbytery,10
presbytes,9
preschool,9
preschooler,11
prescience,10
prescient,9
presciently,11
prescott,8
prescribe,9
prescribed,10
prescript,9
prescription,12
prescriptive,12
prescriptivism,14
preseason,9
presence,8
present,7
presentable,11
presentably,11
presentation,12
presentational,14
presenter,9
presentiment,12
presentism,10
presentist,10
presently,9
presentment,11
presentness,11
preservable,11
preservation,12
preservationist,15
preservative,12
preserve,8
preserved,9
preserver,9
preserves,9
preset,6
preside,7
presidency,10
president,9
presidential,12
presidentially,14
presidentship,13
presidio,8
presidium,9
presley,7
presocratic,11
press,5
pressburg,9
pressed,7
pressing,8
pressingly,10
pressman,8
pressmark,9
pressor,7
pressure,8
pressurise,10
pressurize,10
prestidigitator,15
prestige,8
prestigious,11
prestigiousness,15
prestissimo,11
presto,6
presumable,10
presumably,10
presume,7
presumption,11
presumptive,11
presumptively,13
presumptuous,12
presumptuously,14
presuppose,10
presupposition,14
presymptomatic,14
preteen,7
preteenager,11
pretence,8
pretend,7
pretended,9
pretender,9
pretending,10
pretense,8
pretension,10
pretentious,11
pretentiously,13
pretentiousness,15
preterist,9
preterit,8
preterite,9
preterition,11
pretermission,13
pretermit,9
preternatural,13
preternaturally,15
pretext,7
pretor,6
pretoria,8
pretorial,9
pretorian,9
pretorium,9
pretrial,8
prettify,8
prettily,8
prettiness,10
pretty,6
pretzel,7
preussen,8
prevacid,8
prevail,7
prevailing,10
prevalence,10
prevalent,9
prevaricate,11
prevarication,13
prevaricator,12
prevenient,10
prevent,7
preventable,11
preventative,12
prevention,10
preventive,10
preview,7
previous,8
previously,10
previse,7
prevision,9
prevue,6
prewar,6
prexy,5
prey,4
priacanthidae,13
priacanthus,11
priam,5
priapic,7
priapism,8
priapus,7
price,5
priceless,9
pricelessness,13
pricey,6
pricing,7
prick,5
pricker,7
pricket,7
pricking,8
prickle,7
prickleback,11
prickliness,11
prickling,9
prickly,7
prickteaser,11
pricy,5
pride,5
prideful,8
pridefulness,12
priest,6
priestcraft,11
priestess,9
priesthood,10
priestley,9
priestlike,10
priestly,8
prig,4
priggish,8
priggishly,10
priggishness,12
prilosec,8
prim,4
prima,5
primacy,7
primaeval,9
primal,6
primality,9
primaquine,10
primarily,9
primary,7
primate,7
primates,8
primateship,11
primatology,11
primaxin,8
prime,5
primed,6
primer,6
primeval,8
primidone,9
primigravida,12
priming,7
primipara,9
primiparous,11
primitive,9
primitively,11
primitiveness,13
primitivism,11
primly,6
primness,8
primo,5
primogenitor,12
primogeniture,13
primordial,10
primordium,10
primp,5
primping,8
primrose,8
primula,7
primulaceae,11
primulales,10
primus,6
prince,6
princedom,9
princeling,10
princely,8
princess,8
princeton,9
princewood,10
principal,9
principality,12
principally,11
principalship,13
principe,8
principen,9
principle,9
principled,10
prinia,6
prinival,8
prink,5
print,5
printable,9
printer,7
printing,8
printmaker,10
printmaking,11
printout,8
priodontes,10
prion,5
prionace,8
prionotus,9
prior,5
prioress,8
prioritise,10
prioritize,10
priority,8
priorship,9
priory,6
priscoan,8
prise,5
prism,5
prismatic,9
prismatoid,10
prismoid,8
prison,6
prisonbreak,11
prisoner,8
prisonlike,10
prissily,8
prissy,6
pristidae,9
pristine,8
pristis,7
pritzelago,10
privacy,7
private,7
privateer,9
privateersman,13
privately,9
privateness,11
privates,8
privation,9
privatisation,13
privatise,9
privatization,13
privatize,9
privet,6
privilege,9
privileged,10
privily,7
privine,7
privy,5
prize,5
prizefight,10
prizefighter,12
prizewinning,12
proaccelerin,12
proactive,9
probabilism,11
probabilistic,13
probability,11
probable,8
probably,8
probate,7
probation,9
probationary,12
probationer,11
probative,9
probatory,9
probe,5
probenecid,10
probing,7
probiotic,9
probity,7
problem,7
problematic,11
problematical,13
problematically,15
proboscidea,11
proboscidean,12
proboscidian,12
proboscis,9
procaine,8
procarbazine,12
procardia,9
procaryote,10
procaryotic,11
procavia,8
procaviidae,11
procedural,10
procedure,9
proceed,7
proceeding,10
proceedings,11
proceeds,8
procellaria,11
procellariidae,14
process,7
processed,9
processing,10
procession,10
processional,12
processor,9
prociphilus,11
proclaim,8
proclaimed,10
proclamation,12
proclivity,10
procnias,8
proconsul,9
proconsular,11
proconsulate,12
proconsulship,13
proconvertin,12
procrastinate,13
procrastination,15
procrastinator,14
procreate,9
procreation,11
procreative,11
procrustean,11
procrustes,10
proctalgia,10
proctitis,9
proctocele,10
proctologist,12
proctology,10
proctoplasty,12
proctor,7
proctorship,11
proctoscope,11
proctoscopy,11
procumbent,10
procurable,10
procural,8
procurance,10
procurator,10
procure,7
procurement,11
procurer,8
procuress,9
procyclidine,12
procyon,7
procyonid,9
procyonidae,11
prod,4
prodding,8
prodigal,8
prodigality,11
prodigally,10
prodigious,10
prodigiously,12
prodigy,7
prodroma,8
prodromal,9
prodrome,8
prodromic,9
produce,7
producer,8
product,7
production,10
productive,10
productively,12
productiveness,14
productivity,12
proenzyme,9
prof,4
profanation,11
profanatory,11
profane,7
profaned,8
profanely,9
profaneness,11
profanity,9
profess,7
professed,9
professedly,11
professing,10
profession,10
professional,12
professionalise,15
professionalism,15
professionalize,15
professionally,14
professor,9
professorial,12
professorially,14
professorship,13
proffer,7
proficiency,11
proficient,10
proficiently,12
profile,7
profiling,9
profit,6
profitability,13
profitable,10
profitableness,14
profitably,10
profiteer,9
profiterole,11
profitless,10
profitlessly,12
profits,7
profligacy,10
profligate,10
profligately,12
profound,8
profoundly,10
profoundness,12
profundity,10
profuse,7
profusely,9
profuseness,11
profusion,9
progenitor,10
progeny,7
progeria,8
progestational,14
progesterone,12
progestin,9
progestogen,11
prognathic,10
prognathism,11
prognathous,11
progne,6
prognosis,9
prognostic,10
prognosticate,13
prognostication,15
prognosticative,15
prognosticator,14
program,7
programing,10
programma,9
programme,9
programmer,10
programming,11
progress,8
progression,11
progressive,11
progressively,13
progressiveness,15
progressivism,13
progressivity,13
progymnosperm,13
prohibit,8
prohibited,10
prohibition,11
prohibitionist,14
prohibitive,11
prohibitively,13
prohibitory,11
proinflammatory,15
project,7
projected,9
projectile,10
projecting,10
projection,10
projectionist,13
projector,9
prokaryote,10
prokaryotic,11
prokayotae,10
prokhorov,9
prokofiev,9
prolactin,9
prolamine,9
prolapse,8
prolapsus,9
prolate,7
prole,5
prolegomenon,12
prolepsis,9
proletarian,11
proletariat,11
proliferate,11
proliferation,13
prolific,8
prolificacy,11
proline,7
prolix,6
prolixity,9
prolixness,10
prolog,6
prologise,9
prologize,9
prologue,8
prologuize,10
prolong,7
prolongation,12
prolonge,8
prolonged,9
prolusion,9
prolusory,9
prom,4
promenade,9
promethazine,12
prometheus,10
promethium,10
prominence,10
prominent,9
prominently,11
promiscuity,11
promiscuous,11
promiscuously,13
promiscuousness,15
promise,7
promisee,8
promiser,8
promising,9
promisingly,11
promisor,8
promissory,10
promontory,10
promote,7
promoter,8
promotion,9
promotional,11
promotive,9
prompt,6
promptbook,10
prompter,8
prompting,9
promptitude,11
promptly,8
promptness,10
promulgate,10
promulgated,11
promulgation,12
promulgator,11
promycelium,11
pronate,7
pronation,9
pronator,8
prone,5
proneness,9
prong,5
prongbuck,9
pronged,7
pronghorn,9
prongy,6
pronk,5
pronominal,10
pronoun,7
pronounce,9
pronounceable,13
pronounced,10
pronouncement,13
pronto,6
pronucleus,10
pronunciamento,14
pronunciation,13
proof,5
proofed,7
proofread,9
proofreader,11
prop,4
propaedeutic,12
propaedeutics,13
propaganda,10
propagandise,12
propagandist,12
propagandistic,14
propagandize,12
propagate,9
propagation,11
propagative,11
propagator,10
propanal,8
propanamide,11
propane,7
propanediol,11
propanol,8
propanolol,10
propanone,9
proparoxytone,13
propel,6
propellant,10
propellent,10
propeller,9
propelling,10
propellor,9
propenal,8
propene,7
propenoate,10
propenonitrile,14
propensity,10
proper,6
properly,8
properness,10
propertied,10
property,8
propertyless,12
prophase,8
prophecy,8
prophesier,10
prophesy,8
prophet,7
prophetess,10
prophetic,9
prophetical,11
prophetically,13
prophets,8
prophylactic,12
prophylaxis,11
prophyll,8
propinquity,11
propionaldehyde,15
propitiate,10
propitiation,12
propitiative,12
propitiatory,12
propitious,10
propitiously,12
propitiousness,14
propjet,7
propman,7
proponent,9
proportion,10
proportionable,14
proportional,12
proportionality,15
proportionally,14
proportionate,13
proportionately,15
proposal,8
propose,7
proposer,8
proposition,11
propositus,10
propound,8
propoxyphene,12
proprietary,11
proprietor,10
proprietorship,14
proprietress,12
propriety,9
proprioception,14
proprioceptive,14
proprioceptor,13
proprionamide,13
props,5
propulsion,10
propulsive,10
propyl,6
propylene,9
prorate,7
proration,9
prorogation,11
prorogue,8
prosaic,7
prosaically,11
prosaicness,11
prosauropoda,12
proscenium,10
prosciutto,10
proscribe,9
proscribed,10
proscription,12
prose,5
prosecute,9
prosecution,11
prosecutor,10
proselyte,9
proselytise,11
proselytism,11
proselytize,11
prosencephalon,14
proserpina,10
proserpine,10
prosily,7
prosimian,9
prosimii,8
prosiness,9
prosodic,8
prosodion,9
prosody,7
prosom,6
prosopis,8
prosopium,9
prosopopoeia,12
prospect,8
prospective,11
prospector,10
prospectus,10
prosper,7
prospering,10
prosperity,10
prosperous,10
prosperously,12
prospicience,12
prospicient,11
prostaglandin,13
prostate,8
prostatectomy,13
prostatic,9
prostatitis,11
prostheon,9
prosthesis,10
prosthetic,10
prosthetics,11
prosthetist,11
prosthion,9
prosthodontia,13
prosthodontic,13
prosthodontics,14
prosthodontist,14
prostigmin,10
prostitute,10
prostitution,12
prostrate,9
prostration,11
prostyle,8
prosy,5
protactinium,12
protagonism,11
protagonist,11
protamine,9
protanopia,10
protanopic,10
protea,6
proteaceae,10
proteales,9
protean,7
protease,8
protect,7
protected,9
protecting,10
protection,10
protectionism,13
protectionist,13
protective,10
protectively,12
protectiveness,14
protector,9
protectorate,12
protectorship,13
protege,7
protegee,8
proteidae,9
protein,7
proteinaceous,13
proteinase,10
proteinuria,11
proteles,8
proteolysis,11
proteolytic,11
proteome,8
proteomics,10
proteosome,10
proterochampsa,14
proterozoic,11
protest,7
protestant,10
protestantism,13
protestation,12
protester,9
proteus,7
prothalamion,12
prothalamium,12
prothorax,9
prothrombin,11
prothrombinase,14
protirelin,10
protist,7
protista,8
protistan,9
protium,7
proto,5
protoactinium,13
protoarcheology,15
protoavis,9
protoceratops,13
protocol,8
protoctist,10
protoctista,11
protogeometric,14
protoheme,9
protohemin,10
protohippus,11
protohistory,12
protology,9
protomammal,11
proton,6
protoplasm,10
protoplast,10
prototheria,11
prototherian,12
prototypal,10
prototype,9
prototypic,10
prototypical,12
protozoa,8
protozoal,9
protozoan,9
protozoic,9
protozoological,15
protozoologist,14
protozoology,12
protozoon,9
protract,8
protracted,10
protractedly,12
protractible,12
protractile,11
protraction,11
protractor,10
protriptyline,13
protropin,9
protrude,8
protruding,10
protrusible,11
protrusile,10
protrusion,10
protrusive,10
protuberance,12
protuberant,11
protuberate,11
protura,7
proturan,8
proud,5
proudhon,8
proudly,7
proust,6
proustian,9
provability,11
provable,8
provably,8
prove,5
proved,6
proven,6
provenance,10
provencal,9
provence,8
provender,9
provenience,11
proventil,9
provera,7
proverb,7
proverbial,10
proverbially,12
proverbs,8
provide,7
providence,10
provident,9
providential,12
providentially,14
providently,11
provider,8
province,8
provincial,10
provincialism,13
provincially,12
provirus,8
provision,9
provisional,11
provisionally,13
provisionary,12
provisioner,11
provisions,10
proviso,7
provisory,9
provitamin,10
provo,5
provocateur,11
provocation,11
provocative,11
provocatively,13
provoke,7
provoked,8
provoker,8
provoking,9
provokingly,11
provos,6
provost,7
prow,4
prowess,7
prowl,5
prowler,7
prox,4
proxemics,9
proxima,7
proximal,8
proximate,9
proximity,9
proximo,7
proxy,5
prozac,6
prude,5
prudence,8
prudent,7
prudential,10
prudently,9
prudery,7
prudish,7
prudishly,9
prudishness,11
prumnopitys,11
prune,5
prunella,8
prunellidae,11
pruner,6
pruning,7
pruno,5
prunus,6
prurience,9
pruriency,9
prurient,8
pruriently,10
prurigo,7
pruritus,8
prussia,7
prussian,8
prying,6
pryingly,8
psalm,5
psalmist,8
psalmody,8
psalms,6
psalter,7
psalterium,10
psaltery,8
psaltriparus,12
psammoma,8
psenes,6
psephologist,12
psephology,10
psephurus,9
psetta,6
psettichthys,12
pseud,5
pseudacris,10
pseudaletia,11
pseudechis,10
pseudemys,9
pseudepigrapha,14
pseudo,6
pseudobombax,12
pseudobulb,10
pseudocarp,10
pseudococcidae,14
pseudococcus,12
pseudocolus,11
pseudocyesis,12
pseudoephedrine,15
pseudolarix,11
pseudomonad,11
pseudomonadales,15
pseudomonas,11
pseudonym,9
pseudonymous,12
pseudophloem,12
pseudopod,9
pseudopodium,12
pseudoprostyle,14
pseudorubella,13
pseudoryx,9
pseudoscience,13
pseudoscorpion,14
pseudosmallpox,14
pseudotaxus,11
pseudotsuga,11
pseudovariola,13
pseudowintera,13
psidium,7
psilocin,8
psilocybin,10
psilomelane,11
psilophytaceae,14
psilophytales,13
psilophyte,10
psilophyton,11
psilopsida,10
psilosis,8
psilotaceae,11
psilotales,10
psilotatae,10
psilotum,8
psithyrus,9
psittacidae,11
psittaciformes,14
psittacosaur,12
psittacosaurus,14
psittacosis,11
psittacula,10
psittacus,9
psoas,5
psocid,6
psocidae,8
psocoptera,10
psophia,7
psophiidae,10
psophocarpus,12
psoralea,8
psoriasis,9
psyche,6
psychedelia,11
psychedelic,11
psychiatric,11
psychiatrical,13
psychiatrist,12
psychiatry,10
psychic,7
psychical,9
psychically,11
psycho,6
psychoactive,12
psychoanalyse,13
psychoanalysis,14
psychoanalyst,13
psychoanalytic,14
psychoanalyze,13
psychobabble,12
psychodid,9
psychodidae,11
psychodynamics,14
psychogenesis,13
psychogenetic,13
psychogenic,11
psychokinesis,13
psychokinetic,13
psycholinguist,14
psychological,13
psychologically,15
psychologist,12
psychology,10
psychometric,12
psychometrics,13
psychometrika,13
psychometry,11
psychomotor,11
psychoneurosis,14
psychoneurotic,14
psychonomics,12
psychopath,10
psychopathic,12
psychopathology,15
psychopathy,11
psychophysicist,15
psychophysics,13
psychopomp,10
psychopsis,10
psychosexual,12
psychosexuality,15
psychosis,9
psychosomatic,13
psychosurgery,13
psychotherapist,15
psychotherapy,13
psychotic,9
psychotria,10
psychotropic,12
psychrometer,12
psylla,6
psyllid,7
psyllidae,9
psyllium,8
psyop,5
ptah,4
ptarmigan,9
pteretis,8
pteridaceae,11
pteridium,9
pteridological,14
pteridologist,13
pteridology,11
pteridophyta,12
pteridophyte,12
pteridosperm,12
pteridospermae,14
pteriidae,9
pterion,7
pteris,6
pternohyla,10
pterocarpus,11
pterocarya,10
pterocles,9
pteroclididae,13
pterocnemia,11
pterodactyl,11
pterodactylidae,15
pterodactylus,13
pterois,7
pteropogon,10
pteropsida,10
pteropus,8
pterosaur,9
pterosauria,11
pterospermum,12
pterostylis,11
pterygium,9
ptilocercus,11
ptilocrinus,11
ptilonorhynchus,15
ptloris,7
ptolemaic,9
ptolemy,7
ptomain,7
ptomaine,8
ptosis,6
ptsd,4
ptyalin,7
ptyalise,8
ptyalism,8
ptyalith,8
ptyalize,8
ptyas,5
ptychozoon,10
pubertal,8
puberty,7
puberulent,10
pubes,5
pubescence,10
pubescent,9
pubic,5
pubis,5
public,6
publically,10
publican,8
publication,11
publicise,9
publicised,10
publiciser,10
publicist,9
publicity,9
publicize,9
publicized,10
publicizer,10
publicizing,11
publicly,8
publish,7
publishable,11
published,9
publisher,9
publishing,10
puccini,7
puccinia,8
pucciniaceae,12
puccoon,7
puce,4
puck,4
pucka,5
pucker,6
puckerbush,10
puckish,7
puckishly,9
puckishness,11
pudding,7
puddingheaded,13
puddingwife,11
puddle,6
puddler,7
pudendal,8
pudendum,8
pudge,5
pudginess,9
pudgy,5
puebla,6
pueblo,6
pueraria,8
puerile,7
puerility,9
puerpera,8
puerperal,9
puerperium,10
puff,4
puffball,8
puffbird,8
puffed,6
puffer,6
pufferfish,10
puffery,7
puffin,6
puffiness,9
puffing,7
puffinus,8
puffy,5
pugilism,8
pugilist,8
pugilistic,10
pugin,5
puglia,6
pugnacious,10
pugnaciously,12
pugnacity,9
puissance,9
puissant,8
pujunan,7
puka,4
puke,4
puking,6
pukka,5
puku,4
pula,4
pulasan,7
pulassan,8
pulchritude,11
pulchritudinous,15
pule,4
pulex,5
pulicaria,9
pulicidae,9
pulitzer,8
pull,4
pullback,8
puller,6
pullet,6
pulley,6
pulling,7
pullman,7
pullout,7
pullover,8
pullulate,9
pullulation,11
pulmonary,9
pulmonata,9
pulmonic,8
pulp,4
pulpiness,9
pulpit,6
pulpwood,8
pulpy,5
pulque,6
pulsar,6
pulsate,7
pulsatilla,10
pulsation,9
pulse,5
pulseless,9
pulsing,7
pulverisation,13
pulverise,9
pulverised,10
pulverization,13
pulverize,9
pulverized,10
puma,4
pumice,6
pummel,6
pummelo,7
pump,4
pumped,6
pumpernickel,12
pumpkin,7
pumpkinseed,11
punch,5
punchayet,9
punchball,9
punchboard,10
puncher,7
punctilio,9
punctilious,11
punctiliously,13
punctiliousness,15
punctual,8
punctuality,11
punctually,10
punctuate,9
punctuation,11
punctum,7
puncturable,11
puncture,8
punctured,9
punctureless,12
pundit,6
pung,4
pungapung,9
pungency,8
pungent,7
pungently,9
punic,5
punica,6
punicaceae,10
punily,6
puniness,8
punish,6
punishable,10
punished,8
punishing,9
punishingly,11
punishment,10
punitive,8
punitively,10
punitorily,10
punitory,8
punjab,6
punjabi,7
punk,4
punkah,6
punkey,6
punkie,6
punks,5
punky,5
punnet,6
punning,7
punster,7
punt,4
punter,6
punting,7
puny,4
pupa,4
pupal,5
pupate,6
pupil,5
pupillary,9
puppet,6
puppeteer,9
puppetry,8
puppis,6
puppy,5
puppyish,8
puppylike,9
purace,6
purana,6
puranic,7
purau,5
purblind,8
purcell,7
purchasable,11
purchase,8
purchaser,9
purchasing,10
purdah,6
pure,4
pureblood,9
pureblooded,11
purebred,8
puree,5
purely,6
pureness,8
purgation,9
purgative,9
purgatorial,11
purgatory,9
purge,5
purging,7
purification,12
purifier,8
purify,6
purifying,9
purim,5
purine,6
purinethol,10
purism,6
purist,6
puritan,7
puritanic,9
puritanical,11
puritanically,13
puritanism,10
purity,6
purkinje,8
purl,4
purlieu,7
purloin,7
purloo,6
purple,6
purpleness,10
purplish,8
purport,7
purportedly,11
purpose,7
purposeful,10
purposefully,12
purposefulness,14
purposeless,11
purposelessly,13
purposelessness,15
purposely,9
purposive,9
purpura,7
purpurate,9
purr,4
purse,5
purser,6
purslane,8
pursual,7
pursuance,9
pursuant,8
pursue,6
pursued,7
pursuer,7
pursuing,8
pursuit,7
pursy,5
purulence,9
purulency,9
purulent,8
purus,5
purvey,6
purveyance,10
purveyor,8
purview,7
pusan,5
pusey,5
puseyism,8
push,4
pushan,6
pushball,8
pushcart,8
pushchair,9
pusher,6
pushful,7
pushiness,9
pushing,7
pushkin,7
pushover,8
pushpin,7
pushtun,7
pushup,6
pushy,5
pusillanimity,13
pusillanimous,13
pusillanimously,15
puss,4
pussley,7
pussly,6
pussy,5
pussycat,8
pussyfoot,9
pussytoes,9
pustulate,9
pustule,7
putamen,7
putative,8
putdownable,11
putin,5
putoff,6
putout,6
putrajaya,9
putrefacient,12
putrefaction,12
putrefactive,12
putrefiable,11
putrefy,7
putrescence,11
putrescent,10
putrescible,11
putrescine,10
putrid,6
putridity,9
putridness,10
putsch,6
putt,4
puttee,6
putter,6
putterer,8
putting,7
putty,5
puttyroot,9
putz,4
puzzle,6
puzzled,7
puzzlement,10
puzzler,7
puzzling,8
pyaemia,7
pyaemic,7
pycnanthemum,12
pycnidium,9
pycnodysostosis,15
pycnogonid,10
pycnogonida,11
pycnosis,8
pycnotic,8
pydna,5
pyelitis,8
pyelogram,9
pyelography,11
pyelonephritis,14
pyemia,6
pyemic,6
pygmalion,9
pygmy,5
pygopodidae,11
pygopus,7
pygoscelis,10
pyinma,6
pyjama,6
pyknic,6
pyknosis,8
pyknotic,8
pyle,4
pylodictus,10
pylon,5
pyloric,7
pylorus,7
pynchon,7
pyocyanase,10
pyocyanin,9
pyogenic,8
pyongyang,9
pyorrhea,8
pyorrhoea,9
pyracanth,9
pyracantha,10
pyralid,7
pyralidae,9
pyralididae,11
pyralis,7
pyramid,7
pyramidal,9
pyramidic,9
pyramidical,11
pyramidically,13
pyramiding,10
pyrausta,8
pyre,4
pyrectic,8
pyrene,6
pyrenees,8
pyrenomycetes,13
pyrethrum,9
pyretic,7
pyrex,5
pyrexia,7
pyridine,8
pyridium,8
pyridoxal,9
pyridoxamine,12
pyridoxine,10
pyrilamine,10
pyrimidine,10
pyrite,6
pyrites,7
pyrocellulose,13
pyrocephalus,12
pyrochemical,12
pyrochemistry,13
pyroelectric,12
pyroelectrical,14
pyroelectricity,15
pyrogallic,10
pyrogallol,10
pyrogen,7
pyrogenetic,11
pyrogenic,9
pyrogenous,10
pyrograph,9
pyrographer,11
pyrographic,11
pyrography,10
pyrola,6
pyrolaceae,10
pyrolatry,9
pyroligneous,12
pyrolignic,10
pyrolusite,10
pyrolysis,9
pyrolytic,9
pyromancer,10
pyromancy,9
pyromania,9
pyromaniac,10
pyrometer,9
pyromorphite,12
pyrope,6
pyrophobia,10
pyrophorus,10
pyrophosphate,13
pyrophyllite,12
pyroscope,9
pyrosis,7
pyrostat,8
pyrotechnic,11
pyrotechnical,13
pyrotechnics,12
pyrotechny,10
pyroxene,8
pyroxylin,9
pyroxyline,10
pyrrhic,7
pyrrhocoridae,13
pyrrhotine,10
pyrrhotite,10
pyrrhula,8
pyrrhuloxia,11
pyrrhus,7
pyrrophyta,10
pyrrosia,8
pyrularia,9
pyrus,5
pythagoras,10
pythagorean,11
pythia,6
pythiaceae,10
pythias,7
pythium,7
pythius,7
python,6
pythoness,9
pythonidae,10
pythoninae,10
pyuria,6
pyxidanthera,12
pyxidium,8
pyxie,5
pyxis,5
qabala,6
qabalah,7
qabalistic,10
qabbala,7
qabbalah,8
qaddafi,7
qadhafi,7
qadi,4
qaeda,5
qandahar,8
qatar,5
qatari,6
qepiq,5
qiang,5
qiangic,7
qibla,5
qindarka,8
qing,4
qintar,6
qoph,4
quaalude,8
quack,5
quackery,8
quackgrass,10
quad,4
quadragesima,12
quadrangle,10
quadrangular,12
quadrant,8
quadrantanopia,14
quadraphonic,12
quadraphony,11
quadrasonic,11
quadrate,8
quadratic,9
quadratics,10
quadrature,10
quadrennium,11
quadric,7
quadriceps,10
quadrilateral,13
quadrille,9
quadrillion,11
quadrillionth,13
quadripara,10
quadripartite,13
quadriphonic,12
quadriplegia,12
quadriplegic,12
quadrisonic,11
quadrivium,10
quadroon,8
quadrumvirate,13
quadruped,9
quadrupedal,11
quadruple,9
quadruplet,10
quadruplex,10
quadruplicate,13
quadrupling,11
quaestor,8
quaff,5
quaffer,7
quag,4
quagga,6
quaggy,6
quagmire,8
quahaug,7
quahog,6
quail,5
quaint,6
quaintly,8
quaintness,10
quake,5
quaker,6
quakerism,9
quakers,7
qualification,13
qualified,9
qualifier,9
qualify,7
qualifying,10
qualitative,11
qualitatively,13
quality,7
qualm,5
quamash,7
quamassia,9
quandang,8
quandary,8
quandong,8
quango,6
quantal,7
quantic,7
quantifiability,15
quantifiable,12
quantification,14
quantifier,10
quantify,8
quantisation,12
quantise,8
quantitative,12
quantitatively,14
quantity,8
quantization,12
quantize,8
quantized,9
quantong,8
quantum,7
quaoar,6
quapaw,6
quarantine,10
quarantined,11
quark,5
quarrel,7
quarreler,9
quarreller,10
quarrelsome,11
quarrelsomeness,15
quarrier,8
quarry,6
quarrying,9
quarryman,9
quart,5
quartan,7
quarter,7
quarterback,11
quarterdeck,11
quarterfinal,12
quartering,10
quarterlight,12
quarterly,9
quartermaster,13
quartern,8
quarters,8
quarterstaff,12
quartervine,11
quartet,7
quartette,9
quartic,7
quartile,8
quarto,6
quartz,6
quartzite,9
quartzose,9
quasar,6
quash,5
quasi,5
quasiparticle,13
quassia,7
quat,4
quatercentenary,15
quatern,7
quaternary,10
quaternate,10
quaternion,10
quaternity,10
quatrain,8
quattrocento,12
quaver,6
quavering,9
quaveringly,11
quay,4
quayage,7
queasily,8
queasiness,10
queasy,6
quebec,6
quebecois,9
quechua,7
quechuan,8
queen,5
queenfish,9
queenlike,9
queenly,7
queens,6
queensland,10
queer,5
queerly,7
queerness,9
quell,5
quelled,7
quelling,8
quellung,8
quench,6
quenched,8
quenching,9
quenchless,10
quercitron,10
quercus,7
querier,7
quern,5
querulous,9
querulously,11
querulousness,13
query,5
quesadilla,10
quest,5
quester,7
question,8
questionable,12
questionably,12
questioner,10
questioning,11
questioningly,13
questionnaire,13
quetch,6
quetzal,7
quetzalcoatl,12
queue,5
quiaquia,8
quibble,7
quibbler,8
quiche,6
quick,5
quicken,7
quickener,9
quickening,10
quicker,7
quickest,8
quickie,7
quicklime,9
quickly,7
quickness,9
quicksand,9
quickset,8
quicksilver,11
quickstep,9
quicky,6
quid,4
quiddity,8
quidnunc,8
quiesce,7
quiescence,10
quiescency,10
quiescent,9
quiet,5
quieten,7
quietism,8
quietist,8
quietly,7
quietness,9
quietude,8
quietus,7
quiff,5
quill,5
quillwort,9
quilt,5
quilted,7
quilting,8
quin,4
quinacrine,10
quince,6
quincentenary,13
quincentennial,14
quincy,6
quine,5
quinidex,8
quinidine,9
quinine,7
quinone,7
quinora,7
quinquagesima,13
quinquefoliate,14
quinquennium,12
quinsy,6
quint,5
quintal,7
quintessence,12
quintessential,14
quintet,7
quintette,9
quintillion,11
quintillionth,13
quintipara,10
quintuple,9
quintuplet,10
quintupling,11
quip,4
quipu,5
quira,5
quire,5
quirk,5
quirkiness,10
quirky,6
quirt,5
quiscalus,9
quisling,8
quislingism,11
quit,4
quitclaim,9
quite,5
quito,5
quits,5
quittance,9
quitter,7
quiver,6
quivering,9
quixotic,8
quixotically,12
quixotism,9
quiz,4
quizmaster,10
quizzer,7
quizzical,9
quizzically,11
quodlibet,9
quoin,5
quoit,5
quoits,6
quondam,7
quoratean,9
quorum,6
quota,5
quotability,11
quotable,8
quotation,9
quote,5
quoter,6
quotidian,9
quotient,8
quran,5
qurush,6
rabat,5
rabato,6
rabbet,6
rabbi,5
rabbinate,9
rabbinic,8
rabbinical,10
rabbit,6
rabbiteye,9
rabbitfish,10
rabbitweed,10
rabbitwood,10
rabble,6
rabelais,8
rabelaisian,11
rabid,5
rabidity,8
rabidness,9
rabies,6
raccoon,7
race,4
raceabout,9
racecard,8
racecourse,10
racehorse,9
raceme,6
racemose,8
racer,5
racerunner,10
racetrack,9
raceway,7
rachel,6
rachet,6
rachis,6
rachischisis,12
rachitic,8
rachitis,8
rachmaninoff,12
rachmaninov,11
rachycentridae,14
rachycentron,12
racial,6
racialism,9
racialist,9
racially,8
racily,6
racine,6
raciness,8
racing,6
racism,6
racist,6
rack,4
racker,6
racket,6
racketeer,9
racketeering,12
racketiness,11
rackety,7
racking,7
racon,5
raconteur,9
racoon,6
racquet,7
racquetball,11
racy,4
radar,5
raddle,6
raddled,7
radhakrishnan,13
radial,6
radially,8
radian,6
radiance,8
radiancy,8
radiant,7
radiantly,9
radiate,7
radiating,9
radiation,9
radiator,8
radical,7
radicalism,10
radicalize,10
radically,9
radicchio,9
radicle,7
radiculitis,11
radiigera,9
radio,5
radioactive,11
radioactively,13
radioactivity,13
radiobiologist,14
radiobiology,12
radiocarbon,11
radiochemist,12
radiochemistry,14
radiochlorine,13
radiogram,9
radiograph,10
radiographer,12
radiographic,12
radiography,11
radioisotope,12
radiolaria,10
radiolarian,11
radiolocate,11
radiolocation,13
radiological,12
radiologist,11
radiology,9
radiolucent,11
radiolysis,10
radiometer,10
radiomicrometer,15
radiopacity,11
radiopaque,10
radiophone,10
radiophonic,11
radiophoto,10
radiophotograph,15
radioprotection,15
radioscopy,10
radiosensitive,14
radiotelegraph,14
radiotelegraphy,15
radiotelephone,14
radiotelephonic,15
radiotelephony,14
radiotherapist,14
radiotherapy,12
radiothorium,12
radish,6
radium,6
radius,6
radix,5
radome,6
radon,5
radyera,7
raetam,6
raffia,6
raffinose,9
raffish,7
raffishly,9
raffle,6
raffles,7
rafflesiaceae,13
raft,4
rafter,6
raftered,8
raftman,7
rafts,5
raftsman,8
ragamuffin,10
ragbag,6
rage,4
ragee,5
ragged,6
raggedly,8
raggedness,10
ragi,4
raging,6
raglan,6
ragnarok,8
ragout,6
ragpicker,9
ragsorter,9
ragtag,6
ragtime,7
ragusa,6
ragweed,7
ragwort,7
rahu,4
raid,4
raider,6
raiding,7
rail,4
railbird,8
railcar,7
railhead,8
railing,7
raillery,8
railroad,8
railroader,10
railroading,11
rails,5
railway,7
railwayman,10
railyard,8
raiment,7
raimentless,11
rain,4
rainbow,7
raincoat,8
raindrop,8
rainfall,8
rainfly,7
rainforest,10
raininess,9
raining,7
rainless,8
rainmaker,9
rainmaking,10
rainproof,9
rainstorm,9
rainwater,9
rainy,5
raisable,8
raise,5
raiseable,9
raised,6
raiser,6
raisin,6
raising,7
raita,5
raiu,4
raja,4
rajab,5
rajah,5
rajanya,7
rajidae,7
rajiformes,10
rajpoot,7
rajput,6
rakaposhi,9
rake,4
rakehell,8
rakish,6
rakishly,8
rakishness,10
rale,4
ralegh,6
raleigh,7
rallentando,11
rallidae,8
rally,5
rallying,8
rama,4
ramachandra,11
ramadan,7
ramalina,8
ramanavami,10
ramate,6
ramayana,8
ramble,6
rambler,7
rambling,8
ramblingly,10
rambotan,8
rambouillet,11
rambunctious,12
rambutan,8
rameau,6
ramee,5
ramekin,7
ramequin,8
rameses,7
ramesses,8
ramie,5
ramification,12
ramify,6
ramipril,8
ramjet,6
ramman,6
rammer,6
ramona,6
ramontchi,9
ramose,6
ramous,6
ramp,4
rampage,7
rampageous,10
rampant,7
rampantly,9
rampart,7
ramphastidae,12
ramphomicron,12
rampion,7
ramrod,6
ramses,6
ramshackle,10
ramsons,7
ramus,5
rana,4
ranales,7
ranatra,7
ranch,5
rancher,7
ranching,8
rancid,6
rancidity,9
rancidness,10
rancor,6
rancorous,9
rancour,7
rand,4
random,6
randomisation,13
randomise,9
randomised,10
randomization,13
randomize,9
randomized,10
randomly,8
randomness,10
randy,5
ranee,5
range,5
rangefinder,11
rangeland,9
ranger,6
rangifer,8
ranging,7
rangoon,7
rangpur,7
rangy,5
rani,4
ranid,5
ranidae,7
ranier,6
ranitidine,10
rank,4
ranked,6
ranker,6
rankin,6
rankine,7
ranking,7
rankle,6
rankness,8
ransack,7
ransacked,9
ransacking,10
ransom,6
ransomed,8
rant,4
ranter,6
ranting,7
ranula,6
ranunculaceae,13
ranunculales,12
ranunculus,10
raoulia,7
rapacious,9
rapaciously,11
rapaciousness,13
rapacity,8
rapateaceae,11
rape,4
raped,5
raper,5
rapeseed,8
raphael,7
raphanus,8
raphe,5
raphia,6
raphicerus,10
raphidae,8
raphidiidae,11
raphus,6
rapid,5
rapidity,8
rapidly,7
rapidness,9
rapier,6
rapine,6
rapist,6
rappahannock,12
rappee,6
rappel,6
rappeller,9
rapper,6
rapport,7
rapporteur,10
rapprochement,13
rapscallion,11
rapt,4
raptor,6
raptores,8
raptorial,9
rapture,7
rapturous,9
rapturously,11
raptus,6
rare,4
rarebit,7
rarefaction,11
rarefied,8
rarefy,6
rarely,6
rareness,8
rarified,8
rarify,6
raring,6
rariora,7
rarity,6
rascal,6
rascality,9
rascally,8
rase,4
rash,4
rasher,6
rashly,6
rashness,8
rasht,5
rask,4
raskolnikov,11
rasmussen,9
rasp,4
raspberry,9
rasping,7
raspingly,9
rasputin,8
raspy,5
rassling,8
rasta,5
rastafari,9
rastafarian,11
rastafarianism,14
rastas,6
raster,6
rasterize,9
ratability,10
ratable,7
ratables,8
ratafee,7
ratafia,7
ratan,5
rataplan,8
ratatouille,11
ratch,5
ratchet,7
rate,4
rateability,11
rateable,8
rateables,9
ratel,5
ratepayer,9
rates,5
rather,6
rathole,7
rathskeller,11
ratibida,8
ratification,12
ratified,8
ratifier,8
ratify,6
rating,6
ratio,5
ratiocinate,11
ratiocination,13
ratiocinative,13
ratiocinator,12
ration,6
rational,8
rationale,9
rationalisation,15
rationalise,11
rationalism,11
rationalist,11
rationalistic,13
rationality,11
rationalization,15
rationalize,11
rationally,10
rationalness,12
rationed,8
rationing,9
ratitae,7
ratite,6
ratlike,7
ratlin,6
ratline,7
ratsbane,8
rattail,7
rattan,6
ratter,6
rattigan,8
ratting,7
rattle,6
rattlebox,9
rattlebrained,13
rattled,7
rattlepated,11
rattler,7
rattlesnake,11
rattling,8
rattrap,7
rattus,6
ratty,5
raucous,7
raucously,9
raudixin,8
raunch,6
raunchy,7
rauvolfia,9
rauwolfia,9
ravage,6
ravaged,7
ravaging,8
rave,4
ravehook,8
ravel,5
raveling,8
ravelling,9
raven,5
ravenala,8
ravening,8
ravenna,7
ravenous,8
ravenously,10
ravenousness,12
raver,5
ravigote,8
ravigotte,9
ravine,6
raving,6
ravingly,8
ravioli,7
ravish,6
ravisher,8
ravishing,9
ravishingly,11
ravishment,10
rawalpindi,10
rawboned,8
rawhide,7
rawness,7
rayleigh,8
rayless,7
rayon,5
rayons,6
razbliuto,9
raze,4
razed,5
razing,6
razmataz,8
razor,5
razorback,9
razorbill,9
razorblade,10
razz,4
razzing,7
razzle,6
razzmatazz,10
rcmp,4
reabsorb,8
reabsorption,12
reach,5
reachable,9
reaching,8
reacquaint,10
react,5
reactance,9
reactant,8
reaction,8
reactionary,11
reactionism,11
reactionist,11
reactivate,10
reactive,8
reactivity,10
reactor,7
read,4
readability,11
readable,8
readably,8
readapt,7
reader,6
readership,10
readily,7
readiness,9
reading,7
readjust,8
readjustment,12
readmission,11
readmit,7
readout,7
ready,5
readying,8
reaffiliation,13
reaffirm,8
reaffirmation,13
reagan,6
reagent,7
reagin,6
real,4
realgar,7
realign,7
realine,7
realisation,11
realise,7
realised,8
realism,7
realist,7
realistic,9
realistically,13
reality,7
realizable,10
realization,11
realize,7
realized,8
reallocate,10
reallocation,12
reallot,7
reallotment,11
really,6
realm,5
realness,8
realpolitik,11
realtor,7
realty,6
ream,4
reamer,6
reanimate,9
reanimated,10
reap,4
reaper,6
reappear,8
reappearance,12
reapportion,11
reapportionment,15
reappraisal,11
reappraise,10
rear,4
rearguard,9
rearing,7
rearm,5
rearmament,10
rearmost,8
rearrange,9
rearrangement,13
rearward,8
rearwards,9
reason,6
reasonable,10
reasonableness,14
reasonably,10
reasoned,8
reasoner,8
reasoning,9
reasonless,10
reassail,8
reassemble,10
reassembly,10
reassert,8
reassertion,11
reassess,8
reassessment,12
reassign,8
reassignment,12
reassurance,11
reassure,8
reassured,9
reassuring,10
reassuringly,12
reata,5
reattribute,11
reaumur,7
reave,5
reawaken,8
rebarbative,11
rebate,6
rebato,6
rebecca,7
rebekah,7
rebel,5
rebellion,9
rebellious,10
rebelliously,12
rebelliousness,14
rebind,6
rebirth,7
reboot,6
reborn,6
rebound,7
reboxetine,10
rebozo,6
rebroadcast,11
rebuff,6
rebuild,7
rebuilding,10
rebuke,6
rebuker,7
rebukingly,10
reburial,8
rebury,6
reburying,9
rebus,5
rebut,5
rebuttal,8
rebutter,8
recalcitrance,13
recalcitrancy,13
recalcitrant,12
recalcitrate,12
recalculate,11
recalculation,13
recall,6
recant,6
recantation,11
recap,5
recapitulate,12
recapitulation,14
recapture,9
recast,6
recasting,9
recce,5
recco,5
reccy,5
recede,6
receding,8
receipt,7
receipts,8
receivable,10
receivables,11
receive,7
received,8
receiver,8
receivership,12
recency,7
recent,6
recently,8
recentness,10
receptacle,10
reception,9
receptionist,12
receptive,9
receptively,11
receptiveness,13
receptivity,11
receptor,8
recess,6
recessed,8
recession,9
recessional,11
recessionary,12
recessive,9
recharge,8
rechargeable,12
rechauffe,9
recherche,9
recidivate,10
recidivism,10
recidivist,10
recife,6
recipe,6
recipient,9
reciprocal,10
reciprocality,13
reciprocally,12
reciprocate,11
reciprocation,13
reciprocative,13
reciprocatory,13
reciprocity,11
recirculation,13
recission,9
recital,7
recitalist,10
recitation,10
recitative,10
recite,6
reciter,7
reckless,8
recklessly,10
recklessness,12
reckon,6
reckoner,8
reckoning,9
reclaim,7
reclaimable,11
reclaimed,9
reclamation,11
reclassify,10
recline,7
recliner,8
reclining,9
recluse,7
reclusive,9
reclusiveness,13
recode,6
recoding,8
recognisable,12
recognisance,12
recognise,9
recognised,10
recognition,11
recognizable,12
recognizably,12
recognizance,12
recognize,9
recognized,10
recoil,6
recoilless,10
recollect,9
recollection,12
recollective,12
recombinant,11
recombination,13
recombine,9
recommence,10
recommencement,14
recommend,9
recommendation,14
recommit,8
recompense,10
reconcilable,12
reconcile,9
reconciled,10
reconciler,10
reconciliation,14
reconciling,11
recondite,9
reconditeness,13
recondition,11
reconfirm,9
reconnaissance,14
reconnoiter,11
reconnoitering,14
reconnoitre,11
reconnoitring,13
reconquer,9
reconsecrate,12
reconsider,10
reconsideration,15
reconstitute,12
reconstruct,11
reconstructed,13
reconstruction,14
reconstructive,14
reconvene,9
reconvert,9
reconvict,9
recopy,6
record,6
recorded,8
recorder,8
recording,9
recount,7
recounting,10
recoup,6
recourse,8
recover,7
recoverable,11
recovered,9
recoverer,9
recovering,10
recovery,8
recreant,8
recreate,8
recreation,10
recreational,12
recriminate,11
recrimination,13
recriminative,13
recriminatory,13
recrudesce,10
recrudescence,13
recrudescent,12
recruit,7
recruiter,9
recruitment,11
rectal,6
rectangle,9
rectangular,11
rectangularity,14
rectifiable,11
rectification,13
rectified,9
rectifier,9
rectify,7
rectilineal,11
rectilinear,11
rectitude,9
recto,5
rectocele,9
rectoplasty,11
rector,6
rectorate,9
rectorship,10
rectory,7
rectosigmoid,12
rectum,6
rectus,6
recumb,6
recumbent,9
recuperate,10
recuperation,12
recuperative,12
recur,5
recurrence,10
recurrent,9
recurrently,11
recurring,9
recursion,9
recursive,9
recurvate,9
recurve,7
recurved,8
recurvirostra,13
recusal,7
recusancy,9
recusant,8
recusation,10
recuse,6
recyclable,10
recycle,7
recycling,9
redact,6
redaction,9
redactor,8
redbelly,8
redberry,8
redbird,7
redbone,7
redbreast,9
redbrick,8
redbrush,8
redbud,6
redbug,6
redcap,6
redcoat,7
redden,6
reddened,8
redding,7
reddish,7
reddle,6
rede,4
redecorate,10
rededicate,10
rededication,12
redeem,6
redeemable,10
redeemed,8
redeemer,8
redeeming,9
redefine,8
redefinition,12
redemption,10
redemptional,12
redemptive,10
redemptory,10
redeploy,8
redeployment,12
redeposit,9
redeposition,12
redesign,8
redetermination,15
redetermine,11
redevelop,9
redevelopment,13
redeye,6
redfish,7
redford,7
redhead,7
redheaded,9
redheader,9
redhorse,8
rediffusion,11
redirect,8
rediscover,10
rediscovery,11
redispose,9
redisposition,13
redistribute,12
redistributed,13
redistribution,14
redline,7
redly,5
redmaids,8
redneck,7
redness,7
redo,4
redolence,9
redolent,8
redonda,7
redouble,8
redoubled,9
redoubt,7
redoubtable,11
redound,7
redox,5
redpoll,7
redraft,7
redress,7
redroot,7
redshank,8
redshift,8
redskin,7
redstart,8
redtail,7
reduce,6
reduced,7
reducer,7
reducible,9
reducing,8
reductant,9
reductase,9
reductio,8
reduction,9
reductionism,12
reductionist,12
reductive,9
reductivism,11
redundance,10
redundancy,10
redundant,9
reduplicate,11
reduplication,13
reduviid,8
reduviidae,10
redux,5
redwing,7
redwood,7
reecho,6
reechoing,9
reed,4
reedbird,8
reedlike,8
reedmace,8
reedy,5
reef,4
reefer,6
reefy,5
reek,4
reeking,7
reel,4
reelect,7
reelection,10
reeler,6
reenact,7
reenactment,11
reenactor,9
reenforce,9
reenforcement,13
reenlistment,12
reentrant,9
reentry,7
reestablish,11
reevaluate,10
reevaluation,12
reeve,5
reexamination,13
reexamine,9
refabrication,13
reface,6
refashion,9
refection,9
refectory,9
refer,5
referable,9
referee,7
refereeing,10
reference,9
referenced,10
referendum,10
referent,8
referential,11
referral,8
refill,6
refilling,9
refinance,9
refine,6
refined,7
refinement,10
refiner,7
refinery,8
refining,8
refinish,8
refinisher,10
refit,5
reflate,7
reflation,9
reflect,7
reflectance,11
reflected,9
reflecting,10
reflection,10
reflective,10
reflectively,12
reflectiveness,14
reflectivity,12
reflectometer,13
reflector,9
reflectorise,12
reflectorize,12
reflex,6
reflexed,8
reflexion,9
reflexive,9
reflexiveness,13
reflexivity,11
reflexly,8
reflexology,11
refloat,7
reflux,6
refocus,7
refocusing,10
reforest,8
reforestation,13
reforge,7
reform,6
reformable,10
reformation,11
reformative,11
reformatory,11
reformed,8
reformer,8
reformism,9
reformist,9
reformulate,11
refract,7
refractile,10
refraction,10
refractive,10
refractiveness,14
refractivity,12
refractometer,13
refractoriness,14
refractory,10
refracture,10
refrain,7
refresh,7
refreshed,9
refreshen,9
refresher,9
refreshful,10
refreshfully,12
refreshing,10
refreshingly,12
refreshment,11
refrigerant,11
refrigerate,11
refrigerated,12
refrigerating,13
refrigeration,13
refrigerator,12
refuel,6
refueling,9
refuge,6
refugee,7
refulgence,10
refulgency,10
refulgent,9
refund,6
refurbish,9
refurbishment,13
refurnish,9
refusal,7
refuse,6
refutable,9
refutal,7
refutation,10
refute,6
refuter,7
regain,6
regaining,9
regal,5
regale,6
regalecidae,11
regalia,7
regally,7
regard,6
regardant,9
regardful,9
regardless,10
regatta,7
regency,7
regenerate,10
regenerating,12
regeneration,12
regent,6
reggae,6
reggane,7
regicide,8
regime,6
regimen,7
regiment,8
regimental,10
regimentally,12
regimentals,11
regimentation,13
regimented,10
regina,6
regiomontanus,13
region,6
regional,8
regionalism,11
regionally,10
register,8
registered,10
registrant,10
registrar,9
registration,12
registry,8
reglaecus,9
regnant,7
regnellidium,12
regorge,7
regosol,7
regress,7
regression,10
regressive,10
regret,6
regretful,9
regretfully,11
regrets,7
regrettable,11
regrettably,11
regroup,7
regrow,6
regular,7
regularisation,14
regularise,10
regularity,10
regularization,14
regularize,10
regularly,9
regulate,8
regulated,9
regulating,10
regulation,10
regulative,10
regulator,9
regulatory,10
regulus,7
regur,5
regurgitate,11
regurgitation,13
rehabilitate,12
rehabilitation,14
rehabilitative,14
reharmonisation,15
reharmonise,11
reharmonization,15
reharmonize,11
rehash,6
rehear,6
rehearing,9
rehearsal,9
rehearse,8
reheat,6
reheel,6
rehnquist,9
rehouse,7
reich,5
reichstein,10
reid,4
reification,11
reify,5
reign,5
reigning,8
reignite,8
reimburse,9
reimbursement,13
reimpose,8
reimposition,12
reims,5
rein,4
reincarnate,11
reincarnation,13
reindeer,8
reinforce,9
reinforced,10
reinforcement,13
reinforcer,10
reinstall,9
reinstate,9
reinstatement,13
reinsurance,11
reinsure,8
reintegrate,11
reinterpret,11
reintroduce,11
reintroduction,14
reinvent,8
reinvigorate,12
reinvigorated,13
reissue,7
reit,4
reiter,6
reiterate,9
reiteration,11
reiterative,11
reithrodontomys,15
reject,6
rejected,8
rejection,9
rejective,9
rejig,5
rejoice,7
rejoicing,9
rejoin,6
rejoinder,9
rejuvenate,10
rejuvenation,12
rekindle,8
relace,6
relafen,7
relapse,7
relapsing,9
relate,6
related,7
relatedness,11
relatiative,11
relation,8
relational,10
relations,9
relationship,12
relative,8
relatively,10
relativise,10
relativism,10
relativistic,12
relativity,10
relativize,10
relatum,7
relax,5
relaxant,8
relaxation,10
relaxed,7
relaxer,7
relaxin,7
relaxing,8
relay,5
relearn,7
release,7
releasing,9
relegate,8
relegating,10
relegation,10
relent,6
relentless,10
relentlessly,12
relentlessness,14
relevance,9
relevancy,9
relevant,8
relevantly,10
reliability,11
reliable,8
reliableness,12
reliably,8
reliance,8
reliant,7
relic,5
relict,6
relief,6
relieve,7
relieved,8
reliever,8
relievo,7
religion,8
religionism,11
religionist,11
religiosity,11
religious,9
religiousism,12
religiously,11
religiousness,13
reline,6
relinquish,10
relinquished,12
relinquishing,13
relinquishment,14
reliquary,9
relish,6
relishing,9
relistening,11
relive,6
reliving,8
reload,6
relocate,8
relocated,9
relocation,10
reluctance,10
reluctant,9
reluctantly,11
reluctivity,11
rely,4
relyric,7
remain,6
remainder,9
remaining,9
remains,7
remake,6
remaking,8
remand,6
remark,6
remarkable,10
remarkably,10
remarriage,10
remarry,7
rematch,7
rembrandt,9
rembrandtesque,14
remediable,10
remedial,8
remediate,9
remediation,11
remedy,6
remember,8
remembering,11
remembrance,11
remicade,8
remilegia,9
remilitarise,12
remilitarize,12
remind,6
reminder,8
remindful,9
reminisce,9
reminiscence,12
reminiscent,11
reminiscently,13
remise,6
remiss,6
remission,9
remissness,10
remit,5
remitment,9
remittal,8
remittance,10
remittent,9
remnant,7
remodel,7
remold,6
remonstrance,12
remonstrate,11
remonstration,13
remora,6
remorse,7
remorseful,10
remorsefully,12
remorseless,11
remorselessly,13
remote,6
remotely,8
remoteness,10
remotion,8
remould,7
remount,7
removable,9
removal,7
remove,6
removed,7
remover,7
remuda,6
remunerate,10
remunerated,11
remuneration,12
remunerative,12
remunerator,11
remus,5
renaissance,11
renal,5
rename,6
renascence,10
renascent,9
rend,4
render,6
rendering,9
rendezvous,10
rending,7
rendition,9
renegade,8
renege,6
renegociate,11
renegotiate,11
renew,5
renewable,9
renewal,7
renewed,7
renewing,8
reniform,8
renin,5
rennet,6
rennin,6
reno,4
renoir,6
renormalise,11
renormalize,11
renounce,8
renouncement,12
renovate,8
renovation,10
renovator,9
renown,6
renowned,8
rensselaerite,13
rent,4
rentable,8
rental,6
rente,5
renter,6
rentier,7
renting,7
renunciant,10
renunciation,12
renunciative,12
reopen,6
reorder,7
reordering,10
reorganisation,14
reorganise,10
reorganised,11
reorganization,14
reorganize,10
reorganized,11
reorient,8
reorientate,11
reorientation,13
reoviridae,10
reovirus,8
repaint,7
repair,6
repairer,8
repairman,9
repand,6
reparable,9
reparation,10
repartee,8
repast,6
repatriate,10
repatriation,12
repay,5
repayable,9
repayment,9
repeal,6
repeat,6
repeatable,10
repeated,8
repeatedly,10
repeater,8
repeating,9
repechage,9
repel,5
repellant,9
repellent,9
repellently,11
repelling,9
repellingly,11
repent,6
repentance,10
repentant,9
repentantly,11
repercuss,9
repercussion,12
repertoire,10
repertory,9
repetition,10
repetitious,11
repetitiousness,15
repetitive,10
repetitively,12
repetitiveness,14
rephrase,8
rephrasing,10
repine,6
replace,7
replaceability,14
replaceable,11
replacement,11
replacing,9
replant,7
replay,6
replenish,9
replenishment,13
replete,7
repletion,9
replica,7
replicate,9
replication,11
reply,5
repoint,7
report,6
reportable,10
reportage,9
reported,8
reportedly,10
reporter,8
reporting,9
repose,6
reposeful,9
reposit,7
repositing,10
reposition,10
repositioning,13
repository,10
repossess,9
repossession,12
repot,5
repp,4
reprehend,9
reprehensible,13
reprehensibly,13
reprehension,12
reprehensively,14
represent,9
representable,13
representation,14
representative,14
represented,11
repress,7
repressed,9
represser,9
repressing,10
repression,10
repressive,10
repressor,9
reprieve,8
reprimand,9
reprint,7
reprinting,10
reprisal,8
reprise,7
reprize,7
reproach,8
reproacher,10
reproachful,11
reproachfully,13
reprobate,9
reprobation,11
reprocess,9
reproduce,9
reproducer,10
reproducibility,15
reproducible,12
reproducibly,12
reproduction,12
reproductive,12
reproof,7
reproval,8
reprove,7
reprover,8
reproving,9
reprovingly,11
reptantia,9
reptile,7
reptilia,8
reptilian,9
republic,8
republican,10
republicanism,13
republication,13
republish,9
republishing,12
repudiate,9
repudiation,11
repudiative,11
repugn,6
repugnance,10
repugnant,9
repulse,7
repulsion,9
repulsive,9
repulsively,11
repulsiveness,13
repurchase,10
reputability,12
reputable,9
reputably,9
reputation,10
repute,6
reputedly,9
request,7
requested,9
requester,9
requiem,7
requiescat,10
require,7
required,8
requirement,11
requisite,9
requisiteness,13
requisition,11
requital,8
requite,7
reread,6
rerebrace,9
reredos,7
rerun,5
resale,6
rescale,7
reschedule,10
rescind,7
rescindable,11
rescission,10
rescript,8
rescriptor,10
rescue,6
rescued,7
rescuer,7
reseal,6
research,8
researcher,10
reseat,6
reseau,6
resect,6
resection,9
reseda,6
resedaceae,10
reseed,6
resell,6
resemblance,11
resemble,8
resent,6
resentful,9
resentfully,11
resentment,10
reserpine,9
reservation,11
reserve,7
reserved,8
reservedly,10
reserves,8
reservist,9
reservoir,9
reset,5
resettle,8
resettled,9
resettlement,12
resew,5
resh,4
reshape,7
reship,6
reshipment,10
reshoot,7
resht,5
reshuffle,9
reshuffling,11
resid,5
reside,6
residence,9
residency,9
resident,8
residential,11
residentially,13
residual,8
residuary,9
residue,7
residuum,8
resift,6
resign,6
resignation,11
resignedly,10
resile,6
resilience,10
resiliency,10
resilient,9
resin,5
resinate,8
resinated,9
resinlike,9
resinoid,8
resinous,8
resiny,6
resist,6
resistance,10
resistant,9
resister,8
resistible,10
resistive,9
resistivity,11
resistless,10
resistor,8
resize,6
resmudge,8
resole,6
resolute,8
resolutely,10
resoluteness,12
resolution,10
resolvable,10
resolve,7
resolved,8
resolvent,9
resolving,9
resonance,9
resonant,8
resonate,8
resonating,10
resonator,9
resorb,6
resorcinol,10
resorption,10
resort,6
resound,7
resounding,10
resoundingly,12
resource,8
resourceful,11
resourcefully,13
resourcefulness,15
resourceless,12
respect,7
respectability,14
respectable,11
respectably,11
respected,9
respecter,9
respectful,10
respectfully,12
respectfulness,14
respective,10
respectively,12
respects,8
respighi,8
respiration,11
respirator,10
respiratory,11
respire,7
respite,7
resplend,8
resplendence,12
resplendency,12
resplendent,11
resplendently,13
respond,7
respondent,10
responder,9
response,8
responsibility,14
responsible,11
responsibleness,15
responsibly,11
responsive,10
responsiveness,14
rest,4
restart,7
restate,7
restatement,11
restaurant,10
restauranter,12
restaurateur,12
rested,6
rester,6
restful,7
restfully,9
restfulness,11
restharrow,10
restitute,9
restitution,11
restive,7
restively,9
restiveness,11
restless,8
restlessly,10
restlessness,12
restock,7
restoration,11
restorative,11
restore,7
restorer,8
restoril,8
restrain,8
restrained,10
restrainer,10
restraint,9
restrengthen,12
restrict,8
restricted,10
restricting,11
restriction,11
restrictive,11
restrictively,13
restrictiveness,15
restroom,8
restructure,11
resublime,9
resubmit,8
result,6
resultant,9
resume,6
resumption,10
resupine,8
resurface,9
resurge,7
resurgence,10
resurgent,9
resurrect,9
resurrection,12
resurvey,8
resuscitate,11
resuscitated,12
resuscitation,13
resuscitator,12
resuspend,9
resuspension,12
retail,6
retailer,8
retailing,9
retain,6
retained,8
retainer,8
retake,6
retaking,8
retaliate,9
retaliation,11
retaliator,10
retaliatory,11
retama,6
retard,6
retardant,9
retardation,11
retarded,8
retardent,9
retch,5
rete,4
retell,6
retem,5
retention,9
retentive,9
retentively,11
retentiveness,13
retentivity,11
rethink,7
reticence,9
reticent,8
reticently,10
retick,6
reticle,7
reticular,9
reticulate,10
reticulation,12
reticule,8
reticulitermes,14
reticulocyte,12
reticulum,9
retie,5
retina,6
retinal,7
retinene,8
retinitis,9
retinoblastoma,14
retinol,7
retinopathy,11
retinue,7
retire,6
retired,7
retiree,7
retirement,10
retiring,8
retool,6
retort,6
retouch,7
retrace,7
retract,7
retractable,11
retracted,9
retractile,10
retraction,10
retractor,9
retrain,7
retraining,10
retral,6
retranslate,11
retransmit,10
retread,7
retreat,7
retreatant,10
retreated,9
retrench,8
retrenchment,12
retrial,7
retribution,11
retributive,11
retributory,11
retrievable,11
retrieval,9
retrieve,8
retriever,9
retro,5
retroactive,11
retroactively,13
retrofit,8
retroflection,13
retroflex,9
retroflexed,11
retroflexion,12
retrograde,10
retrogress,10
retrogression,13
retrogressive,13
retronym,8
retrophyllum,12
retrorocket,11
retrorse,8
retrospect,10
retrospection,13
retrospective,13
retrospectively,15
retrousse,9
retroversion,12
retrovert,9
retrovir,8
retrovirus,10
retrovision,11
retry,5
retsina,7
return,6
returnable,10
returning,9
reuben,6
reunification,13
reunify,7
reunion,7
reunite,7
reuptake,8
reusable,8
reuse,5
revaluation,11
revalue,7
revamp,6
reveal,6
revealing,9
reveille,8
revel,5
revelation,10
revelatory,10
reveler,7
reveller,8
revelry,7
revenant,8
revenge,7
revengeful,10
revengefully,12
revenue,7
revenuer,8
reverberance,12
reverberant,11
reverberate,11
reverberating,13
reverberation,13
reverberative,13
revere,6
revered,7
reverence,9
reverend,8
reverent,8
reverential,11
reverentially,13
reverently,10
reverie,7
revers,6
reversal,8
reverse,7
reversed,8
reversely,9
reversibility,13
reversible,10
reversibly,10
reversion,9
reversionary,12
reversioner,11
reversionist,12
reversive,9
revert,6
revertible,10
reverting,9
revery,6
revet,5
revetement,10
revetment,9
review,6
reviewer,8
revile,6
revilement,10
revisal,7
revise,6
revised,7
reviser,7
revising,8
revision,8
revisionism,11
revisionist,11
revisit,7
revitalisation,14
revitalise,10
revitalised,11
revitalising,12
revitalization,14
revitalize,10
revitalized,11
revitalizing,12
revival,7
revivalism,10
revivalist,10
revivalistic,12
revive,6
revived,7
revivification,14
revivify,8
reviving,8
revocable,9
revocation,10
revokable,9
revoke,6
revolt,6
revolting,9
revoltingly,11
revolution,10
revolutionary,13
revolutionise,13
revolutionism,13
revolutionist,13
revolutionize,13
revolve,7
revolved,8
revolver,8
revue,5
revulsion,9
reward,6
rewardful,9
rewarding,9
rewardingly,11
rewire,6
reword,6
rewording,9
rework,6
rewrite,7
rewriter,8
rewriting,9
reyes,5
reykjavik,9
reynard,7
reynolds,8
rhabdomancer,12
rhabdomancy,11
rhabdomyoma,11
rhabdosarcoma,13
rhabdoviridae,13
rhabdovirus,11
rhadamanthus,12
rhagades,8
rhagoletis,10
rhamnaceae,10
rhamnales,9
rhamnus,7
rhaphe,6
rhapis,6
rhapsodic,9
rhapsodically,13
rhapsodise,10
rhapsodize,10
rhapsody,8
rhea,4
rheidae,7
rheiformes,10
rheims,6
rhein,5
rheinland,9
rhenish,7
rhenium,7
rheologic,9
rheological,11
rheology,8
rheometer,9
rheostat,8
rhesus,6
rhetoric,8
rhetorical,10
rhetorically,12
rhetorician,11
rheum,5
rheumatic,9
rheumatism,10
rheumatoid,10
rheumatologist,14
rheumatology,12
rheumy,6
rhexia,6
rhibhus,7
rhinal,6
rhincodon,9
rhincodontidae,14
rhine,5
rhineland,9
rhinencephalon,14
rhinestone,10
rhinion,7
rhinitis,8
rhino,5
rhinobatidae,12
rhinoceros,10
rhinocerotidae,14
rhinolophidae,13
rhinonicteris,13
rhinopathy,10
rhinophyma,10
rhinoplasty,11
rhinoptera,10
rhinorrhea,10
rhinoscope,10
rhinoscopy,10
rhinostenosis,13
rhinotermitidae,15
rhinotomy,9
rhinotracheitis,15
rhinovirus,10
rhipsalis,9
rhiptoglossa,12
rhizobiaceae,12
rhizobium,9
rhizoctinia,11
rhizoid,7
rhizoidal,9
rhizomatous,11
rhizome,7
rhizomorph,10
rhizophora,10
rhizophoraceae,14
rhizopod,8
rhizopoda,9
rhizopodan,10
rhizopogon,10
rhizopogonaceae,15
rhizopus,8
rhizotomy,9
rhodanthe,9
rhodes,6
rhodesia,8
rhodesian,9
rhodium,7
rhodochrosite,13
rhododendron,12
rhodolite,9
rhodomontade,12
rhodonite,9
rhodophyceae,12
rhodophyta,10
rhodopsin,9
rhodosphaera,12
rhodymenia,10
rhodymeniaceae,14
rhoeadales,10
rhomb,5
rhombencephalon,15
rhombic,7
rhombohedral,12
rhombohedron,12
rhomboid,8
rhomboidal,10
rhombus,7
rhonchus,8
rhone,5
rhubarb,7
rhumb,5
rhumba,6
rhus,4
rhyacotriton,12
rhyme,5
rhymed,6
rhymeless,9
rhymer,6
rhymester,9
rhyming,7
rhynchocephalia,15
rhynchoelaps,12
rhyncostylis,12
rhynia,6
rhyniaceae,10
rhyolite,8
rhythm,6
rhythmic,8
rhythmical,10
rhythmically,12
rhythmicity,11
rhytidectomy,12
rhytidoplasty,13
rial,4
riant,5
riata,5
ribald,6
ribaldry,8
riband,6
ribavirin,9
ribband,7
ribbed,6
ribbing,7
ribbon,6
ribbonfish,10
ribbonlike,10
ribbonwood,10
ribbony,7
ribes,5
ribgrass,8
ribhus,6
ribier,6
ribless,7
riblike,7
riboflavin,10
ribonuclease,12
ribonucleinase,14
ribose,6
ribosome,8
ribwort,7
ricardo,7
rice,4
ricebird,8
ricegrass,9
ricer,5
rich,4
richards,8
richardson,10
richea,6
richelieu,9
riches,6
richler,7
richly,6
richmond,8
richmondena,11
richness,8
richweed,8
ricin,5
ricinus,7
rick,4
rickenbacker,12
ricketiness,11
rickets,7
rickettsia,10
rickettsiaceae,14
rickettsial,11
rickettsiales,13
rickettsialpox,14
rickettsiosis,13
rickety,7
rickey,6
rickover,8
rickrack,8
ricksha,7
rickshaw,8
rico,4
ricochet,8
ricotta,7
ricrac,6
rictus,6
riddance,8
riddle,6
riddled,7
ride,4
rider,5
ridge,5
ridged,6
ridgel,6
ridgeline,9
ridgeling,9
ridgepole,9
ridgil,6
ridgling,8
ridicule,8
ridiculer,9
ridiculous,10
ridiculously,12
ridiculousness,14
riding,6
ridley,6
riel,4
riemann,7
riemannian,10
riesling,8
riesman,7
rifadin,7
rifampin,8
rife,4
riff,4
riffian,7
riffle,6
riffraff,8
rifle,5
riflebird,9
rifled,6
rifleman,8
rifling,7
rift,4
riga,4
rigamarole,10
rigatoni,8
rigel,5
rigged,6
rigger,6
rigging,7
right,5
righteous,9
righteously,11
righteousness,13
rightfield,10
rightful,8
rightfully,10
rightfulness,12
righthander,11
rightish,8
rightism,8
rightist,8
rightly,7
rightmost,9
rightness,9
rigid,5
rigidification,14
rigidify,8
rigidifying,11
rigidity,8
rigidly,7
rigidness,9
rigil,5
rigmarole,9
rigor,5
rigorous,8
rigorously,10
rigorousness,12
rigour,6
rigourousness,13
rigout,6
rijstafel,9
rijstaffel,10
rijsttaffel,11
riksmaal,8
riksmal,7
rile,4
riled,5
riley,5
rilievo,7
rilke,5
rill,4
rima,4
rimactane,9
rimbaud,7
rime,4
rimed,5
rimeless,8
riming,6
rimless,7
rimmed,6
rimose,6
rimu,4
rimy,4
rind,4
rinderpest,10
ring,4
ringdove,8
ringed,6
ringer,6
ringgit,7
ringhals,8
ringing,7
ringleader,10
ringlet,7
ringleted,9
ringlike,8
ringling,8
ringmaster,10
rings,5
ringside,8
ringtail,8
ringway,7
ringworm,8
rink,4
rinkhals,8
rinse,5
rinsing,7
rioja,5
riot,4
rioter,6
rioting,7
riotous,7
riotously,9
riparia,7
riparian,8
ripcord,7
ripe,4
ripely,6
ripen,5
ripened,7
ripeness,8
ripening,8
riposte,7
ripper,6
ripping,7
ripple,6
rippled,7
rippling,8
ripsaw,6
riptide,7
rira,4
risc,4
rise,4
risen,5
riser,5
risibility,10
risible,7
rising,6
risk,4
riskily,7
riskiness,9
riskless,8
risklessness,12
risky,5
risotto,7
risque,6
rissa,5
rissole,7
ritalin,7
ritardando,10
rite,4
ritenuto,8
ritonavir,9
rittenhouse,11
ritual,6
ritualise,9
ritualism,9
ritualist,9
ritualistic,11
ritualize,9
ritually,8
ritz,4
ritzy,5
rival,5
rivalrous,9
rivalry,7
rive,4
river,5
rivera,6
riverbank,9
riverbed,8
riverside,9
rivet,5
riveter,7
riveting,8
rivetter,8
riviera,7
rivina,6
rivulet,7
rivulus,7
riyadh,6
riyal,5
rnase,5
roach,5
road,4
roadbed,7
roadblock,9
roadbook,8
roadhog,7
roadhouse,9
roadkill,8
roadless,8
roadman,7
roadrunner,10
roads,5
roadside,8
roadstead,9
roadster,8
roadway,7
roadworthiness,14
roam,4
roamer,6
roan,4
roanoke,7
roar,4
roarer,6
roaring,7
roast,5
roasted,7
roaster,7
roasting,8
robalo,6
robaxin,7
robber,6
robbery,7
robbins,7
robe,4
robed,5
robert,6
roberts,7
robertson,9
robeson,7
robespierre,11
robin,5
robinia,7
robinson,8
robitussin,10
roble,5
robot,5
robotic,7
robotics,8
robotlike,9
robust,6
robustious,10
robustly,8
robustness,10
rocambole,9
roccella,8
roccellaceae,12
roccus,6
rocephin,8
rochambeau,10
rochester,9
rock,4
rockabilly,10
rockbound,9
rockchuck,9
rockcress,9
rockefeller,11
rocker,6
rockers,7
rockery,7
rocket,6
rocketry,8
rockfish,8
rockfoil,8
rockford,8
rockies,7
rockiness,9
rockingham,10
rocklike,8
rockrose,8
rockslide,9
rockweed,8
rockwell,8
rocky,5
rococo,6
rocroi,6
rodent,6
rodentia,8
rodeo,5
rodgers,7
rodhos,6
rodin,5
rodlike,7
rodolia,7
rodomontade,11
roebling,8
roebuck,7
roentgen,8
roentgenium,11
roentgenogram,13
roentgenography,15
roentgenoscope,14
rofecoxib,9
rogaine,7
rogation,8
rogers,6
roget,5
rogue,5
roguery,7
roguish,7
roguishly,9
roguishness,11
rohypnol,8
roil,4
roiled,6
roiling,7
roily,5
roister,7
roisterer,9
rolaids,7
role,4
roleplay,8
roleplaying,11
rolf,4
roll,4
rollback,8
rolled,6
roller,6
rollerblade,11
rollerblader,12
rollerblading,13
rollick,7
rollicking,10
rollickingly,12
rolling,7
rollmops,8
rollo,5
rollover,8
rolodex,7
rolypoliness,12
roma,4
romaic,6
romaine,7
roman,5
romanal,7
romance,7
romanesque,10
romani,6
romania,7
romanian,8
romanic,7
romanise,8
romanism,8
romanist,8
romanize,8
romanoff,8
romanov,7
romans,6
romansh,7
romantic,8
romantically,12
romanticisation,15
romanticise,11
romanticism,11
romanticist,11
romanticistic,13
romanticization,15
romanticize,11
romany,6
romberg,7
rome,4
romeo,5
romish,6
rommany,7
rommel,6
romneya,7
romp,4
romper,6
romulus,7
rondeau,7
rondel,6
rondelet,8
rondo,5
roneo,5
roneograph,10
rontgen,7
rood,4
roof,4
roofed,6
roofer,6
roofing,7
roofless,8
rooftop,7
rooftree,8
roofy,5
rooibos,7
rook,4
rookery,7
rookie,6
room,4
roomer,6
roomette,8
roomful,7
roomie,6
roomily,7
roominess,9
roommate,8
rooms,5
roomy,5
roosevelt,9
rooseveltian,12
roost,5
rooster,7
root,4
rootage,7
rootbound,9
rooted,6
rooter,6
rooting,7
rootle,6
rootless,8
rootlet,7
roots,5
rootstalk,9
rootstock,9
rope,4
ropebark,8
ropedancer,10
ropemaker,9
roper,5
ropewalk,8
ropewalker,10
ropeway,7
ropey,5
rophy,5
ropiness,8
roping,6
ropy,4
roquefort,9
roquette,8
roridula,8
roridulaceae,12
rorippa,7
rorqual,7
rorschach,9
rosa,4
rosacea,7
rosaceae,8
rosaceous,9
rosales,7
rosario,7
rosary,6
rose,4
roseate,7
roseau,6
rosebay,7
rosebud,7
rosebush,8
rosefish,8
rosehip,7
roselle,7
rosellinia,10
rosemaling,10
rosemary,8
roseola,7
rosette,7
rosewood,8
rosicrucian,11
rosicrucianism,14
rosidae,7
rosilla,7
rosin,5
rosiness,8
rosinweed,9
rosita,6
rosmarinus,10
ross,4
rossbach,8
rossetti,8
rossini,7
rostand,7
roster,6
rostock,7
rostov,6
rostrate,8
rostrum,7
roswell,7
rosy,4
rota,4
rotarian,8
rotary,6
rotatable,9
rotate,6
rotated,7
rotation,8
rotational,10
rotationally,12
rotatory,8
rotavirus,9
rotc,4
rote,4
rotenone,8
rotgut,6
roth,4
rothko,6
rothschild,10
rotifer,7
rotifera,8
rotisserie,10
rotl,4
rotogravure,11
rotor,5
rotted,6
rotten,6
rottenly,8
rottenness,10
rottenstone,11
rotter,6
rotterdam,9
rotting,7
rottweiler,10
rotund,6
rotunda,7
rotundity,9
rotundly,8
rotundness,10
rouble,6
roue,4
rouge,5
rougeberry,10
rouged,6
rough,5
roughage,8
roughcast,9
roughdried,10
roughen,7
roughened,9
roughhewn,9
roughhouse,10
roughish,8
roughleg,8
roughly,7
roughneck,9
roughness,9
roughrider,10
roughshod,9
roulade,7
rouleau,7
roulette,8
roumania,8
roumanian,9
round,5
roundabout,10
rounded,7
roundedness,11
roundel,7
roundelay,9
rounder,7
rounders,8
roundhead,9
roundheaded,11
roundhouse,10
rounding,8
roundish,8
roundly,7
roundness,9
roundsman,9
roundtable,10
roundup,7
roundworm,9
rous,4
rouse,5
rouser,6
rousing,7
rousseau,8
rousseauan,10
roustabout,10
rout,4
route,5
routemarch,10
router,6
routine,7
routinely,9
roux,4
rove,4
rover,5
roving,6
rowan,5
rowanberry,10
rowboat,7
rowdily,7
rowdiness,9
rowdy,5
rowdyism,8
rowel,5
rower,5
rowing,6
rowlock,7
royal,5
royalism,8
royalist,8
royally,7
royalty,7
roystonea,9
rozelle,7
rtlt,4
ruanda,6
ruandan,7
rubato,6
rubber,6
rubberise,9
rubberize,9
rubberlike,10
rubberneck,10
rubbernecker,12
rubberstamp,11
rubbery,7
rubbing,7
rubbish,7
rubbishy,8
rubble,6
rubdown,7
rube,4
rubefacient,11
rubel,5
rubella,7
rubens,6
rubeola,7
rubia,5
rubiaceae,9
rubiales,8
rubicelle,9
rubicon,7
rubicund,8
rubidium,8
rubify,6
rubinstein,10
ruble,5
rubor,5
rubric,6
rubricate,9
rubus,5
ruby,4
ruck,4
ruckle,6
rucksack,8
ruckus,6
ruction,7
rudapithecus,12
rudbeckia,9
rudd,4
rudder,6
rudderfish,10
rudderless,10
rudderpost,10
rudderstock,11
ruddiness,9
ruddle,6
ruddles,7
ruddy,5
rude,4
rudely,6
rudeness,8
rudiment,8
rudimentary,11
rudiments,9
rudra,5
rueful,6
ruefully,8
ruefulness,10
ruff,4
ruffian,7
ruffianism,10
ruffianly,9
ruffle,6
ruffled,7
ruga,4
rugby,5
rugelach,8
rugged,6
ruggedisation,13
ruggedise,9
ruggedization,13
ruggedize,9
ruggedly,8
ruggedness,10
ruggelach,9
rugger,6
rugose,6
rugulah,7
ruhr,4
ruin,4
ruination,9
ruined,6
ruiner,6
ruining,7
ruinous,7
ruinously,9
rule,4
ruled,5
ruler,5
rulership,9
ruling,6
ruly,4
rumania,7
rumanian,8
rumansh,7
rumba,5
rumble,6
rumbling,8
rumbustious,11
rumen,5
rumex,5
ruminant,8
ruminantia,10
ruminate,8
rumination,10
ruminative,10
ruminator,9
rummage,7
rummer,6
rummy,5
rumohra,7
rumor,5
rumormonger,11
rumour,6
rumourmonger,12
rump,4
rumpelstiltskin,15
rumple,6
rumpled,7
rumpus,6
rumrunner,9
runabout,8
runaway,7
runch,5
runcinate,9
rundle,6
rundown,7
rundstedt,9
rune,4
rung,4
runic,5
runnel,6
runner,6
runniness,9
running,7
runny,5
runoff,6
runproof,8
runt,4
runtiness,9
runty,5
runup,5
runway,6
runyon,6
rupee,5
rupert,6
rupestral,9
rupiah,6
rupicapra,9
rupicola,8
rupicolous,10
ruptiliocarpon,14
rupture,7
rupturewort,11
rural,5
ruralism,8
ruralist,8
rurality,8
rurally,7
ruritania,9
ruritanian,10
ruscaceae,9
ruscus,6
ruse,4
rush,4
rushdie,7
rushed,6
rusher,6
rushing,7
rushlight,9
rushlike,8
rushmore,8
rushy,5
rusk,4
ruskin,6
russell,7
russet,6
russia,6
russian,7
russula,7
russulaceae,11
rust,4
rustbelt,8
rusted,6
rustic,6
rusticate,9
rustication,11
rusticism,9
rusticity,9
rustiness,9
rusting,7
rustle,6
rustler,7
rustless,8
rustling,8
rustproof,9
rustproofed,11
rusty,5
ruta,4
rutabaga,8
rutaceae,8
ruth,4
ruthenium,9
rutherford,10
rutherfordium,13
ruthful,7
ruthfulness,11
ruthless,8
ruthlessly,10
ruthlessness,12
rutile,6
rutilus,7
rutland,7
rutledge,8
rutted,6
ruttish,7
rutty,5
rwanda,6
rwandan,7
rydberg,7
ryegrass,8
rynchopidae,11
rynchops,8
rypticus,8
ryukyuan,8
saale,5
saame,5
saami,5
saarinen,8
saba,4
sabah,5
sabahan,7
sabal,5
sabaoth,7
sabaton,7
sabayon,7
sabbat,6
sabbatarian,11
sabbath,7
sabbatia,8
sabbatic,8
sabbatical,10
sabbatum,8
sabellian,9
saber,5
sabertooth,10
sabertoothed,12
sabicu,6
sabin,5
sabine,6
sabinea,7
sable,5
sabot,5
sabotage,8
saboteur,8
sabra,5
sabre,5
sacagawea,9
sacajawea,9
saccade,7
saccadic,8
saccharase,10
saccharide,10
saccharify,10
saccharin,9
saccharine,10
saccharinity,12
saccharomyces,13
saccharose,10
saccharum,9
sacco,5
sacculate,9
sacculated,10
saccule,7
sacculus,8
sacerdotal,10
sacerdotalism,13
saceur,6
sachem,6
sachet,6
sachsen,7
sack,4
sackbut,7
sackcloth,9
sacked,6
sackful,7
sacking,7
saclant,7
saclike,7
sacque,6
sacral,6
sacrament,9
sacramental,11
sacramento,10
sacred,6
sacredly,8
sacredness,10
sacrifice,9
sacrificeable,13
sacrificer,10
sacrificial,11
sacrilege,9
sacrilegious,12
sacrilegiously,14
sacristan,9
sacristy,8
sacrosanct,10
sacrum,6
sadat,5
saddam,6
sadden,6
saddhu,6
saddle,6
saddleback,10
saddlebag,9
saddlebill,10
saddlebow,9
saddlecloth,11
saddled,7
saddler,7
saddlery,8
sadducean,9
sadducee,8
sade,4
sadhe,5
sadhu,5
sadism,6
sadist,6
sadistic,8
sadleria,8
sadly,5
sadness,7
sadomasochism,13
sadomasochist,13
sadomasochistic,15
saek,4
safaqis,7
safar,5
safari,6
safe,4
safebreaker,11
safecracker,11
safeguard,9
safehold,8
safekeeping,11
safely,6
safeness,8
safety,6
safflower,9
saffranine,10
saffron,7
safranin,8
safranine,9
saga,4
sagacious,9
sagaciously,11
sagaciousness,13
sagacity,8
sagamore,8
sage,4
sagebrush,9
sagely,6
sagging,7
sagina,6
saginaw,7
sagitta,7
sagittal,8
sagittaria,10
sagittariidae,13
sagittarius,11
sagittate,9
sagittiform,11
sago,4
saguaro,7
sahaptin,8
sahaptino,9
sahara,6
saharan,7
sahib,5
sahuaro,7
said,4
saida,5
saiga,5
saigon,6
sail,4
sailboat,8
sailcloth,9
sailfish,8
sailing,7
sailmaker,9
sailor,6
sailplane,9
sailplaning,11
saimiri,7
sainfoin,8
saint,5
sainted,7
sainthood,9
saintlike,9
saintliness,11
saintly,7
saintpaulia,11
saipan,6
sajama,6
sakartvelo,10
sake,4
sakharov,8
saki,4
sakkara,7
sakti,5
saktism,7
salaah,6
salaam,6
salaat,6
salability,10
salable,7
salableness,11
salacious,9
salaciously,11
salaciousness,13
salacity,8
salad,5
salade,6
saladin,7
salafism,8
salah,5
salai,5
salal,5
salamander,10
salamandra,10
salamandridae,13
salamandriform,14
salami,6
salaried,8
salary,6
salat,5
sale,4
saleable,8
salem,5
saleratus,9
salerno,7
saleroom,8
sales,5
salesclerk,10
salesgirl,9
saleslady,9
salesman,8
salesmanship,12
salesperson,11
salesroom,9
saleswoman,10
salian,6
salicaceae,10
salicales,9
salicornia,10
salicylate,10
salience,8
saliency,8
salient,7
salientia,9
salientian,10
saliferous,10
salim,5
salina,6
salinate,8
saline,6
salinger,8
salinity,8
salinometer,11
salisbury,9
salish,6
salishan,8
saliva,6
salivary,8
salivate,8
salivation,10
salix,5
salk,4
sallet,6
sallow,6
sallowness,10
sally,5
salmacis,8
salmagundi,10
salmi,5
salmo,5
salmon,6
salmonberry,11
salmonella,10
salmonellosis,13
salmonid,8
salmonidae,10
salmwood,8
salol,5
salome,6
salomon,7
salon,5
salonica,8
salonika,8
saloon,6
salp,4
salpa,5
salpichroa,10
salpidae,8
salpiglossis,12
salpinctes,10
salpingectomy,13
salpingitis,11
salpinx,7
salsa,5
salsify,7
salsilla,8
salsola,7
salt,4
saltate,7
saltation,9
saltbox,7
saltbush,8
saltcellar,10
salted,6
salter,6
saltine,7
saltiness,9
salting,7
saltire,7
saltish,7
saltlike,8
saltpan,7
saltpeter,9
saltpetre,9
saltshaker,10
saltwater,9
saltworks,9
saltwort,8
salty,5
salubrious,10
salubriousness,14
salubrity,9
saluki,6
salutary,8
salutation,10
salutatorian,12
salutatory,10
salute,6
saluter,7
salvador,8
salvadora,9
salvadoraceae,13
salvadoran,10
salvadorean,11
salvadorian,11
salvage,7
salvageable,11
salvager,8
salvation,9
salve,5
salvelinus,10
salver,6
salverform,10
salvia,6
salvific,8
salving,7
salvinia,8
salviniaceae,12
salvinorin,10
salvo,5
salvor,6
salwar,6
salyut,6
salzburg,8
saman,5
samanala,8
samara,6
samarang,8
samarcand,9
samaria,7
samaritan,9
samarium,8
samarkand,9
samarskite,10
samba,5
sambar,6
sambre,6
sambuca,7
sambucus,8
sambur,6
same,4
samekh,6
sameness,8
samhita,7
sami,4
samia,5
samiel,6
samisen,7
samite,6
samizdat,8
samnite,7
samoa,5
samoan,6
samolus,7
samosa,6
samovar,7
samoyed,7
samoyede,8
samoyedic,9
sampan,6
samphire,8
sample,6
sampler,7
sampling,8
samsara,7
samson,6
samuel,6
samurai,7
sana,4
sanaa,5
sanatarium,10
sanative,8
sanatorium,10
sanchez,7
sanctification,14
sanctified,10
sanctify,8
sanctimonious,13
sanctimoniously,15
sanctimony,10
sanction,8
sanctionative,13
sanctioned,10
sanctioning,11
sanctitude,10
sanctity,8
sanctuary,9
sanctum,7
sand,4
sandal,6
sandaled,8
sandalled,9
sandalwood,10
sandarac,8
sandarach,9
sandbag,7
sandbagger,10
sandbank,8
sandbar,7
sandberry,9
sandblast,9
sandblaster,11
sandbox,7
sandboy,7
sandbur,7
sandburg,8
sander,6
sanderling,10
sandfish,8
sandfly,7
sandglass,9
sandgrouse,10
sandhi,6
sandhopper,10
sandiness,9
sandlike,8
sandlot,7
sandman,7
sandpaper,9
sandpapery,10
sandpile,8
sandpiper,9
sandpit,7
sandril,7
sands,5
sandspur,8
sandstone,9
sandstorm,9
sandwich,8
sandwichman,11
sandwort,8
sandy,5
sane,4
sanely,6
saneness,8
sanfoin,7
sang,4
sangapenum,10
sangaree,8
sangay,6
sanger,6
sango,5
sangoma,7
sangraal,8
sangria,7
sanguification,14
sanguinaria,11
sanguinary,10
sanguine,8
sanguineness,12
sanguineous,11
sanguinity,10
sanhedrin,9
sanicle,7
sanicula,8
sanies,6
sanious,7
sanitariness,12
sanitarium,10
sanitary,8
sanitate,8
sanitation,10
sanitisation,12
sanitise,8
sanitised,9
sanitization,12
sanitize,8
sanitized,9
sanity,6
sannup,6
sannyasi,8
sannyasin,9
sansevieria,11
sanskrit,8
santa,5
santalaceae,11
santalales,10
santalum,8
santee,6
santiago,8
santims,7
santolina,9
santos,6
sanvitalia,10
sanyasi,7
saone,5
saphar,6
saphead,7
sapid,5
sapidity,8
sapidness,9
sapience,8
sapiens,7
sapient,7
sapiential,10
sapiently,9
sapindaceae,11
sapindales,10
sapindus,8
sapir,5
sapless,7
sapling,7
sapodilla,9
saponaceous,11
saponaria,9
saponification,14
saponified,10
saponify,8
saponin,7
saporous,8
sapota,6
sapotaceae,10
sapote,6
sapper,6
sapphic,7
sapphire,8
sapphirine,10
sapphism,8
sappho,6
sapporo,7
sappy,5
sapraemia,9
sapremia,8
saprobe,7
saprobic,8
saprolegnia,11
saprolegniales,14
saprolite,9
sapropel,8
saprophagous,12
saprophyte,10
saprophytic,11
saprozoic,9
sapsago,7
sapsucker,9
sapwood,7
saqqara,7
saqqarah,8
saquinavir,10
saraband,8
saracen,7
sarafem,7
saragossa,9
sarah,5
sarajevo,8
saran,5
sarape,6
sarasota,8
sarasvati,9
saratoga,8
saratov,7
sarawak,7
sarawakian,10
sarazen,7
sarcasm,7
sarcastic,9
sarcastically,13
sarcenet,8
sarcobatus,10
sarcocephalus,13
sarcochilus,11
sarcocystidean,14
sarcocystieian,14
sarcocystis,11
sarcodes,8
sarcodina,9
sarcodine,9
sarcodinian,11
sarcoid,7
sarcoidosis,11
sarcolemma,10
sarcolemmal,11
sarcolemmic,11
sarcolemnous,12
sarcoma,7
sarcomere,9
sarcophaga,10
sarcophagus,11
sarcophilus,11
sarcoplasm,10
sarcoptes,9
sarcoptid,9
sarcoptidae,11
sarcorhamphus,13
sarcoscyphaceae,15
sarcosine,9
sarcosomal,10
sarcosomataceae,15
sarcosome,9
sarcosporidia,13
sarcosporidian,14
sarcostemma,11
sarcostyle,10
sard,4
sarda,5
sardegna,8
sardina,7
sardine,7
sardinia,8
sardinian,9
sardinops,9
sardis,6
sardius,7
sardonic,8
sardonically,12
sardonyx,8
saree,5
sargasso,8
sargassum,9
sargent,7
sari,4
sarin,5
sarnoff,7
sarong,6
saroyan,7
sarpanitu,9
sarpedon,8
sarracenia,10
sarraceniaceae,14
sarraceniales,13
sars,4
sarsaparilla,12
sarsenet,8
sartor,6
sartorial,9
sartorius,9
sartre,6
sash,4
sashay,6
sashimi,7
saskatchewan,12
saskatoon,9
sasquatch,9
sass,4
sassaby,7
sassafras,9
sassenach,9
sassing,7
sassy,5
satan,5
satang,6
satanic,7
satanism,8
satanist,8
satanophobia,12
satchel,7
satchmo,7
sate,4
sateen,6
satellite,9
satiable,8
satiate,7
satiated,8
satiation,9
satie,5
satiety,7
satin,5
satinet,7
satinette,9
satinleaf,9
satinpod,8
satinwood,9
satiny,6
satire,6
satiric,7
satirical,9
satirically,11
satirise,8
satirist,8
satirize,8
satisfaction,12
satisfactorily,14
satisfactory,12
satisfiable,11
satisfice,9
satisfied,9
satisfier,9
satisfise,9
satisfy,7
satisfying,10
satisfyingly,12
satori,6
satrap,6
satsuma,7
saturate,8
saturated,9
saturation,10
saturday,8
satureia,8
satureja,8
saturn,6
saturnalia,10
saturnia,8
saturniid,9
saturniidae,11
saturnine,9
saturnism,9
satyagraha,10
satyr,5
satyriasis,10
satyric,7
satyrical,9
satyridae,9
sauce,5
sauceboat,9
saucepan,8
saucepot,8
saucer,6
saucily,7
sauciness,9
saucy,5
saudi,5
sauerbraten,11
sauerkraut,10
sauk,4
saul,4
sauna,5
saunter,7
saunterer,9
saurel,6
sauria,6
saurian,7
saurischia,10
saurischian,11
sauromalus,10
sauropod,8
sauropoda,9
sauropodomorpha,15
sauropterygia,13
saurosuchus,11
saururaceae,11
saururus,8
saury,5
sausage,7
saussure,8
saussurea,9
saute,5
sauteed,7
sauteing,8
sauterne,8
sauternes,9
savage,6
savagely,8
savageness,10
savagery,8
savanna,7
savannah,8
savant,6
savara,6
savarin,7
save,4
saved,5
saveloy,7
saver,5
savin,5
saving,6
savings,7
savior,6
saviour,7
savitar,7
savonarola,10
savor,5
savoriness,10
savoring,8
savorless,9
savorlessness,13
savory,6
savour,6
savouring,9
savourless,10
savourlessness,14
savoury,7
savoy,5
savoyard,8
savvy,5
sawan,5
sawbill,7
sawbones,8
sawbuck,7
sawdust,7
sawfish,7
sawfly,6
sawhorse,8
sawm,4
sawmill,7
sawpit,6
sawtooth,8
sawwort,7
sawyer,6
saxatile,8
saxe,4
saxegothea,10
saxhorn,7
saxicola,8
saxicoline,10
saxicolous,10
saxifraga,9
saxifragaceae,13
saxifrage,9
saxist,6
saxitoxin,9
saxon,5
saxony,6
saxophone,9
saxophonist,11
sayanci,7
sayda,5
sayeret,7
sayers,6
saying,6
sayonara,8
sayornis,8
sazerac,7
scab,4
scabbard,8
scabby,6
scabicide,9
scabies,7
scabiosa,8
scabious,8
scablands,9
scabrous,8
scad,4
scads,5
scaffold,8
scaffolding,11
scag,4
scalability,11
scalable,8
scalage,7
scalar,6
scalawag,8
scald,5
scale,5
scaled,6
scaleless,9
scalelike,9
scalene,7
scalenus,8
scaler,6
scaley,6
scalic,6
scaliness,9
scaling,7
scallion,8
scallop,7
scalloped,9
scallopine,10
scallopini,10
scallywag,9
scalp,5
scalpel,7
scalper,7
scaly,5
scam,4
scammer,7
scammony,8
scammonyroot,12
scamp,5
scamper,7
scampi,6
scampo,6
scan,4
scandal,7
scandalisation,14
scandalise,10
scandalization,14
scandalize,10
scandalmonger,13
scandalous,10
scandalously,12
scandalousness,14
scandent,8
scandentia,10
scandinavia,11
scandinavian,12
scandium,8
scanner,7
scanning,8
scansion,8
scant,5
scantily,8
scantiness,10
scantling,9
scantness,9
scanty,6
scape,5
scapegoat,9
scapegrace,10
scaphiopus,10
scaphocephaly,13
scaphoid,8
scaphopod,9
scaphopoda,10
scaphosepalum,13
scapose,7
scapula,7
scapular,8
scapulary,9
scapulohumeral,14
scar,4
scarab,6
scarabaean,10
scarabaeid,10
scarabaeidae,12
scarabaeus,10
scaramouch,10
scaramouche,11
scarce,6
scarcely,8
scarceness,10
scarcity,8
scardinius,10
scare,5
scarecrow,9
scarecrowish,12
scared,6
scaremonger,11
scarer,6
scarey,6
scarf,5
scarface,8
scarfpin,8
scaridae,8
scarify,7
scarily,7
scarlatina,10
scarlet,7
scarp,5
scarper,7
scarred,7
scartella,9
scary,5
scat,4
scathe,6
scathing,8
scathingly,10
scatological,12
scatology,9
scatophagy,10
scatter,7
scatterbrain,12
scatterbrained,14
scattered,9
scattergood,11
scattergun,10
scattering,10
scattershot,11
scatty,6
scaup,5
scauper,7
scavenge,8
scavenger,9
sceliphron,10
sceloglaux,10
sceloporus,10
scenario,8
scenarist,9
scend,5
scene,5
scenery,7
sceneshifter,12
scenic,6
scenically,10
scent,5
scented,7
scentless,9
scepter,7
sceptered,9
sceptic,7
sceptical,9
sceptically,11
scepticism,10
sceptre,7
sceptred,8
scet,4
schadenfreude,13
schaffneria,11
schedule,8
scheduled,9
scheduler,9
scheduling,10
scheele,7
scheelite,9
schefflera,10
scheldt,7
schema,6
schematic,9
schematically,13
schematisation,14
schematise,10
schematization,14
schematize,10
scheme,6
schemer,7
scheming,8
schemozzle,10
schenectady,11
scheol,6
scherzo,7
schiaparelli,12
schiller,8
schilling,9
schinus,7
schipperke,10
schism,6
schismatic,10
schismatical,12
schismatically,14
schist,6
schistorrhachis,15
schistosoma,11
schistosome,11
schistosomiasis,15
schizachyrium,13
schizaea,8
schizaeaceae,12
schizanthus,11
schizocarp,10
schizogony,10
schizoid,8
schizomycetes,13
schizopetalon,13
schizophragma,13
schizophrenia,13
schizophrenic,13
schizophyceae,13
schizophyta,11
schizopoda,10
schizothymia,12
schleiden,9
schlemiel,9
schlep,6
schlepper,9
schlesien,9
schlesinger,11
schliemann,10
schlimazel,10
schlock,7
schlockmeister,14
schlumbergera,13
schmaltz,8
schmaltzy,9
schmalz,7
schmalzy,8
schmear,7
schmeer,7
schmegegge,10
schmidt,7
schmo,5
schmoose,8
schmooze,8
schmoozer,9
schmuck,7
schnabel,8
schnapps,8
schnaps,7
schnauzer,9
schnecken,9
schnittlaugh,12
schnitzel,9
schnook,7
schnorchel,10
schnorkel,9
schnorr,7
schnorrer,9
schnoz,6
schnozzle,9
schoenberg,10
scholar,7
scholarly,9
scholarship,11
scholastic,10
scholastically,14
scholasticism,13
scholia,7
scholiast,9
scholium,8
schomburgkia,12
schonbein,9
schonberg,9
school,6
schoolbag,9
schoolbook,10
schoolboy,9
schoolboyish,12
schoolchild,11
schoolcraft,11
schooldays,10
schoolfellow,12
schoolfriend,12
schoolgirl,10
schoolgirlish,13
schoolhouse,11
schooling,9
schoolman,9
schoolmarm,10
schoolmaster,12
schoolmate,10
schoolmistress,14
schoolroom,10
schoolteacher,13
schooltime,10
schoolwide,10
schoolwork,10
schoolyard,10
schooner,8
schopenhauer,12
schorl,6
schottische,11
schrod,6
schrodinger,11
schtick,7
schtickl,8
schtik,6
schtikl,7
schubert,8
schulz,6
schumann,8
schumpeter,10
schuss,6
schutzstaffel,13
schwa,5
schwann,7
schwarzwald,11
schweitzer,10
schweiz,7
sciadopityaceae,15
sciadopitys,11
sciaena,7
sciaenid,8
sciaenidae,10
sciaenops,9
sciara,6
sciarid,7
sciaridae,9
sciatic,7
sciatica,8
scid,4
science,7
scienter,8
scientific,10
scientifically,14
scientist,9
scientology,11
scilla,6
scimitar,8
scincella,9
scincid,7
scincidae,9
scincus,7
scindapsus,10
scintilla,9
scintillant,11
scintillate,11
scintillating,13
scintillation,13
sciolism,8
sciolist,8
sciolistic,10
scion,5
scipio,6
scirpus,7
scission,8
scissor,7
scissors,8
scissortail,11
scissure,8
sciuridae,9
sciuromorpha,12
sciurus,7
sclaff,6
sclera,6
scleranthus,11
scleredema,10
sclerite,8
scleritis,9
scleroderma,11
sclerometer,11
scleropages,11
scleroparei,11
scleroprotein,13
sclerosed,9
sclerosis,9
sclerotic,9
sclerotinia,11
sclerotiniaceae,15
sclerotium,10
sclerotomy,10
sclk,4
scnt,4
scoff,5
scoffer,7
scoffing,8
scoffingly,10
scofflaw,8
scoke,5
scold,5
scolder,7
scolding,8
scolion,7
scoliosis,9
scollop,7
scolopacidae,12
scolopax,8
scolopendrium,13
scolymus,8
scolytidae,10
scolytus,8
scomber,7
scomberesocidae,15
scomberesox,11
scomberomorus,13
scombresocidae,14
scombresox,10
scombridae,10
scombroid,9
scombroidea,11
sconce,6
scone,5
scoop,5
scoopful,8
scoot,5
scooter,7
scopal,6
scope,5
scopes,6
scophthalmus,12
scopolamine,11
scopolia,8
scorbutic,9
scorbutus,9
scorch,6
scorched,8
scorcher,8
scorching,9
score,5
scoreboard,10
scorecard,9
scorekeeper,11
scoreless,9
scorer,6
scores,6
scoria,6
scoring,7
scorn,5
scorned,7
scorner,7
scornful,8
scornfully,10
scorpaena,9
scorpaenid,10
scorpaenidae,12
scorpaenoid,11
scorpaenoidea,13
scorper,7
scorpio,7
scorpion,8
scorpionfish,12
scorpionida,11
scorpionweed,12
scorpius,8
scorsese,8
scorzonera,10
scot,4
scotch,6
scotchman,9
scotchwoman,11
scoter,6
scotland,8
scotoma,7
scotomatous,11
scots,5
scotsman,8
scotswoman,10
scott,5
scottie,7
scottish,8
scoundrel,9
scoundrelly,11
scour,5
scoured,7
scourer,7
scourge,7
scourger,8
scouring,8
scours,6
scouse,6
scouser,7
scout,5
scouter,7
scouting,8
scoutmaster,11
scow,4
scowl,5
scowling,8
scpo,4
scrabble,8
scrabbly,8
scrag,5
scraggly,8
scraggy,7
scram,5
scramble,8
scrambled,9
scrambler,9
scranch,7
scranton,8
scrap,5
scrapbook,9
scrape,6
scraper,7
scrapheap,9
scrapie,7
scraping,8
scrapper,8
scrappily,9
scrappiness,11
scrapple,8
scrappy,7
scraps,6
scratch,7
scratcher,9
scratchiness,12
scratching,10
scratchpad,10
scratchy,8
scraunch,8
scrawl,6
scrawler,8
scrawniness,11
scrawny,7
screak,6
screakily,9
screaky,7
scream,6
screamer,8
screaming,9
screamingly,11
scree,5
screech,7
screecher,9
screeching,10
screechy,8
screed,6
screen,6
screener,8
screening,9
screenland,10
screenplay,10
screenwriter,12
screw,5
screwball,9
screwballer,11
screwbean,9
screwdriver,11
screwing,8
screwtop,8
screwup,7
screwy,6
scriabin,8
scribble,8
scribbler,9
scribe,6
scriber,7
scrim,5
scrimmage,9
scrimp,6
scrimpy,7
scrimshank,10
scrimshanker,12
scrimshaw,9
scrimy,6
scrip,5
scripps,7
script,6
scripted,8
scriptorium,11
scriptural,10
scripture,9
scriptwriter,12
scrivened,9
scrivener,9
scrod,5
scrofula,8
scrofulous,10
scroll,6
scrooge,7
scrophularia,12
scrophulariales,15
scrotal,7
scrotum,7
scrounge,8
scrounger,9
scrub,5
scrubbed,8
scrubber,8
scrubbiness,11
scrubbing,9
scrubbird,9
scrubby,7
scrubland,9
scrubs,6
scruff,6
scruffy,7
scrum,5
scrummage,9
scrumptious,11
scrumptiously,13
scrumpy,7
scrunch,7
scruple,7
scruples,8
scrupulous,10
scrupulously,12
scrupulousness,14
scrutineer,10
scrutinise,10
scrutiniser,11
scrutinize,10
scrutinizer,11
scrutiny,8
scry,4
scsi,4
scuba,5
scud,4
scudding,8
scuff,5
scuffer,7
scuffle,7
scull,5
sculler,7
scullery,8
sculling,8
scullion,8
sculpin,7
sculpt,6
sculpted,8
sculptor,8
sculptress,10
sculptural,10
sculpture,9
sculptured,10
sculpturer,10
sculpturesque,13
scum,4
scumble,7
scummy,6
scunner,7
scup,4
scupper,7
scuppernong,11
scurf,5
scurfy,6
scurrility,10
scurrilous,10
scurrilously,12
scurry,6
scurrying,9
scurvily,8
scurvy,6
scut,4
scutcheon,9
scute,5
scutellaria,11
scutigera,9
scutigerella,12
scutigeridae,12
scuttle,7
scuttlebutt,11
scyliorhinidae,14
scylla,6
scyphozoa,9
scyphozoan,10
scyphus,7
scythe,6
scythia,7
scythian,8
seabag,6
seabed,6
seabird,7
seaboard,8
seaborg,7
seaborgium,10
seaborne,8
seacoast,8
seafarer,8
seafaring,9
seafood,7
seafowl,7
seafront,8
seagirt,7
seagoing,8
seagrass,8
seagull,7
seahorse,8
seal,4
sealant,7
sealed,6
sealer,6
sealing,7
sealskin,8
sealyham,8
seam,4
seaman,6
seamanlike,10
seamanly,8
seamanship,10
seamed,6
seamless,8
seamount,8
seamster,8
seamstress,10
seamy,5
seanad,6
seance,6
seaplane,8
seaport,7
seaquake,8
sear,4
search,6
searcher,8
searching,9
searchingly,11
searchlight,11
seared,6
searing,7
searobin,8
seascape,8
seashell,8
seashore,8
seasick,7
seasickness,11
seaside,7
seasnail,8
season,6
seasonable,10
seasonableness,14
seasonably,10
seasonal,8
seasonally,10
seasoned,8
seasoner,8
seasoning,9
seat,4
seatbelt,8
seated,6
seating,7
seats,5
seattle,7
seawall,7
seaward,7
seawards,8
seawater,8
seaway,6
seaweed,7
seaworthiness,13
seaworthy,9
sebaceous,9
sebastiana,10
sebastodes,10
sebastopol,10
sebe,4
seborrhea,9
sebs,4
sebum,5
secale,6
secant,6
secateurs,9
secede,6
secern,6
secernate,9
secernment,10
secession,9
secessionism,12
secessionist,12
sechuana,8
seckel,6
seclude,7
secluded,8
seclusion,9
secobarbital,12
seconal,7
second,6
secondarily,11
secondary,9
seconder,8
secondhand,10
secondly,8
secondment,10
secondo,7
secotiaceae,11
secotiales,10
secpar,6
secrecy,7
secret,6
secretaire,10
secretarial,11
secretariat,11
secretariate,12
secretary,9
secretaryship,13
secretase,9
secrete,7
secreter,8
secretin,8
secretion,9
secretive,9
secretively,11
secretiveness,13
secretly,8
secretor,8
secretory,9
sect,4
sectarian,9
sectarianism,12
sectarist,9
sectary,7
section,7
sectional,9
sectionalise,12
sectionalism,12
sectionalize,12
sectioned,9
sector,6
sectorial,9
sectral,7
secular,7
secularisation,14
secularise,10
secularism,10
secularist,10
secularization,14
secularize,10
secundigravida,14
secure,6
securely,8
secureness,10
securer,7
security,8
sedalia,7
sedan,5
sedate,6
sedately,8
sedateness,10
sedation,8
sedative,8
sedentary,9
seder,5
sedge,5
sedgelike,9
sedgy,5
sediment,8
sedimentary,11
sedimentation,13
sedition,8
seditious,9
sedna,5
seduce,6
seducer,7
seduction,9
seductive,9
seductively,11
seductress,10
sedulity,8
sedulous,8
sedulously,10
sedulousness,12
sedum,5
seeable,7
seed,4
seedbed,7
seedcake,8
seedcase,8
seeded,6
seeder,6
seediness,9
seedless,8
seedling,8
seedman,7
seedpod,7
seedsman,8
seedtime,8
seedy,5
seeger,6
seeing,6
seek,4
seeker,6
seeking,7
seel,4
seeland,7
seem,4
seeming,7
seemingly,9
seemliness,10
seemly,6
seep,4
seepage,7
seeping,7
seer,4
seersucker,10
seesaw,6
seethe,6
seething,8
segal,5
segment,7
segmental,9
segmentation,12
segmented,9
segno,5
segovia,7
segregate,9
segregated,10
segregation,11
segregationism,14
segregationist,14
segregator,10
segue,5
segway,6
seiche,6
seidel,6
seigneur,8
seigneury,9
seignior,8
seigniorage,11
seigniory,9
seine,5
seism,5
seismal,7
seismic,7
seismogram,10
seismograph,11
seismography,12
seismologic,11
seismological,13
seismologist,12
seismology,10
seismosaur,10
seismosaurus,12
seiurus,7
seize,5
seizer,6
seizing,7
seizure,7
sekhet,6
selachian,9
selachii,8
selaginella,11
selaginellaceae,15
selaginellales,14
selar,5
selcraig,8
seldom,6
select,6
selected,8
selection,9
selective,9
selectively,11
selectivity,11
selectman,9
selector,8
selectwoman,11
selenarctos,11
selene,6
selenicereus,12
selenipedium,12
selenium,8
selenolatry,11
selenology,10
seles,5
seleucus,8
self,4
selfish,7
selfishly,9
selfishness,11
selfless,8
selflessly,10
selflessness,12
selfsame,8
selfsameness,12
seljuk,6
selkirk,7
selkup,6
sell,4
sellable,8
seller,6
sellers,7
selling,7
selloff,7
sellotape,9
sellout,7
selma,5
selsyn,6
seltzer,7
selva,5
selvage,7
selvedge,8
selznick,8
semantic,8
semantically,12
semanticist,11
semantics,9
semaphore,9
semarang,8
semasiology,11
semblance,9
semen,5
semester,8
semestral,9
semestrial,10
semi,4
semiabstract,12
semiannual,10
semiannually,12
semiaquatic,11
semiarid,8
semiautomatic,13
semibreve,9
semicentenary,13
semicentennial,14
semicircle,10
semicircular,12
semicolon,9
semicoma,8
semicomatose,12
semiconducting,14
semiconductive,14
semiconductor,13
semiconscious,13
semidark,8
semidarkness,12
semidesert,10
semidetached,12
semidiameter,12
semiempirical,13
semiepiphyte,12
semifinal,9
semifinalist,12
semifluidity,12
semiformal,10
semigloss,9
semihard,8
semiliquid,10
semiliterate,12
semilunar,9
semimonthly,11
seminal,7
seminar,7
seminarian,10
seminarist,10
seminary,8
seminiferous,12
seminole,8
seminoma,8
seminude,8
semiofficial,12
semiology,9
semiopaque,10
semiotic,8
semiotical,10
semiotician,11
semiotics,9
semiparasite,12
semiparasitic,13
semipermanent,13
semipermeable,13
semipolitical,13
semiprecious,12
semiprivate,11
semipro,7
semipublic,10
semiquaver,10
semirigid,9
semiskilled,11
semisoft,8
semisolid,9
semisweet,9
semisynthetic,13
semite,6
semiterrestrial,15
semitic,7
semitone,8
semitrailer,11
semitrance,10
semitransparent,15
semitropic,10
semitropical,12
semitropics,11
semivowel,9
semiweekly,10
semolina,8
sempatch,8
sempiternal,11
sempiternity,12
sempstress,10
senate,6
senator,7
senatorial,10
senatorship,11
send,4
sendee,6
sender,6
sending,7
sendup,6
sene,4
seneca,6
senecan,7
senecio,7
senefelder,10
senega,6
senegal,7
senegalese,10
senesce,7
senescence,10
senescent,9
seneschal,9
senhor,6
senile,6
senility,8
senior,6
seniority,9
seniti,6
senna,5
sennacherib,11
sennenhunde,11
sennett,7
sennit,6
senor,5
senora,6
senorita,8
sens,4
sensate,7
sensation,9
sensational,11
sensationalism,14
sensationalist,14
sensationally,13
sense,5
sensed,6
senseless,9
senselessly,11
senselessness,13
sensibilise,11
sensibility,11
sensibilize,11
sensible,8
sensibleness,12
sensibly,8
sensify,7
sensing,7
sensitisation,13
sensitise,9
sensitised,10
sensitiser,10
sensitising,11
sensitive,9
sensitively,11
sensitiveness,13
sensitivity,11
sensitization,13
sensitize,9
sensitized,10
sensitizer,10
sensitizing,11
sensitometer,12
sensor,6
sensorial,9
sensorimotor,12
sensorineural,13
sensorium,9
sensory,7
sensual,7
sensualise,10
sensualism,10
sensualist,10
sensuality,10
sensualize,10
sensually,9
sensualness,11
sensuous,8
sensuously,10
sensuousness,12
sent,4
sente,5
sentence,8
sentential,10
sententious,11
sententiously,13
sentience,9
sentiency,9
sentient,8
sentiment,9
sentimental,11
sentimentalise,14
sentimentalism,14
sentimentalist,14
sentimentality,14
sentimentalize,14
sentimentally,13
sentimentise,12
sentimentize,12
sentinel,8
sentry,6
seoul,5
sepal,5
sepaline,8
sepaloid,8
separability,12
separable,9
separably,9
separate,8
separated,9
separately,10
separateness,12
separation,10
separationism,13
separationist,13
separatism,10
separatist,10
separative,10
separator,9
separatrix,10
sephardi,8
sepia,5
sepiidae,8
sepiolite,9
seppuku,7
sepsis,6
sept,4
septal,6
septate,7
septation,9
septectomy,10
september,9
septenary,9
septet,6
septette,8
septic,6
septicaemia,11
septicemia,10
septicemic,10
septillion,10
septobasidium,13
septrional,10
septuagenarian,14
septuagesima,12
septuagint,10
septum,6
septuple,8
sepulcher,9
sepulchral,10
sepulchre,9
sepulture,9
sequel,6
sequela,7
sequella,8
sequenator,10
sequence,8
sequencer,9
sequent,7
sequential,10
sequentially,12
sequester,9
sequestered,11
sequestrate,11
sequestration,13
sequin,6
sequined,8
sequoia,7
sequoiadendron,14
sequoya,7
sequoyah,8
seraglio,8
serail,6
serape,6
seraph,6
seraphic,8
seraphical,10
serax,5
serb,4
serbia,6
serbian,7
serdica,7
sere,4
serenade,8
serendipitous,13
serendipity,11
serene,6
serenely,8
sereness,8
serengeti,9
serenity,8
serenoa,7
serer,5
serf,4
serfdom,7
serfhood,8
serflike,8
serge,5
sergeant,8
serger,6
serial,6
serialisation,13
serialise,9
serialism,9
serialization,13
serialize,9
serially,8
seriatim,8
sericeous,9
sericocarpus,12
sericterium,11
serictery,9
sericultural,12
sericulture,11
sericulturist,13
seriema,7
series,6
serif,5
serigraph,9
serigraphy,10
serin,5
serine,6
serinus,7
seriocomedy,11
seriocomic,10
seriocomical,12
seriola,7
serious,7
seriously,9
seriousness,11
seriph,6
seriphidium,11
seriphus,8
serjeant,8
serkin,6
sermon,6
sermonise,9
sermoniser,10
sermonize,9
sermonizer,10
serologic,9
serological,11
serologist,10
serology,8
serosa,6
serotine,8
serotonin,9
serous,6
serow,5
serpasil,8
serpens,7
serpent,7
serpentes,9
serpentine,10
serra,5
serranid,8
serranidae,10
serranus,8
serrasalmus,11
serrate,7
serrated,8
serratia,8
serration,9
serratula,9
serratus,8
serried,7
serrulate,9
sertraline,10
sertularia,10
sertularian,11
serum,5
serval,6
servant,7
serve,5
server,6
service,7
serviceability,14
serviceable,11
serviceableness,15
serviceberry,12
serviceman,10
services,8
servicing,9
serviette,9
servile,7
servilely,9
servility,9
serving,7
servitor,8
servitude,9
servo,5
servomechanical,15
servomechanism,14
servosystem,11
serzone,7
sesame,6
sesamoid,8
sesamum,7
sesbania,8
seseli,6
sesotho,7
sesquipedalia,13
sesquipedalian,14
sesquipedality,14
sess,4
sessile,7
session,7
sessions,8
sestet,6
seta,4
setaceous,9
setaria,7
setback,7
seth,4
setline,7
setoff,6
seton,5
setophaga,9
setose,6
setscrew,8
setswana,8
sett,4
settee,6
setter,6
setterwort,10
setting,7
settle,6
settled,7
settlement,10
settler,7
settling,8
settlings,9
settlor,7
setubal,7
setup,5
seurat,6
sevastopol,10
seven,5
sevener,7
sevenfold,9
sevens,6
sevensome,9
seventeen,9
seventeenth,11
seventh,7
seventhly,9
seventies,9
seventieth,10
seventy,7
sever,5
severable,9
several,7
severalise,10
severalize,10
severally,9
severalty,9
severance,9
severe,6
severed,7
severely,8
severeness,10
severing,8
severity,8
severn,6
sevilla,7
seville,7
sewage,6
seward,6
sewed,5
sewellel,8
sewer,5
sewerage,8
sewing,6
sewn,4
sexagenarian,12
sexagesimal,11
sexcapade,9
sexed,5
sexiness,8
sexism,6
sexist,6
sexless,7
sexlessness,11
sexploitation,13
sexpot,6
sext,4
sextant,7
sextet,6
sextette,8
sextillion,10
sexton,6
sextuple,8
sextuplet,9
sexual,6
sexualise,9
sexuality,9
sexualize,9
sexually,8
sexy,4
seychelles,10
seychellois,11
seyhan,6
seymour,7
sezession,9
sfax,4
sforzando,9
sgml,4
sgraffito,9
shaaban,7
shabbily,8
shabbiness,10
shabby,6
shabu,5
shabuoth,8
shack,5
shackle,7
shackled,8
shad,4
shadberry,9
shadblow,8
shadbush,8
shaddock,8
shade,5
shaded,6
shades,6
shadflower,10
shadfly,7
shadiness,9
shading,7
shadow,6
shadowbox,9
shadowboxing,12
shadowed,8
shadower,8
shadowgraph,11
shadowiness,11
shadowing,9
shadowy,7
shady,5
shaft,5
shag,4
shagbark,8
shagged,7
shaggily,8
shagginess,10
shaggy,6
shaggymane,10
shah,4
shahadah,8
shahaptian,10
shaheed,7
shahn,5
shaitan,7
shakable,8
shake,5
shakeable,9
shakedown,9
shaken,6
shakeout,8
shaker,6
shakers,7
shakespeare,11
shakespearean,13
shakespearian,13
shakeup,7
shakily,7
shakiness,9
shaking,7
shako,5
shakspere,9
shakti,6
shaktism,8
shaktist,8
shaky,5
shale,5
shallon,7
shallot,7
shallow,7
shallowly,9
shallowness,11
shallu,6
shalwar,7
sham,4
shaman,6
shamanise,9
shamanism,9
shamanist,9
shamanistic,11
shamanize,9
shamash,7
shamble,7
shambles,8
shambling,9
shambolic,9
shambolically,13
shame,5
shamed,6
shamefaced,10
shamefacedly,12
shamefacedness,14
shameful,8
shamefully,10
shamefulness,12
shameless,9
shamelessly,11
shamelessness,13
shamisen,8
shammer,7
shammy,6
shampoo,7
shamrock,8
shamus,6
shan,4
shandy,6
shandygaff,10
shang,5
shanghai,8
shanghaier,10
shank,5
shankar,7
shannon,7
shanny,6
shantung,8
shanty,6
shantytown,10
shape,5
shaped,6
shapeless,9
shapelessly,11
shapelessness,13
shapeliness,11
shapely,7
shaper,6
shaping,7
shapley,7
shard,5
share,5
sharecropper,12
shared,6
shareholder,11
shareholding,12
shareowner,10
sharer,6
shareware,9
shari,5
sharia,6
shariah,7
sharing,7
shark,5
sharkskin,9
sharksucker,11
sharp,5
sharpen,7
sharpened,9
sharpener,9
sharper,7
sharpie,7
sharply,7
sharpness,9
sharpshoot,10
sharpshooter,12
sharpy,6
shasta,6
shastan,7
shatter,7
shattered,9
shattering,10
shatterproof,12
shave,5
shaved,6
shaven,6
shaver,6
shavian,7
shaving,7
shavous,7
shavuot,7
shavuoth,8
shaw,4
shawl,5
shawm,5
shawn,5
shawnee,7
shawny,6
shawwal,7
shay,4
shaytan,7
sheaf,5
shear,5
sheared,7
shearer,7
shearing,8
shears,6
shearwater,10
sheatfish,9
sheath,6
sheathe,7
sheathed,8
sheathing,9
shebang,7
shebat,6
shebeen,7
shed,4
shedder,7
shedding,8
sheen,5
sheeny,6
sheep,5
sheepcote,9
sheepdog,8
sheepfold,9
sheepherder,11
sheepish,8
sheepishly,10
sheepishness,12
sheeplike,9
sheepman,8
sheeprun,8
sheepshank,10
sheepshead,10
sheepshearing,13
sheepskin,9
sheepwalk,9
sheer,5
sheesha,7
sheet,5
sheeting,8
sheetlike,9
sheetrock,9
sheffield,9
shegetz,7
sheik,5
sheika,6
sheikdom,8
sheikh,6
sheikha,7
sheikhdom,9
shekel,6
shekels,7
sheldrake,9
shelduck,8
shelf,5
shelfful,8
shelflike,9
shelfy,6
shell,5
shellac,7
shellack,8
shellbark,9
shelled,7
sheller,7
shelley,7
shellfire,9
shellfish,9
shellflower,11
shelling,8
shellproof,10
shelter,7
shelterbelt,11
sheltered,9
shelve,6
shelver,7
shelvy,6
shem,4
shema,5
shemozzle,9
shenanigan,10
shenyang,8
shepard,7
shepherd,8
shepherdess,11
sheraton,8
sherbert,8
sherbet,7
sherd,5
sheridan,8
sheriff,7
sherlock,8
sherman,7
sherpa,6
sherrington,11
sherry,6
sherwood,8
shetland,8
shevat,6
shevchenko,10
shew,4
shia,4
shiah,5
shiatsu,7
shibah,6
shibboleth,10
shield,6
shielded,8
shielder,8
shielding,9
shift,5
shifter,7
shiftily,8
shiftiness,10
shifting,8
shiftless,9
shiftlessness,13
shifty,6
shigella,8
shigellosis,11
shiism,6
shiitake,8
shiite,6
shikoku,7
shiksa,6
shikse,6
shill,5
shillalah,9
shillelagh,10
shilling,8
shillyshally,12
shiloh,6
shim,4
shimmer,7
shimmery,8
shimmy,6
shin,4
shina,5
shinbone,8
shindig,7
shindy,6
shine,5
shiner,6
shingle,7
shingler,8
shingles,8
shingling,9
shingly,7
shingon,7
shininess,9
shining,7
shinleaf,8
shinney,7
shinny,6
shinpad,7
shinplaster,11
shinto,6
shintoism,9
shintoist,9
shintoistic,11
shiny,5
ship,4
shipboard,9
shipbuilder,11
shipbuilding,12
shipload,8
shipmate,8
shipment,8
shipowner,9
shipper,7
shipping,8
shipshape,9
shipside,8
shipway,7
shipworm,8
shipwreck,9
shipwright,10
shipyard,8
shiraz,6
shire,5
shirer,6
shirk,5
shirker,7
shirking,8
shirr,5
shirring,8
shirt,5
shirtdress,10
shirtfront,10
shirting,8
shirtlifter,11
shirtmaker,10
shirtsleeve,11
shirtsleeves,12
shirttail,9
shirtwaist,10
shirtwaister,12
shirty,6
shisha,6
shit,4
shite,5
shithead,8
shitless,8
shitlist,8
shittah,7
shitter,7
shittim,7
shittimwood,11
shitting,8
shitty,6
shitwork,8
shiv,4
shiva,5
shivah,6
shivaism,8
shivaist,8
shivaree,8
shiver,6
shivering,9
shivery,7
shlemiel,8
shlep,5
shlepper,8
shlimazel,9
shlock,6
shlockmeister,13
shmaltz,7
shmear,6
shmegegge,9
shmo,4
shmoose,7
shmooze,7
shmuck,6
shnook,6
shnorr,6
shnorrer,8
shoal,5
shoaly,6
shoat,5
shock,5
shockable,9
shocked,7
shocker,7
shocking,8
shockingly,10
shockley,8
shod,4
shodden,7
shoddily,8
shoddiness,10
shoddy,6
shoe,4
shoebill,8
shoebird,8
shoeblack,9
shoebox,7
shoed,5
shoeful,7
shoehorn,8
shoelace,8
shoeless,8
shoemaker,9
shoemaking,10
shoes,5
shoeshine,9
shoestring,10
shoetree,8
shofar,6
shogi,5
shogun,6
shogunate,9
shoji,5
shona,5
shoo,4
shoofly,7
shook,5
shoot,5
shooter,7
shooting,8
shootout,8
shop,4
shopaholic,10
shopfront,9
shophar,7
shopkeeper,10
shoplift,8
shoplifter,10
shoplifting,11
shopper,7
shopping,8
shopsoiled,10
shopwalker,10
shopwindow,10
shopworn,8
shore,5
shorea,6
shorebird,9
shoreline,9
shoreward,9
shoring,7
shorn,5
short,5
shortage,8
shortbread,10
shortcake,9
shortcoming,11
shortcut,8
shorten,7
shortened,9
shortener,9
shortening,10
shortfall,9
shortgrass,10
shorthand,9
shorthorn,9
shortia,7
shortish,8
shortlist,9
shortly,7
shortness,9
shorts,6
shortsighted,12
shortstop,9
shoshone,8
shoshonean,10
shoshoni,8
shoshonian,10
shostakovich,12
shot,4
shote,5
shotgun,7
shoulder,8
shouldered,10
shout,5
shouted,7
shouter,7
shouting,8
shove,5
shovel,6
shovelboard,11
shoveler,8
shovelful,9
shovelhead,10
shoveller,9
shover,6
show,4
showboat,8
showcase,8
showdown,8
shower,6
showerhead,10
showery,7
showgirl,8
showily,7
showiness,9
showing,7
showjumping,11
showman,7
showmanship,11
showpiece,9
showplace,9
showroom,8
showstopper,11
showtime,8
showy,5
shrapnel,8
shred,5
shredded,8
shredder,8
shreveport,10
shrew,5
shrewd,6
shrewdly,8
shrewdness,10
shrewish,8
shrewishly,10
shrewishness,12
shrewmouse,10
shriek,6
shrieked,8
shrieking,9
shrift,6
shrike,6
shrill,6
shrilling,9
shrillness,10
shrilly,7
shrimp,6
shrimper,8
shrimpfish,10
shrimpy,7
shrine,6
shrink,6
shrinkable,10
shrinkage,9
shrinking,9
shrinkwrap,10
shrive,6
shrivel,7
shriveled,9
shrivelled,10
shroud,6
shrovetide,10
shrub,5
shrubbery,9
shrubby,7
shrublet,8
shrug,5
shrunken,8
shtick,6
shtickl,7
shtik,5
shtikl,6
shtup,5
shua,4
shuck,5
shucks,6
shudder,7
shuddering,10
shudderingly,12
shuddery,8
shudra,6
shuffle,7
shuffleboard,12
shuffler,8
shuffling,9
shufti,6
shuha,5
shumac,6
shun,4
shunning,8
shunt,5
shunter,7
shush,5
shut,4
shutdown,8
shute,5
shuteye,7
shutout,7
shutter,7
shutterbug,10
shuttered,9
shutting,8
shuttle,7
shuttlecock,11
shwa,4
shylock,7
shyly,5
shyness,7
shyster,7
sial,4
sialadenitis,12
sialia,6
sialidae,8
sialis,6
sialolith,9
siam,4
siamang,7
siamese,7
sian,4
sibelius,8
siberia,7
siberian,8
sibilant,8
sibilate,8
sibilation,10
sibine,6
sibling,7
sibyl,5
sibyllic,8
sibylline,9
siccative,9
sichuan,7
sicilia,7
sicilian,8
sicily,6
sick,4
sickbag,7
sickbay,7
sickbed,7
sicken,6
sickening,9
sickeningly,11
sickeningness,13
sickish,7
sickle,6
sicklepod,9
sickly,6
sickness,8
sickroom,8
sida,4
sidalcea,8
siddhartha,10
siddons,7
side,4
sidearm,7
sidebar,7
sideboard,9
sideburn,8
sidecar,7
sidekick,8
sidelight,9
sideline,8
sidelong,8
sidereal,8
siderite,8
sideritis,9
sideroblast,11
siderocyte,10
sideropenia,11
siderophilin,12
siderosis,9
sidesaddle,10
sideshow,8
sideslip,8
sidesman,8
sidesplitter,12
sidesplitting,13
sidesplittingly,15
sidestep,8
sidestroke,10
sideswipe,9
sidetrack,9
sidewalk,8
sidewall,8
sideward,8
sidewards,9
sideway,7
sideways,8
sidewinder,10
sidewise,8
siding,6
sidle,5
sidney,6
sidon,5
sids,4
siege,5
siegfried,9
siemens,7
sienna,6
sierra,6
siesta,6
sieve,5
sift,4
sifter,6
sifting,7
sigeh,5
sigh,4
sight,5
sighted,7
sightedness,11
sighting,8
sightless,9
sightlessness,13
sightly,7
sightread,9
sightreader,11
sights,6
sightsee,8
sightseeing,11
sightseer,9
sightsing,9
sigint,6
sigma,5
sigmodon,8
sigmoid,7
sigmoidal,9
sigmoidectomy,13
sigmoidoscope,13
sigmoidoscopy,13
sign,4
signage,7
signal,6
signaler,8
signaling,9
signalisation,13
signalise,9
signalization,13
signalize,9
signaller,9
signally,8
signalman,9
signatory,9
signature,9
signboard,9
signed,6
signer,6
signet,6
significance,12
significant,11
significantly,13
signification,13
significative,13
signified,9
signifier,9
signify,7
signing,7
signior,7
signor,6
signora,7
signore,7
signorina,9
signory,7
signpost,8
sigurd,6
sigyn,5
sihasapa,8
sika,4
sikh,4
sikhism,7
sikkim,6
sikorsky,8
silage,6
sild,4
sildenafil,10
silence,7
silenced,8
silencer,8
silene,6
silent,6
silently,8
silents,7
silenus,7
silesia,7
silex,5
silhouette,10
silica,6
silicate,8
siliceous,9
silicide,8
silicious,9
silicle,7
silicon,7
silicone,8
silicosis,9
siliqua,7
silique,7
silk,4
silken,6
silkgrass,9
silkily,7
silkiness,9
silklike,8
silks,5
silkscreen,10
silkweed,8
silkwood,8
silkworm,8
silky,5
sill,4
sillabub,8
sillaginidae,12
sillago,7
silliness,9
sills,5
silly,5
silo,4
siloxane,8
silphium,8
silt,4
siltstone,9
silty,5
silurian,8
silurid,7
siluridae,9
siluriformes,12
silurus,7
silva,5
silvan,6
silvanus,8
silver,6
silverback,10
silverberry,11
silverbush,10
silverfish,10
silverish,9
silvern,7
silverplate,11
silverpoint,11
silverrod,9
silverside,10
silversides,11
silversmith,11
silverspot,10
silverstein,11
silversword,11
silvertip,9
silvervine,10
silverware,10
silverweed,10
silverwork,10
silverworker,12
silvery,7
silvex,6
silvia,6
silviculture,12
silybum,7
sima,4
simal,5
simarouba,9
simaroubaceae,13
simazine,8
simenon,7
simeon,6
simian,6
similar,7
similarity,10
similarly,9
simile,6
similitude,10
simmer,6
simmering,9
simmpleness,11
simnel,6
simoleons,9
simon,5
simonise,8
simoniz,7
simonize,8
simony,6
simoom,6
simoon,6
simper,6
simperer,8
simperingly,11
simple,6
simpleness,10
simpleton,9
simplex,7
simplicity,10
simplification,14
simplified,10
simplify,8
simplism,8
simplistic,10
simply,6
simpson,7
simulacrum,10
simulate,8
simulated,9
simulation,10
simulator,9
simulcast,9
simuliidae,10
simulium,8
simultaneity,12
simultaneous,12
simultaneously,14
simvastatin,11
sinai,5
sinanthropus,12
sinapis,7
sinapism,8
sinatra,7
sinbad,6
sincere,7
sincerely,9
sincerity,9
sinciput,8
sinclair,8
sind,4
sindhi,6
sine,4
sinecure,8
sinequan,8
sinew,5
sinewy,6
sinful,6
sinfulness,10
sing,4
singable,8
singalong,9
singan,6
singapore,9
singaporean,11
singe,5
singer,6
singhalese,10
singing,7
single,6
singleness,10
singles,7
singlestick,11
singlet,7
singleton,9
singly,6
singsong,8
singular,8
singularise,11
singularity,11
singularize,11
singularly,10
singultus,9
sinhala,7
sinhalese,9
sinister,8
sinistral,9
sinistrality,12
sinistrorsal,12
sinistrorse,11
sinitic,7
sink,4
sinkable,8
sinker,6
sinkhole,8
sinkiang,8
sinking,7
sinless,7
sinlessness,11
sinner,6
sinning,7
sinningia,9
sinologist,10
sinology,8
sinoper,7
sinopia,7
sinopis,7
sinornis,8
sinter,6
sintered,8
sinuate,7
sinuosity,9
sinuous,7
sinuously,9
sinuousness,11
sinus,5
sinusitis,9
sinusoid,8
sinusoidal,10
sinusoidally,12
sion,4
siouan,6
sioux,5
siphon,6
siphonaptera,12
siphonophora,12
siphonophore,12
sipper,6
sipuncula,9
sipunculid,10
siqueiros,9
sirach,6
siracusa,8
sirc,4
sirdar,6
sire,4
siren,5
sirenia,7
sirenian,8
sirenidae,9
siriasis,8
siris,5
sirius,6
sirloin,7
sirocco,7
sirrah,6
sirup,5
sisal,5
sise,4
sisham,6
siskin,6
sison,5
siss,4
sissified,9
sissiness,9
sissoo,6
sissu,5
sissy,5
sissyish,8
sister,6
sisterhood,10
sisterlike,10
sisterly,8
sistership,10
sistrurus,9
sisyphean,9
sisyphus,8
sisyridae,9
sisyrinchium,12
sita,4
sitar,5
sitcom,6
site,4
sitka,5
sitophylus,10
sitotroga,9
sitsang,7
sitta,5
sitter,6
sittidae,8
sitting,7
situate,7
situated,8
situation,9
sitwell,7
sium,4
siva,4
sivaism,7
sivan,5
sivapithecus,12
siwan,5
sixer,5
sixfold,7
sixpack,7
sixpence,8
sixpenny,8
sixsome,7
sixteen,7
sixteenth,9
sixth,5
sixthly,7
sixties,7
sixtieth,8
sixty,5
sizable,7
size,4
sizeable,8
sizeableness,12
sized,5
sizing,6
sizz,4
sizzle,6
sizzling,8
sjaelland,9
skag,4
skagerak,8
skagerrak,9
skagit,6
skagway,7
skanda,6
skank,5
skanky,6
skate,5
skateboard,10
skateboarder,12
skateboarding,13
skater,6
skating,7
skaw,4
skeat,5
skedaddle,9
skeet,5
skeg,4
skein,5
skeletal,8
skeleton,8
skep,4
skepful,7
skeptic,7
skeptical,9
skeptically,11
skepticism,10
sketch,6
sketchbook,10
sketcher,8
sketchily,9
sketchiness,11
sketchy,7
skew,4
skewed,6
skewer,6
skewness,8
skiagram,8
skiagraph,9
skiagraphy,10
skibob,6
skid,4
skidder,7
skidpan,7
skier,5
skiff,5
skiffle,7
skiing,6
skilful,7
skilfully,9
skill,5
skilled,7
skillet,7
skilletfish,11
skillful,8
skillfully,10
skillfulness,12
skilly,6
skim,4
skimcoat,8
skimmed,7
skimmer,7
skimming,8
skimp,5
skimpily,8
skimpy,6
skin,4
skincare,8
skinflint,9
skinful,7
skinhead,8
skinheads,9
skink,5
skinless,8
skinned,7
skinner,7
skinnerian,10
skinniness,10
skinny,6
skint,5
skintight,9
skip,4
skipjack,8
skipper,7
skirl,5
skirmish,8
skirmisher,10
skirret,7
skirt,5
skirting,8
skit,4
skitter,7
skittish,8
skittishly,10
skittishness,12
skittle,7
skittles,8
skive,5
skivvies,8
skivvy,6
skopje,6
skoplje,7
skreak,6
skreigh,7
skua,4
skuld,5
skulduggery,11
skulk,5
skulker,7
skulking,8
skull,5
skullcap,8
skullduggery,12
skunk,5
skunkbush,9
skunkweed,9
skybox,6
skycap,6
skydive,7
skydiver,8
skydiving,9
skyhook,7
skyjack,7
skylab,6
skylark,7
skylight,8
skyline,7
skyrocket,9
skysail,7
skyscraper,10
skywalk,7
skyward,7
skywards,8
skyway,6
skywriting,10
slab,4
slabber,7
slack,5
slacken,7
slackening,10
slacker,7
slacking,8
slackly,7
slackness,9
slacks,6
slag,4
slagheap,8
slain,5
slake,5
slaked,6
slalom,6
slam,4
slammer,7
slander,7
slanderer,9
slanderous,10
slanderously,12
slang,5
slangily,8
slanginess,10
slanguage,9
slangy,6
slant,5
slanted,7
slanting,8
slantingly,10
slantways,9
slantwise,9
slap,4
slapdash,8
slaphappy,9
slapper,7
slapshot,8
slapstick,9
slash,5
slashed,7
slasher,7
slashing,8
slask,5
slat,4
slate,5
slater,6
slatey,6
slather,7
slating,7
slattern,8
slatternliness,14
slatternly,10
slaty,5
slaughter,9
slaughterer,11
slaughterhouse,14
slaughterous,12
slav,4
slave,5
slaveholder,11
slaveholding,12
slaveless,9
slavelike,9
slaver,6
slavery,7
slavey,6
slavic,6
slavish,7
slavishly,9
slavonic,8
slaw,4
slay,4
slayer,6
slaying,7
sleaze,6
sleaziness,10
sleazy,6
sled,4
sledder,7
sledding,8
sledge,6
sledgehammer,12
sleek,5
sleekly,7
sleekness,9
sleep,5
sleeper,7
sleepily,8
sleepiness,10
sleeping,8
sleepless,9
sleeplessly,11
sleeplessness,13
sleepover,9
sleepwalk,9
sleepwalker,11
sleepwalking,12
sleepwear,9
sleepy,6
sleepyhead,10
sleepyheaded,12
sleet,5
sleety,6
sleeve,6
sleeved,7
sleeveless,10
sleigh,6
sleight,7
slender,7
slenderise,10
slenderize,10
slenderly,9
slenderness,11
sleuth,6
sleuthhound,11
sleuthing,9
slew,4
slews,5
slezsko,7
slice,5
sliced,6
slicer,6
slicing,7
slick,5
slicked,7
slicker,7
slickly,7
slickness,9
slide,5
slider,6
slideway,8
sliding,7
slight,6
slighting,9
slightingly,11
slightly,8
slightness,10
slim,4
slime,5
slimed,6
sliminess,9
slimly,6
slimness,8
slimy,5
sling,5
slingback,9
slinger,7
slinging,8
slingshot,9
slink,5
slip,4
slipcover,9
slipknot,8
slipover,8
slippage,8
slipper,7
slippered,9
slipperiness,12
slipperwort,11
slippery,8
slipping,8
slippy,6
slipshod,8
slipstick,9
slipstream,10
slipway,7
slit,4
slither,7
slithering,10
slithery,8
sliver,6
slivery,7
slivovitz,9
sloanea,7
slob,4
slobber,7
slobberer,9
sloe,4
slog,4
slogan,6
sloganeer,9
sloganeering,12
slogger,7
sloop,5
slop,4
slope,5
sloped,6
sloping,7
slopingly,9
slopped,7
sloppily,8
sloppiness,10
sloppy,6
slops,5
slopseller,10
slopshop,8
slosh,5
sloshed,7
slot,4
sloth,5
slothful,8
slothfulness,12
slouch,6
sloucher,8
slouchily,9
slouchingly,11
slouchy,7
slough,6
sloughing,9
sloughy,7
slovak,6
slovakia,8
slovakian,9
sloven,6
slovene,7
slovenia,8
slovenian,9
slovenija,9
slovenliness,12
slovenly,8
slow,4
slowcoach,9
slowdown,8
slower,6
slowest,7
slowgoing,9
slowing,7
slowly,6
slowness,8
slowpoke,8
slowworm,8
slub,4
slubbed,7
sludge,6
slue,4
slug,4
slugabed,8
slugfest,8
sluggard,8
slugger,7
sluggish,8
sluggishly,10
sluggishness,12
sluice,6
sluicegate,10
sluiceway,9
sluicing,8
slum,4
slumber,7
slumberer,9
slumberous,10
slumbery,8
slumbrous,9
slumgullion,11
slummy,6
slump,5
slur,4
slurp,5
slurred,7
slurry,6
slush,5
slushy,6
slut,4
sluttish,8
sluttishness,12
slyboots,8
slyly,5
slyness,7
smack,5
smacker,7
smacking,8
small,5
smaller,7
smalley,7
smallholder,11
smallholding,12
smallish,8
smallmouth,10
smallness,9
smallpox,8
smaltite,8
smarm,5
smarmily,8
smarminess,10
smarmy,6
smart,5
smarta,6
smarting,8
smartly,7
smartness,9
smash,5
smashed,7
smasher,7
smashing,8
smashingly,10
smatter,7
smattering,10
smear,5
smegma,6
smell,5
smelling,8
smelly,6
smelt,5
smelter,7
smeltery,8
smetana,7
smew,4
smidge,6
smidgen,7
smidgeon,8
smidgin,7
smilacaceae,11
smilax,6
smile,5
smiledon,8
smiler,6
smiley,6
smiling,7
smilingly,9
smilo,5
smirch,6
smirk,5
smirker,7
smitane,7
smite,5
smith,5
smithereens,11
smithy,6
smitten,7
smock,5
smocking,8
smog,4
smogginess,10
smoggy,6
smoke,5
smoked,6
smokehouse,10
smokeless,9
smoker,6
smokescreen,11
smokestack,10
smoking,7
smoky,5
smolder,7
smoldering,10
smolderingly,12
smolensk,8
smollett,8
smooch,6
smooching,9
smooth,6
smoothbark,10
smoothbore,10
smoothed,8
smoothen,8
smoothened,10
smoother,8
smoothhound,11
smoothie,8
smoothly,8
smoothness,10
smoothy,7
smorgasbord,11
smother,7
smothered,9
smotherer,9
smothering,10
smoulder,8
smouldering,11
smoulderingly,13
smsgt,5
smudge,6
smudgy,6
smug,4
smuggle,7
smuggled,8
smuggler,8
smuggling,9
smugly,6
smugness,8
smut,4
smutch,6
smuts,5
smuttily,8
smuttiness,10
smutty,6
smyrna,6
smyrnium,8
snack,5
snacker,7
snaffle,7
snafu,5
snag,4
snail,5
snailfish,9
snailflower,11
snake,5
snakeberry,10
snakebird,9
snakebite,9
snakeblenny,11
snakefish,9
snakefly,8
snakehead,9
snakelike,9
snakeroot,9
snakeweed,9
snakewood,9
snaky,5
snap,4
snapdragon,10
snapline,8
snapper,7
snappish,8
snappishly,10
snappishness,12
snappy,6
snapshot,8
snare,5
snarer,6
snarf,5
snarl,5
snarled,7
snarly,6
snatch,6
snatcher,8
snazzy,6
snead,5
sneak,5
sneaker,7
sneakily,8
sneakiness,10
sneaking,8
sneakingly,10
sneaky,6
sneer,5
sneerer,7
sneering,8
sneeringly,10
sneeze,6
sneezer,7
sneezeweed,10
sneezewort,10
sneezing,8
sneezy,6
snellen,7
snick,5
snicker,7
snickersnee,11
snide,5
snidely,7
sniff,5
sniffer,7
sniffle,7
sniffler,8
sniffly,7
sniffy,6
snifter,7
snigger,7
snip,4
snipe,5
snipefish,9
sniper,6
snippet,7
snipping,8
snips,5
snit,4
snitch,6
snitcher,8
snivel,6
sniveler,8
sniveling,9
sniveller,9
snob,4
snobbery,8
snobbish,8
snobbishly,10
snobbishness,12
snobbism,8
snobby,6
snoek,5
snog,4
snogging,8
snood,5
snook,5
snooker,7
snoop,5
snooper,7
snoopiness,10
snoopy,6
snoot,5
snootily,8
snootiness,10
snooty,6
snooze,6
snore,5
snorer,6
snoring,7
snorkel,7
snorkeling,10
snort,5
snorter,7
snorting,8
snorty,6
snot,4
snotty,6
snout,5
snow,4
snowball,8
snowbank,8
snowbell,8
snowberry,9
snowbird,8
snowblindness,13
snowboard,9
snowboarder,11
snowboarding,12
snowbound,9
snowcap,7
snowdrift,9
snowdrop,8
snowfall,8
snowfield,9
snowflake,9
snowman,7
snowmobile,10
snowplough,10
snowplow,8
snowshoe,8
snowstorm,9
snowsuit,8
snowy,5
snub,4
snuff,5
snuffbox,8
snuffer,7
snuffers,8
snuffle,7
snuffler,8
snuffling,9
snuffly,7
snug,4
snuggery,8
snuggle,7
snuggled,8
snuggling,9
snugly,6
snugness,8
soak,4
soakage,7
soaked,6
soaker,6
soaking,7
soap,4
soapberry,9
soapbox,7
soapfish,8
soapiness,9
soaprock,8
soapstone,9
soapsuds,8
soapweed,8
soapwort,8
soapy,5
soar,4
soaring,7
soave,5
sobbing,7
sobbingly,9
sober,5
sobering,8
soberly,7
soberness,9
sobersided,10
sobersides,10
sobralia,8
sobriety,8
sobriquet,9
socage,6
soccer,6
sociability,11
sociable,8
sociableness,12
sociably,8
social,6
socialisation,13
socialise,9
socialised,10
socialiser,10
socialising,11
socialism,9
socialist,9
socialistic,11
socialite,9
sociality,9
socialization,13
socialize,9
socialized,10
socializer,10
socializing,11
socially,8
societal,8
society,7
socinian,8
socinus,7
sociobiologic,13
sociobiological,15
sociobiologist,14
sociobiology,12
sociocultural,13
socioeconomic,13
sociolinguist,13
sociolinguistic,15
sociological,12
sociologically,14
sociologist,11
sociology,9
sociometry,10
sociopath,9
sociopathic,11
sock,4
socket,6
sockeye,7
socle,5
socrates,8
socratic,8
soda,4
sodalist,8
sodalite,8
sodality,8
sodbuster,9
sodden,6
sodding,7
soddy,5
sodium,6
sodoku,6
sodom,5
sodomise,8
sodomist,8
sodomite,8
sodomize,8
sodomy,6
sofa,4
soffit,6
sofia,5
soft,4
softback,8
softball,8
soften,6
softened,8
softener,8
softening,9
softheaded,10
softhearted,11
softheartedness,15
softie,6
softish,7
softly,6
softness,8
software,8
softwood,8
softy,5
sogginess,9
soggy,5
soho,4
soigne,6
soignee,7
soil,4
soiled,6
soiling,7
soilure,7
soiree,6
soissons,8
soja,4
sojourn,7
sojourner,9
sokoro,6
solace,6
solacement,10
solan,5
solanaceae,10
solanaceous,11
solandra,8
solanopteris,12
solanum,7
solar,5
solarisation,12
solarise,8
solarium,8
solarization,12
solarize,8
sold,4
solder,6
solderer,8
soldering,9
soldier,7
soldierfish,11
soldiering,10
soldierlike,11
soldierly,9
soldiership,11
soldiery,8
sole,4
solea,5
solecism,8
soled,5
soledad,7
soleidae,8
soleirolia,10
soleless,8
solely,6
solemn,6
solemness,9
solemnisation,13
solemnise,9
solemnity,9
solemnization,13
solemnize,9
solemnly,8
solenichthyes,13
solenidae,9
solenogaster,12
solenogastres,13
solenoid,8
solenopsis,10
solenostemon,12
solent,6
soleus,6
solfa,5
solfege,7
solfeggio,9
solferino,9
solicit,7
solicitation,12
solicitor,9
solicitorship,13
solicitous,10
solicitously,12
solicitousness,14
solicitude,10
solid,5
solidago,8
solidarity,10
solidification,14
solidified,10
solidify,8
solidifying,11
solidity,8
solidly,7
solidness,9
solidus,7
soliloquise,11
soliloquize,11
soliloquy,9
solingen,8
solipsism,9
solitaire,9
solitarily,10
solitariness,12
solitary,8
soliton,7
solitude,8
solitudinarian,14
solleret,8
solmisation,11
solmizate,9
solmization,11
solo,4
soloist,7
solomon,7
solomonic,9
solomons,8
solon,5
solresol,8
solstice,8
solubility,10
soluble,7
solubleness,11
solute,6
solution,8
solvability,11
solvable,8
solvate,7
solvation,9
solvay,6
solve,5
solved,6
solvency,8
solvent,7
solver,6
solving,7
solzhenitsyn,12
soma,4
somaesthesia,12
somaesthesis,12
somali,6
somalia,7
somalian,8
soman,5
somataesthesis,14
somateria,9
somatesthesia,13
somatic,7
somatogenetic,13
somatogenic,11
somatosense,11
somatosensory,13
somatotrophin,13
somatotropin,12
somatotype,10
somber,6
somberly,8
somberness,10
sombre,6
sombrely,8
sombreness,10
sombrero,8
some,4
somebody,8
someday,7
somehow,7
someone,7
someplace,9
somersault,10
somersaulting,13
somerset,8
somesthesia,11
somesthesis,11
sometime,8
sometimes,9
someway,7
someways,8
somewhat,8
somewhere,9
somite,6
somme,5
sommelier,9
somnambulate,12
somnambulation,14
somnambulism,12
somnambulist,12
somniferous,11
somnific,8
somniloquism,12
somniloquist,12
somniloquy,10
somnolence,10
somnolent,9
somnolently,11
somrai,6
sonant,6
sonar,5
sonata,6
sonatina,8
sonchus,7
sondheim,8
sone,4
song,4
songbird,8
songbook,8
songful,7
songfulness,11
songhai,7
songlike,8
songster,8
songstress,10
songwriter,10
sonic,5
sonnet,6
sonneteer,9
sonny,5
sonogram,8
sonograph,9
sonography,10
sonometer,9
sonora,6
sonority,8
sonorous,8
sonorously,10
sonorousness,12
sonsie,6
sonsy,5
sontag,6
soochong,8
soon,4
sooner,6
soonest,7
soot,4
sooth,5
soothe,6
soothing,8
soothingly,10
soothsayer,10
soothsaying,11
sootiness,9
sooty,5
soph,4
sophism,7
sophist,7
sophistic,9
sophistical,11
sophisticate,12
sophisticated,13
sophistication,14
sophistry,9
sophocles,9
sophomore,9
sophonias,9
sophora,7
sopor,5
soporiferous,12
soporific,9
sopping,7
soppy,5
sopranino,9
soprano,7
sops,4
sorb,4
sorbate,7
sorbed,6
sorbefacient,12
sorbent,7
sorbet,6
sorbian,7
sorbonne,8
sorbus,6
sorcerer,8
sorceress,9
sorcerise,9
sorcerize,9
sorcerous,9
sorcery,7
sordid,6
sordidly,8
sordidness,10
sordino,7
sore,4
sorehead,8
sorely,6
soreness,8
sorensen,8
sorex,5
sorgho,6
sorghum,7
sorgo,5
soricidae,9
sororal,7
sorority,8
sorption,8
sorrel,6
sorriness,9
sorrow,6
sorrower,8
sorrowful,9
sorrowfully,11
sorrowfulness,13
sorrowing,9
sorry,5
sort,4
sorted,6
sorter,6
sortie,6
sorting,7
sortition,9
sorus,5
soteriological,14
soteriology,11
sothis,6
sotho,5
sottish,7
sottishly,9
sottishness,11
souari,6
soubise,7
soubrette,9
soubriquet,10
souchong,8
soudan,6
souffle,7
soufflot,8
sough,5
soughing,8
soughingly,10
sought,6
souk,4
soul,4
soulful,7
soulfully,9
soulfulness,11
soulless,8
soullessly,10
sound,5
soundable,9
soundboard,10
soundbox,8
sounder,7
sounding,8
soundless,9
soundlessly,11
soundlessness,13
soundly,7
soundman,8
soundness,9
soundproof,10
soundtrack,10
soup,4
soupcon,7
soupfin,7
soupiness,9
soupspoon,9
soupy,5
sour,4
sourball,8
source,6
sourdine,8
sourdough,9
soured,6
souring,7
sourish,7
sourly,6
sourness,8
sourpuss,8
soursop,7
sourwood,8
sousa,5
sousaphone,10
souse,5
soused,6
sousing,7
souslik,7
sousse,6
soutache,8
soutane,7
south,5
southbound,10
southeast,9
southeaster,11
southeasterly,13
southeastern,12
southeastward,13
southeastwardly,15
souther,7
southerly,9
southern,8
southerner,10
southernism,11
southernmost,12
southernness,12
southernwood,12
southey,7
southland,9
southmost,9
southpaw,8
southward,9
southwards,10
southwest,9
southwester,11
southwesterly,13
southwestern,12
southwestward,13
southwestwardly,15
soutine,7
souvenir,8
souvlaki,8
souvlakia,9
sovereign,9
sovereignty,11
soviet,6
sovietise,9
sovietism,9
sovietize,9
soviets,7
sowbane,7
sowbelly,8
sowbread,8
sower,5
soweto,6
sown,4
soya,4
soybean,7
soymilk,7
sozzled,7
space,5
spacecraft,10
spaced,6
spacefaring,11
spaceflight,11
spaceman,8
spaceship,9
spacesuit,9
spacewalk,9
spacewalker,11
spaceward,9
spacewards,10
spacey,6
spacial,7
spacing,7
spaciotemporal,14
spacious,8
spaciously,10
spaciousness,12
spackle,7
spacy,5
spade,5
spadefish,9
spadefoot,9
spadeful,8
spadework,9
spadix,6
spaghetti,9
spaghettini,11
spain,5
spalacidae,10
spalax,6
spall,5
spallanzani,11
spallation,10
spam,4
spammer,7
span,4
spandau,7
spandex,7
spandrel,8
spandril,8
spang,5
spangle,7
spangled,8
spangly,7
spaniard,8
spaniel,7
spanish,7
spank,5
spanker,7
spanking,8
spanner,7
spar,4
sparaxis,8
spare,5
sparely,7
spareness,9
sparer,6
sparerib,8
spareribs,9
sparganiaceae,13
sparganium,10
sparge,6
sparid,6
sparidae,8
sparing,7
sparingly,9
spark,5
sparker,7
sparkle,7
sparkleberry,12
sparkler,8
sparkling,9
sparkly,7
sparling,8
sparmannia,10
sparring,8
sparrow,7
sparse,6
sparsely,8
sparseness,10
sparsity,8
sparta,6
spartan,7
spartina,8
spartium,8
spasm,5
spasmodic,9
spasmodically,13
spasmolysis,11
spasmolytic,11
spassky,7
spastic,7
spasticity,10
spat,4
spatangoida,11
spatchcock,10
spate,5
spathe,6
spathiphyllum,13
spatial,7
spatiality,10
spatially,9
spatiotemporal,14
spatter,7
spatterdock,11
spattered,9
spattering,10
spatula,7
spatulate,9
spavin,6
spavined,8
spawl,5
spawn,5
spawner,7
spay,4
spayed,6
spaying,7
speak,5
speakable,9
speakeasy,9
speaker,7
speakerphone,12
speakership,11
speaking,8
spear,5
spearfish,9
spearhead,9
spearmint,9
spearpoint,10
spec,4
special,7
specialisation,14
specialise,10
specialised,11
specialiser,11
specialism,10
specialist,10
specialistic,12
speciality,10
specialization,14
specialize,10
specialized,11
specializer,11
specially,9
specialness,11
specialty,9
speciate,8
speciation,10
specie,6
species,7
specifiable,11
specific,8
specifically,12
specification,13
specificity,11
specified,9
specifier,9
specify,7
specimen,8
specious,8
speciously,10
speciousness,12
speck,5
specked,7
speckle,7
speckled,8
speckless,9
specs,5
spectacle,9
spectacled,10
spectacles,10
spectacular,11
spectacularly,13
spectate,8
spectator,9
specter,7
spectinomycin,13
spectral,8
spectre,7
spectrogram,11
spectrograph,12
spectrographic,14
spectrometer,12
spectrometric,13
spectrometry,12
spectroscope,12
spectroscopic,13
spectroscopical,15
spectroscopy,12
spectrum,8
specular,8
speculate,9
speculation,11
speculative,11
speculatively,13
speculativeness,15
speculator,10
speculum,8
speech,6
speechifier,11
speechify,9
speechless,10
speechlessly,12
speechlessness,14
speechmaker,11
speechmaking,12
speechwriter,12
speed,5
speedboat,9
speeder,7
speedily,8
speediness,10
speeding,8
speedometer,11
speedskater,11
speedup,7
speedway,8
speedwell,9
speedy,6
speer,5
speke,5
spelaeologist,13
spelaeology,11
speleologist,12
speleology,10
spell,5
spellbind,9
spellbinder,11
spellbinding,12
spellbound,10
spelldown,9
speller,7
spelling,8
spelt,5
spelter,7
spelunk,7
spelunker,9
spencer,7
spend,5
spendable,9
spender,7
spending,8
spendthrift,11
spengler,8
spenser,7
spent,5
spergula,8
spergularia,11
sperm,5
spermaceti,10
spermatic,9
spermatid,9
spermatocele,12
spermatocide,12
spermatocyte,12
spermatogenesis,15
spermatophyta,13
spermatophyte,13
spermatozoan,12
spermatozoid,12
spermatozoon,12
spermicidal,11
spermicide,10
spermophile,11
spermophilus,12
spermous,8
sperry,6
spew,4
spewer,6
sphacelate,10
sphacele,8
sphacelotheca,13
sphacelus,9
sphaeralcea,11
sphaeriaceae,12
sphaeriales,11
sphaerobolaceae,15
sphaerocarpales,15
sphaerocarpos,13
sphaerocarpus,13
sphagnales,10
sphagnum,8
sphalerite,10
sphecidae,9
sphecius,8
sphecoid,8
sphecoidea,10
sphecotheres,12
sphenion,8
spheniscidae,12
sphenisciformes,15
spheniscus,10
sphenodon,9
sphenoid,8
sphenopsida,11
sphere,6
spheric,7
spherical,9
spherically,11
sphericalness,13
sphericity,10
spherocyte,10
spheroid,8
spheroidal,10
spherometer,11
spherule,8
sphincter,9
sphingid,8
sphingidae,10
sphingine,9
sphinx,6
sphyraena,9
sphyraenidae,12
sphyrapicus,11
sphyrna,7
sphyrnidae,10
spic,4
spica,5
spicate,7
spiccato,8
spice,5
spiceberry,10
spicebush,9
spicemill,9
spicery,7
spicily,7
spiciness,9
spick,5
spicule,7
spiculum,8
spicy,5
spider,6
spiderflower,12
spiderlike,10
spiderly,8
spiderwort,10
spidery,7
spiegel,7
spiegeleisen,12
spiel,5
spielberg,9
spiff,5
spiffing,8
spiffy,6
spigot,6
spik,4
spike,5
spiked,6
spikelet,8
spikelike,9
spikemoss,9
spikenard,9
spiky,5
spile,5
spill,5
spillage,8
spillane,8
spiller,7
spillikin,9
spillikins,10
spillover,9
spillway,8
spilogale,9
spin,4
spinach,7
spinacia,8
spinal,6
spinally,8
spindle,7
spindleberry,12
spindlelegs,11
spindleshanks,13
spindly,7
spindrift,9
spine,5
spinel,6
spineless,9
spinelessness,13
spinet,6
spininess,9
spinmeister,11
spinnability,12
spinnable,9
spinnaker,9
spinnbar,8
spinnbarkeit,12
spinner,7
spinney,7
spinning,8
spinose,7
spinous,7
spinoza,7
spinster,8
spinsterhood,12
spinus,6
spiny,5
spiracle,8
spiraea,7
spiral,6
spiraling,9
spirally,8
spirant,7
spiranthes,10
spire,5
spirea,6
spirilla,8
spirillaceae,12
spirillum,9
spirit,6
spirited,8
spiritedly,10
spiritedness,12
spiritise,9
spiritism,9
spiritize,9
spiritless,10
spiritlessness,14
spiritous,9
spirits,7
spiritual,9
spiritualise,12
spiritualism,12
spiritualist,12
spiritualistic,14
spirituality,12
spiritualize,12
spiritually,11
spiritualty,11
spirituous,10
spirochaeta,11
spirochaetaceae,15
spirochaetales,14
spirochaete,11
spirochete,10
spirodela,9
spirogram,9
spirograph,10
spirogyra,9
spirometer,10
spirometry,10
spironolactone,14
spirt,5
spirula,7
spirulidae,10
spit,4
spitball,8
spite,5
spiteful,8
spitefully,10
spitefulness,12
spitfire,8
spitsbergen,11
spitter,7
spitting,8
spittle,7
spittlebug,10
spittoon,8
spitz,5
spitzbergen,11
spiv,4
spizella,8
splanchnic,10
splash,6
splashboard,11
splashdown,10
splashed,8
splasher,8
splashiness,11
splashing,9
splashy,7
splat,5
splatter,8
splattered,10
splattering,11
splay,5
splayfoot,9
splayfooted,11
spleen,6
spleenwort,10
splendid,8
splendidly,10
splendiferous,13
splendor,8
splendour,9
splenectomy,11
splenetic,9
splenic,7
splenitis,9
splenius,8
splenomegaly,12
splice,6
splicer,7
splicing,8
spliff,6
spline,6
splint,6
splinter,8
splintering,11
splinterless,12
splinterproof,13
splinters,9
splintery,9
split,5
splitsaw,8
splitsville,11
splitter,8
splitting,9
splitworm,9
splodge,7
splosh,6
splotch,7
splotched,9
splurge,7
splutter,8
spock,5
spode,5
spodoptera,10
spodumene,9
spoil,5
spoilable,9
spoilage,8
spoilation,10
spoiled,7
spoiler,7
spoiling,8
spoilsport,10
spoilt,6
spokane,7
spoke,5
spoken,6
spokeshave,10
spokesman,9
spokesperson,12
spokeswoman,11
spoliation,10
spondaic,8
spondaise,9
spondaize,9
spondee,7
spondias,8
spondylitis,11
sponge,6
spongefly,9
spongelike,10
sponger,7
spongillafly,12
sponginess,10
spongioblast,12
spongioblastoma,15
spongy,6
sponsor,7
sponsorship,11
spontaneity,11
spontaneous,11
spontaneously,13
spontaneousness,15
spoof,5
spook,5
spookily,8
spooky,6
spool,5
spoon,5
spoonbill,9
spoondrift,10
spoonerism,10
spoonfeed,9
spoonfeeding,12
spoonflower,11
spoonful,8
spoor,5
sporadic,8
sporadically,12
sporangiophore,14
sporangium,10
sporanox,8
spore,5
spork,5
sporobolus,10
sporocarp,9
sporogenous,11
sporophore,10
sporophyl,9
sporophyll,10
sporophyte,10
sporotrichosis,14
sporozoa,8
sporozoan,9
sporozoite,10
sporran,7
sport,5
sportfishing,12
sporting,8
sportingly,10
sportive,8
sportively,10
sportiveness,12
sportscast,10
sportscaster,12
sportsman,9
sportsmanlike,13
sportsmanship,13
sportswear,10
sportswoman,11
sportswriter,12
sporty,6
sporulate,9
sporulation,11
spot,4
spotless,8
spotlessly,10
spotlessness,12
spotlight,9
spots,5
spotsylvania,12
spotted,7
spotter,7
spotting,8
spotty,6
spotweld,8
spousal,7
spouse,6
spout,5
spouter,7
spouting,8
sprachgefuhl,12
sprag,5
spraguea,8
sprain,6
sprat,5
sprawl,6
sprawler,8
sprawling,9
sprawly,7
spray,5
sprayer,7
spraying,8
spread,6
spreadeagle,11
spreader,8
spreadhead,10
spreading,9
spreadsheet,11
sprechgesang,12
sprechstimme,12
spree,5
sprig,5
sprigged,8
sprigger,8
sprightliness,13
sprightly,9
sprigtail,9
spring,6
springboard,11
springbok,9
springbuck,10
springer,8
springfield,11
springiness,11
springless,10
springlike,10
springtail,10
springtide,10
springtime,10
springy,7
sprinkle,8
sprinkler,9
sprinkles,9
sprinkling,10
sprint,6
sprinter,8
sprit,5
sprite,6
sprites,7
spritsail,9
spritz,6
spritzer,8
sprocket,8
sprog,5
sprout,6
sprouted,8
sprouting,9
spruce,6
sprucely,8
spruceness,10
sprue,5
spry,4
spud,4
spue,4
spume,5
spumy,5
spunk,5
spunky,6
spur,4
spurge,6
spurious,8
spuriously,10
spuriousness,12
spurn,5
spurned,7
spurner,7
spurring,8
spurt,5
spurting,8
sputnik,7
sputter,7
sputtering,10
sputum,6
spyeria,7
spyglass,8
spyhole,7
spying,6
spymaster,9
spyware,7
squab,5
squabble,8
squabbler,9
squabby,7
squad,5
squadron,8
squalid,7
squalidae,9
squalidly,9
squalidness,11
squall,6
squalling,9
squally,7
squalor,7
squalus,7
squama,6
squamata,8
squamule,8
squamulose,10
squander,8
squandered,10
squanderer,10
squandering,11
squandermania,13
square,6
squared,7
squarely,8
squareness,10
squaretail,10
squarish,8
squark,6
squash,6
squashed,8
squashy,7
squat,5
squatina,8
squatinidae,11
squatness,9
squatter,8
squattiness,11
squatting,9
squatty,7
squaw,5
squawbush,9
squawk,6
squawker,8
squawky,7
squawroot,9
squeak,6
squeaker,8
squeaking,9
squeaky,7
squeal,6
squealer,8
squealing,9
squeamish,9
squeamishly,11
squeamishness,13
squeegee,8
squeezability,13
squeezable,10
squeeze,7
squeezer,8
squeezing,9
squelch,7
squelched,9
squelcher,9
squib,5
squid,5
squiffy,7
squiggle,8
squiggly,8
squill,6
squilla,7
squillidae,10
squinch,7
squinched,9
squint,6
squinter,8
squinting,9
squinty,7
squire,6
squirearchy,11
squirm,6
squirmer,8
squirrel,8
squirrelfish,12
squirt,6
squirter,8
squirting,9
squish,6
squishy,7
sravana,7
srbija,6
sspe,4
ssri,4
stab,4
stabber,7
stabbing,8
stabile,7
stabilisation,13
stabilise,9
stabilised,10
stabiliser,10
stabilising,11
stability,9
stabilization,13
stabilize,9
stabilized,10
stabilizer,10
stabilizing,11
stable,6
stableboy,9
stableman,9
stablemate,10
stableness,10
stabling,8
stably,6
stabroek,8
staccato,8
stachyose,9
stachys,7
stack,5
stacked,7
stacker,7
stacks,6
stacte,6
staddle,7
stadium,7
stael,5
staff,5
staffa,6
staffer,7
stag,4
stage,5
stagecoach,10
stagecraft,10
staged,6
stagehand,9
stager,6
stagey,6
stagflation,11
stagflationary,14
stagger,7
staggerbush,11
staggerer,9
staggering,10
staggeringly,12
staggers,8
staghead,8
staghound,9
stagily,7
staginess,9
staging,7
stagira,7
stagirus,8
stagnancy,9
stagnant,8
stagnate,8
stagnation,10
stagy,5
staid,5
staidly,7
staidness,9
stain,5
stainability,12
stainable,9
stained,7
stainer,7
staining,8
stainless,9
stair,5
staircase,9
stairhead,9
stairs,6
stairway,8
stairwell,9
stake,5
stakeholder,11
stakeout,8
stakes,6
stalactite,10
stalagmite,10
stale,5
stalemate,9
stalemated,10
staleness,9
stalin,6
stalinabad,10
stalingrad,10
stalinisation,13
stalinise,9
stalinism,9
stalinist,9
stalinization,13
stalinize,9
stalino,7
stalk,5
stalked,7
stalker,7
stalking,8
stalkless,9
stall,5
stalling,8
stallion,8
stalls,6
stalwart,8
stalwartness,12
stamboul,8
stambul,7
stamen,6
stamina,7
staminate,9
stammel,7
stammer,7
stammerer,9
stamp,5
stampede,8
stamper,7
stance,6
stanch,6
stanchion,9
stanchly,8
stand,5
standard,8
standardisation,15
standardise,11
standardised,12
standardiser,12
standardization,15
standardize,11
standardized,12
standardizer,12
standby,7
standdown,9
standee,7
stander,7
standing,8
standish,8
standoff,8
standoffish,11
standoffishly,13
standoffishness,15
standpat,8
standpipe,9
standpoint,10
standstill,10
stanford,8
stanhope,8
stanhopea,9
stanislavsky,12
stanley,7
stanleya,8
stannic,7
stannite,8
stannous,8
stanton,7
stanza,6
stapedectomy,12
stapelia,8
stapes,6
staph,5
staphylaceae,12
staphylea,9
staphylinidae,13
staphylococcal,14
staphylococci,13
staphylococcus,14
staple,6
staplegun,9
stapler,7
star,4
starboard,9
starch,6
starches,8
starchless,10
starchlike,10
starchy,7
stardom,7
stardust,8
stare,5
starer,6
starets,7
starfish,8
starflower,10
stargaze,8
stargazer,9
stargazing,10
staring,7
stark,5
starkers,8
starkey,7
starkly,7
starkness,9
starless,8
starlet,7
starlight,9
starlike,8
starling,8
starlit,7
starr,5
starred,7
starring,8
starry,6
starship,8
start,5
starter,7
starting,8
startle,7
startled,8
startling,9
startlingly,11
startup,7
starvation,10
starve,6
starved,7
starveling,10
starving,8
starwort,8
stash,5
stasis,6
statant,7
state,5
statecraft,10
stated,6
statehouse,10
stateless,9
stateliness,11
stately,7
statement,9
stater,6
stateroom,9
statesman,9
statesmanlike,13
statesmanly,11
statesmanship,13
stateswoman,11
statewide,9
static,6
statice,7
statics,7
statin,6
station,7
stationariness,14
stationary,10
stationer,9
stationery,10
stationmaster,13
stations,8
statistic,9
statistical,11
statistically,13
statistician,12
statistics,10
stative,7
stator,6
statuary,8
statue,6
statuesque,10
statuette,9
stature,7
status,6
statute,7
statutorily,11
statutory,9
staunch,7
staunchly,9
staunchness,11
staurikosaur,12
staurikosaurus,14
stavanger,9
stave,5
stay,4
stayer,6
stayman,7
stays,5
staysail,8
stead,5
steadfast,9
steadfastly,11
steadfastness,13
steadied,8
steadily,8
steadiness,10
steady,6
steadying,9
steak,5
steakhouse,10
steal,5
stealer,7
stealing,8
stealth,7
stealthily,10
stealthiness,12
stealthy,8
steam,5
steamboat,9
steamed,7
steamer,7
steamfitter,11
steaminess,10
steaming,8
steamroll,9
steamroller,11
steamship,9
steamy,6
stearic,7
stearin,7
steatite,8
steatocystoma,13
steatopygia,11
steatornis,10
steatornithidae,15
steatorrhea,11
steed,5
steel,5
steele,6
steelmaker,10
steelman,8
steelworker,11
steelworks,10
steely,6
steelyard,9
steen,5
steenbok,8
steep,5
steepen,7
steeper,7
steepish,8
steeple,7
steeplechase,12
steeplechaser,13
steeplejack,11
steeply,7
steepness,9
steer,5
steerable,9
steerage,8
steerageway,11
steerer,7
steering,8
steersman,9
steffens,8
steganography,13
steganopus,10
stegocephalia,13
stegosaur,9
stegosaurus,11
steichen,8
stein,5
steinbeck,9
steinberg,9
steinbok,8
steinem,7
steiner,7
steinman,8
steinmetz,9
steinway,8
stela,5
stele,5
stelis,6
stella,6
stellar,7
stellaria,9
stellate,8
steller,7
stellite,8
stem,4
stemless,8
stemma,6
stemmatic,9
stemmatics,10
stemmatology,12
stemmed,7
stemmer,7
stench,6
stencil,7
stendhal,8
stengel,7
stenocarpus,11
stenochlaena,12
stenograph,10
stenographer,12
stenographic,12
stenographical,14
stenography,11
stenopelmatidae,15
stenopelmatus,13
stenopterygius,14
stenosed,8
stenosis,8
stenotaphrum,12
stenotic,8
stenotomus,10
stenotus,8
stent,5
stentor,7
stentorian,10
step,4
stepbrother,11
stepchild,9
stepdaughter,12
stepfather,10
stephanion,10
stephanomeria,13
stephanotis,11
stephead,8
stephen,7
stephenson,10
stepladder,10
stepmother,10
stepparent,10
steppe,6
stepper,7
steps,5
stepsister,10
stepson,7
stepwise,8
steradian,9
stercobilinogen,15
stercolith,10
stercorariidae,14
stercorarius,12
sterculia,9
sterculiaceae,13
stereo,6
stereophonic,12
stereophony,11
stereoscope,11
stereoscopic,12
stereoscopy,11
stereospondyli,14
stereotype,10
stereotyped,11
stereotypic,11
stereotypical,13
stereotypically,15
sterile,7
sterileness,11
sterilisation,13
sterilise,9
sterilised,10
steriliser,10
sterility,9
sterilization,13
sterilize,9
sterilized,10
sterilizer,10
sterling,8
stern,5
sterna,6
sternal,7
sterne,6
sterninae,9
sternly,7
sternness,9
sternotherus,12
sternpost,9
sternum,7
sternutation,12
sternutative,12
sternutator,11
sternutatory,12
sternwheeler,12
steroid,7
steroidal,9
sterol,6
sterope,7
stertor,7
stertorous,10
stertorously,12
stet,4
stethoscope,11
stetson,7
steuben,7
stevedore,9
stevens,7
stevenson,9
stevia,6
stew,4
steward,7
stewardess,10
stewardship,11
stewart,7
stewed,6
stewing,7
stewpan,7
sthene,6
stheno,6
stibnite,8
stichaeidae,11
sticherus,9
stick,5
stickball,9
sticker,7
stickily,8
stickiness,10
sticking,8
stickle,7
stickleback,11
stickler,8
stickpin,8
sticktight,10
stickup,7
stickweed,9
sticky,6
stictomys,9
stictopelia,11
stieglitz,9
stiff,5
stiffen,7
stiffener,9
stiffening,10
stiffly,7
stiffness,9
stifle,6
stifled,7
stifler,7
stifling,8
stigma,6
stigmata,8
stigmatic,9
stigmatisation,14
stigmatise,10
stigmatism,10
stigmatist,10
stigmatization,14
stigmatize,10
stilbesterol,12
stilbestrol,11
stilboestrol,12
stile,5
stiletto,8
still,5
stillbirth,10
stillborn,9
stillness,9
stillroom,9
stilly,6
stilt,5
stiltbird,9
stilted,7
stiltedly,9
stilton,7
stilwell,8
stimulant,9
stimulate,9
stimulated,10
stimulating,11
stimulation,11
stimulative,11
stimulus,8
sting,5
stinger,7
stingily,8
stinginess,10
stinging,8
stingless,9
stingray,8
stingy,6
stink,5
stinkbird,9
stinker,7
stinkhorn,9
stinkiness,10
stinking,8
stinkpot,8
stinkweed,9
stinky,6
stint,5
stinter,7
stinting,8
stipe,5
stipend,7
stipendiary,11
stipple,7
stippled,8
stippler,8
stipulate,9
stipulation,11
stipulatory,11
stipule,7
stir,4
stirk,5
stirred,7
stirrer,7
stirring,8
stirringly,10
stirrup,7
stitch,6
stitched,8
stitcher,8
stitchery,9
stitching,9
stitchwort,10
stizidae,8
stizolobium,11
stizostedion,12
stoat,5
stob,4
stochastic,10
stochastically,14
stochasticity,13
stock,5
stockade,8
stockbroker,11
stockcar,8
stocked,7
stocker,7
stockfish,9
stockholder,11
stockholding,12
stockholdings,13
stockholm,9
stockhorn,9
stockily,8
stockinet,9
stockinette,11
stocking,8
stockinged,10
stockist,8
stockjobber,11
stockman,8
stockpile,9
stockpiling,11
stockpot,8
stockroom,9
stocks,6
stocktake,9
stocktaker,10
stocktaking,11
stockton,8
stocky,6
stockyard,9
stodge,6
stodgily,8
stodginess,10
stodgy,6
stoep,5
stogie,6
stogy,5
stoic,5
stoical,7
stoically,9
stoichiometric,14
stoichiometry,13
stoicism,8
stoke,5
stokehold,9
stokehole,9
stoker,6
stokesia,8
stokowski,9
stole,5
stolid,6
stolidity,9
stolidly,8
stolidness,10
stolon,6
stoloniferous,13
stoma,5
stomach,7
stomachache,11
stomachal,9
stomacher,9
stomachic,9
stomatal,8
stomate,7
stomatitis,10
stomatopod,10
stomatopoda,11
stomatous,9
stomp,5
stomper,7
stone,5
stonechat,9
stonecress,10
stonecrop,9
stonecutter,11
stoned,6
stoneface,9
stonefish,9
stonefly,8
stonehenge,10
stoneless,9
stonelike,9
stonemason,10
stoner,6
stoneroot,9
stonewall,9
stonewaller,11
stonewalling,12
stoneware,9
stonewash,9
stonework,9
stonewort,9
stonily,7
stoning,7
stony,5
stonyhearted,12
stooge,6
stool,5
stoolie,7
stoolpigeon,11
stoop,5
stooped,7
stooper,7
stooping,8
stop,4
stopcock,8
stopes,6
stopgap,7
stoplight,9
stopover,8
stoppable,9
stoppage,8
stoppard,8
stopped,7
stopper,7
stoppered,9
stopping,8
stopple,7
stops,5
stopwatch,9
storage,7
storax,6
store,5
storefront,10
storehouse,10
storekeeper,11
storeria,8
storeroom,9
storey,6
storeyed,8
storied,7
stork,5
storksbill,10
storm,5
stormbound,10
stormily,8
storminess,10
stormproof,10
stormy,6
story,5
storybook,9
storyline,9
storyteller,11
stotinka,8
stoup,5
stout,5
stouthearted,12
stoutly,7
stoutness,9
stove,5
stovepipe,9
stovepiped,10
stovepiping,11
stover,6
stow,4
stowage,7
stowaway,8
stowe,5
stowing,7
strabismus,10
strabotomy,10
strachey,8
strad,5
stradavarius,12
straddle,8
stradivari,10
stradivarius,12
strafe,6
strafer,7
straggle,8
straggler,9
straggling,10
stragglingly,12
straggly,8
straight,8
straightarrow,13
straightaway,12
straightedge,12
straighten,10
straightener,12
straightforward,15
straightjacket,14
straightlaced,13
straightness,12
straightway,11
strain,6
strained,8
strainer,8
straining,9
strait,6
straiten,8
straitjacket,12
straitlaced,11
straits,7
strake,6
strand,6
stranded,8
strange,7
strangely,9
strangeness,11
stranger,8
strangle,8
strangled,9
stranglehold,12
strangler,9
strangles,9
strangling,10
strangulate,11
strangulation,13
strap,5
strapado,8
straphanger,11
strapless,9
straplike,9
strappado,9
strapper,8
strapping,9
strasberg,9
strasbourg,10
strassburg,10
stratagem,9
strategian,10
strategic,9
strategical,11
strategically,13
strategics,10
strategist,10
strategy,8
stratification,14
stratified,10
stratify,8
stratigraphy,12
stratocracy,11
stratosphere,12
stratum,7
stratus,7
strauss,7
stravinskian,12
stravinsky,10
stravinskyan,12
straw,5
strawberry,10
strawboard,10
strawflower,11
strawman,8
strawworm,9
stray,5
strayer,7
straying,8
streak,6
streaked,8
streaker,8
streaky,7
stream,6
streambed,9
streamer,8
streaming,9
streamlet,9
streamline,10
streamlined,11
streamliner,11
streep,6
street,6
streetcar,9
streetlight,11
streetwalk,10
streetwalker,12
streetwise,10
streisand,9
strekelia,9
strelitzia,10
strelitziaceae,14
strength,8
strengthen,10
strengthened,12
strengthener,12
strengthening,13
strenuosity,11
strenuous,9
strenuously,11
strenuousness,13
strep,5
strepera,8
strepsiceros,12
strepsirhini,12
streptobacillus,15
streptocarpus,13
streptococcal,13
streptococci,12
streptococcic,13
streptococcus,13
streptodornase,14
streptokinase,13
streptolysin,12
streptomyces,12
streptomycin,12
streptopelia,12
streptosolen,12
streptothricin,14
stress,6
stressed,8
stressful,9
stressor,8
stretch,7
stretchability,14
stretchable,11
stretched,9
stretcher,9
stretchiness,12
stretching,10
stretchy,8
streusel,8
strew,5
strewing,8
stria,5
striate,7
striation,9
striatum,8
stricken,8
strickland,10
strickle,8
strict,6
strictly,8
strictness,10
stricture,9
stride,6
stridence,9
stridency,9
strident,8
stridently,10
strider,7
stridor,7
stridulate,10
stridulation,12
strife,6
strigidae,9
strigiformes,12
strike,6
strikebound,11
strikebreaker,13
strikebreaking,14
strikeout,9
striker,7
striking,8
strikingly,10
strikingness,12
strindberg,10
string,6
stringency,10
stringent,9
stringently,11
stringer,8
strings,7
stringy,7
stringybark,11
strip,5
stripe,6
striped,7
striper,7
stripes,7
striping,8
stripling,9
stripped,8
stripper,8
stripping,9
striptease,10
stripteaser,11
stripy,6
strive,6
striver,7
striving,8
strix,5
strobe,6
strobile,8
strobilomyces,13
strobilus,9
stroboscope,11
stroheim,8
stroke,6
stroking,8
stroll,6
stroller,8
stroma,6
stromateid,10
stromateidae,12
strombidae,10
strombus,8
strong,6
strongbox,9
stronghold,10
strongly,8
strongman,9
strongroom,10
strongylodon,12
strontianite,12
strontium,9
strop,5
strophanthin,12
strophanthus,12
stropharia,10
strophariaceae,14
strophe,7
stroppy,7
struck,6
structural,10
structuralism,13
structurally,12
structure,9
structured,10
strudel,7
struggle,8
struggler,9
struggling,10
strum,5
struma,6
strumpet,8
strung,6
strut,5
struthio,8
struthiomimus,13
struthionidae,13
strychnine,10
strymon,7
stuart,6
stub,4
stubbiness,10
stubble,7
stubbled,8
stubbly,7
stubborn,8
stubbornly,10
stubbornness,12
stubbs,6
stubby,6
stucco,6
stuck,5
stud,4
studbook,8
studded,7
student,7
studentship,11
studhorse,9
studied,7
studio,6
studious,8
studiously,10
studiousness,12
study,5
studying,8
stuff,5
stuffed,7
stuffer,7
stuffily,8
stuffiness,10
stuffing,8
stuffy,6
stultification,14
stultify,8
stumble,7
stumblebum,10
stumbler,8
stump,5
stumper,7
stumping,8
stumpknocker,12
stumpy,6
stun,4
stung,5
stunned,7
stunner,7
stunning,8
stunningly,10
stunt,5
stunted,7
stuntedness,11
stunting,8
stupa,5
stupe,5
stupefaction,12
stupefied,9
stupefy,7
stupefying,10
stupendous,10
stupendously,12
stupid,6
stupidity,9
stupidly,8
stupor,6
stuporous,9
sturdily,8
sturdiness,10
sturdy,6
sturgeon,8
sturmabteilung,14
sturnella,9
sturnidae,9
sturnus,7
stutter,7
stutterer,9
stuttgart,9
stuyvesant,10
stye,4
stygian,7
style,5
styleless,9
stylemark,9
styler,6
stylet,6
stylisation,11
stylise,7
stylised,8
stylish,7
stylishly,9
stylishness,11
stylist,7
stylistic,9
stylistically,13
stylite,7
stylization,11
stylize,7
stylized,8
stylomecon,10
stylophorum,11
stylopodium,11
stylostixis,11
stylus,6
stymie,6
stymy,5
styphelia,9
stypsis,7
styptic,7
styracaceae,11
styracosaur,11
styracosaurus,13
styrax,6
styrene,7
styrofoam,9
styron,6
styx,4
suasible,8
suasion,7
suave,5
suavely,7
suaveness,9
suavity,7
subacid,7
subacute,8
subalpine,9
subaltern,9
subaquatic,10
subaqueous,10
subarctic,9
subartesian,11
subatomic,9
subbase,7
subbing,7
subclass,8
subclavian,10
subclinical,11
subcommittee,12
subcompact,10
subconscious,12
subconsciously,14
subcontinent,12
subcontract,11
subcontractor,13
subcortical,11
subculture,10
subcutaneous,12
subcutaneously,14
subdeacon,9
subdirectory,12
subdivide,9
subdivider,10
subdivision,11
subdominant,11
subduable,9
subduction,10
subdue,6
subdued,7
subduedness,11
subduer,7
subdural,8
subedit,7
subeditor,9
subfamily,9
subfigure,9
subfusc,7
subgenus,8
subgross,8
subgroup,8
subhead,7
subheading,10
subhuman,8
subjacent,9
subject,7
subjection,10
subjective,10
subjectively,12
subjectiveness,14
subjectivism,12
subjectivist,12
subjectivity,12
subjoin,7
subjoining,10
subjugable,10
subjugate,9
subjugated,10
subjugation,11
subjugator,10
subjunction,11
subjunctive,11
subkingdom,10
sublease,8
sublet,6
sublieutenant,13
sublimate,9
sublimated,10
sublimation,11
sublimaze,9
sublime,7
sublimed,8
sublimely,9
subliminal,10
sublimity,9
sublingual,10
subliterary,11
sublittoral,11
sublunar,8
sublunary,9
subluxate,9
subluxation,11
submarine,9
submariner,10
submaxilla,10
submediant,10
submenu,7
submerge,8
submerged,9
submergence,11
submergible,11
submerging,10
submerse,8
submersed,9
submersible,11
submersion,10
submission,10
submissive,10
submissively,12
submissiveness,14
submit,6
submitter,9
submucosa,9
subnormal,9
subnormality,12
subocean,8
suboceanic,10
subocular,9
suborbital,10
suborder,8
subordinate,11
subordinateness,15
subordinating,13
subordination,13
subordinative,13
suborn,6
subornation,11
suborner,8
subpart,7
subphylum,9
subpoena,8
subpopulation,13
subprogram,10
subrogate,9
subrogation,11
subroutine,10
subscribe,9
subscribed,10
subscriber,10
subscript,9
subscription,12
subsection,10
subsequence,11
subsequent,10
subsequently,12
subsequentness,14
subserve,8
subservience,12
subservient,11
subserviently,13
subservientness,15
subset,6
subshrub,8
subside,7
subsidence,10
subsidiarity,12
subsidiary,10
subsiding,9
subsidisation,13
subsidise,9
subsidised,10
subsidiser,10
subsidization,13
subsidize,9
subsidized,10
subsidizer,10
subsidy,7
subsist,7
subsistence,11
subsister,9
subsoil,7
subsonic,8
subspace,8
subspecies,10
substance,9
substandard,11
substantial,11
substantiality,14
substantially,13
substantialness,15
substantiate,12
substantiating,14
substantiation,14
substantiative,14
substantival,12
substantive,11
substation,10
substitutable,13
substitute,10
substituting,12
substitution,12
substrate,9
substratum,10
substring,9
substructure,12
subsume,7
subsumption,11
subsurface,10
subsystem,9
subtend,7
subterfuge,10
subterminal,11
subterranean,12
subterraneous,13
subthalamus,11
subtilin,8
subtilise,9
subtilize,9
subtitle,8
subtle,6
subtlety,8
subtly,6
subtonic,8
subtopia,8
subtotal,8
subtract,8
subtracter,10
subtraction,11
subtractive,11
subtrahend,10
subtreasury,11
subtropic,9
subtropical,11
subtropics,10
subularia,9
subunit,7
suburb,6
suburban,8
suburbanise,11
suburbanised,12
suburbanite,11
suburbanize,11
suburbanized,12
suburbia,8
subvent,7
subvention,10
subversion,10
subversive,10
subversiveness,14
subvert,7
subverter,9
subvocalise,11
subvocaliser,12
subvocalize,11
subvocalizer,12
subway,6
subwoofer,9
succade,7
succedaneum,11
succeed,7
succeeder,9
succeeding,10
success,7
successful,10
successfully,12
successfulness,14
succession,10
successive,10
successively,12
successiveness,14
successor,9
succinct,8
succinctly,10
succinctness,12
succinic,8
succinylcholine,15
succor,6
succorer,8
succory,7
succos,6
succotash,9
succoth,7
succour,7
succourer,9
succuba,7
succubus,8
succulence,10
succulency,10
succulent,9
succumb,7
succus,6
succuss,7
succussion,10
such,4
suchlike,8
suck,4
sucker,6
suckerfish,10
sucking,7
suckle,6
suckled,7
suckling,8
sucralfate,10
sucrase,7
sucre,5
sucrose,7
suction,7
suctorial,9
sudafed,7
sudan,5
sudanese,8
sudate,6
sudation,8
sudatorium,10
sudatory,8
sudbury,7
sudden,6
suddenly,8
suddenness,10
sudoku,6
sudor,5
sudorific,9
sudra,5
suds,4
sudsy,5
suede,5
suer,4
suet,4
suety,5
suez,4
suffer,6
sufferable,10
sufferance,10
sufferer,8
suffering,9
suffice,7
sufficiency,11
sufficient,10
sufficiently,12
suffix,6
suffixation,11
suffocate,9
suffocating,11
suffocation,11
suffocative,11
suffragan,9
suffrage,8
suffragette,11
suffragism,10
suffragist,10
suffrutescent,13
suffrutex,9
suffuse,7
suffusion,9
suffusive,9
sufi,4
sufism,6
sugar,5
sugarberry,10
sugarcane,9
sugarcoat,9
sugared,7
sugariness,10
sugarless,9
sugarloaf,9
sugarplum,9
sugary,6
suggest,7
suggester,9
suggestibility,14
suggestible,11
suggestion,10
suggestive,10
suggestively,12
sugi,4
suharto,7
suicidal,8
suicide,7
suidae,6
suillus,7
suisse,6
suit,4
suitability,11
suitable,8
suitableness,12
suitably,8
suitcase,8
suite,5
suited,6
suiting,7
suitor,6
sukarno,7
sukiyaki,8
sukkoth,7
suksdorfia,10
sukur,5
sula,4
sulamyd,7
sulawesi,8
sulcate,7
sulcus,6
sulfa,5
sulfacetamide,13
sulfadiazine,12
sulfamethazine,14
sulfamezathine,14
sulfanilamide,13
sulfapyridine,13
sulfate,7
sulfide,7
sulfisoxazole,13
sulfonamide,11
sulfonate,9
sulfonylurea,12
sulfur,6
sulfurette,10
sulfuretted,11
sulfuric,8
sulfurized,10
sulfurous,9
sulidae,7
sulindac,8
sulk,4
sulkily,7
sulkiness,9
sulky,5
sulla,5
sullen,6
sullenly,8
sullenness,10
sullivan,8
sully,5
sulpha,6
sulphate,8
sulphide,8
sulphur,7
sulphurette,11
sulphuretted,12
sulphuric,9
sulphurous,10
sultan,6
sultana,7
sultanate,9
sultrily,8
sultriness,10
sultry,6
sumac,5
sumach,6
sumatra,7
sumatran,8
sumer,5
sumerian,8
sumerology,10
summarily,9
summarisation,13
summarise,9
summarization,13
summarize,9
summary,7
summate,7
summation,9
summational,11
summative,9
summer,6
summercater,11
summercaters,12
summerhouse,11
summerise,9
summerize,9
summersault,11
summerset,9
summertime,10
summery,7
summit,6
summon,6
summoning,9
summons,7
sumner,6
sumo,4
sump,4
sumpsimus,9
sumpter,7
sumptuary,9
sumptuosity,11
sumptuous,9
sumptuously,11
sumptuousness,13
sunbaked,8
sunbathe,8
sunbather,9
sunbeam,7
sunbelt,7
sunberry,8
sunblind,8
sunblock,8
sunbonnet,9
sunburn,7
sunburned,9
sunburnt,8
sunburst,8
sunchoke,8
sundacarpus,11
sundae,6
sundanese,9
sunday,6
sunder,6
sunderland,10
sundew,6
sundial,7
sundog,6
sundown,7
sundowner,9
sundress,8
sundried,8
sundries,8
sundrops,8
sundry,6
sunfish,7
sunflower,9
sung,4
sunglass,8
sunglasses,10
sunhat,6
sunk,4
sunken,6
sunlamp,7
sunless,7
sunlight,8
sunlit,6
sunna,5
sunnah,6
sunni,5
sunnily,7
sunniness,9
sunnite,7
sunny,5
sunporch,8
sunray,6
sunrise,7
sunroof,7
sunroom,7
sunrose,7
sunscreen,9
sunset,6
sunshade,8
sunshine,8
sunspot,7
sunstone,8
sunstroke,9
sunstruck,9
sunsuit,7
suntan,6
suntanned,9
suntrap,7
sunup,5
suomi,5
super,5
superable,9
superabundance,14
superabundant,13
superannuate,12
superannuated,13
superannuation,14
superb,6
superbia,8
superbly,8
superbug,8
supercargo,10
supercede,9
supercharge,11
supercharged,12
supercharger,12
supercilious,12
superciliously,14
supercilium,11
superclass,10
supercomputer,13
supercritical,13
superego,8
supererogation,14
supererogatory,14
superfamily,11
superfatted,11
superfecta,10
superfetate,11
superfetation,13
superficial,11
superficiality,14
superficially,13
superficies,11
superfine,9
superfluity,11
superfluous,11
superfluously,13
superfund,9
supergiant,10
supergrass,10
superhet,8
superhighway,12
superhuman,10
superimpose,11
superimposed,12
superincumbent,14
superinfect,11
superinfection,14
superintend,11
superintendence,15
superintendent,14
superior,8
superiority,11
superjacent,11
superlative,11
superlatively,13
superload,9
superlunar,10
superlunary,11
superman,8
supermarket,11
supermarketeer,14
supermarketer,13
supermex,8
supermodel,10
supermolecule,13
supermom,8
supernal,8
supernatant,11
supernatural,12
supernaturalism,15
supernaturalist,15
supernaturally,14
supernormal,11
supernova,9
supernumerary,13
superorder,10
superordinate,13
superordination,15
superoxide,10
superpatriotic,14
superpatriotism,15
superphylum,11
superposable,12
superpose,9
superposition,13
superpower,10
supersaturated,14
superscribe,11
superscript,11
superscription,14
supersede,9
supersedure,11
supersensitised,15
supersensitive,14
supersensitized,15
supersession,12
superslasher,12
supersonic,10
superstar,9
superstition,12
superstitious,13
superstitiously,15
superstrate,11
superstratum,12
superstring,11
superstructure,14
supersymmetry,13
supertanker,11
supertax,8
supertitle,10
supertonic,10
supertwister,12
supervene,9
supervention,12
supervise,9
supervised,10
supervising,11
supervision,11
supervisor,10
supervisory,11
supinate,8
supination,10
supinator,9
supine,6
supinely,8
supper,6
supperless,10
suppertime,10
supping,7
supplant,8
supplanter,10
supplanting,11
supple,6
supplejack,10
supplement,10
supplemental,12
supplementary,13
supplementation,15
suppleness,10
suppliant,9
supplicant,10
supplicate,10
supplication,12
supplicatory,12
supplier,8
supply,6
supplying,9
support,7
supportable,11
supported,9
supporter,9
supporting,10
supportive,10
supposable,10
supposal,8
suppose,7
supposed,8
supposedly,10
supposition,11
suppositional,13
suppositious,12
supposititious,14
suppository,11
suppress,8
suppressant,11
suppressed,10
suppresser,10
suppression,11
suppressive,11
suppressor,10
suppurate,9
suppuration,11
suppurative,11
supra,5
suprainfection,14
supranational,13
supranormal,11
supraocular,11
supraorbital,12
suprasegmental,14
supremacism,11
supremacist,11
supremacy,9
suprematism,11
suprematist,11
supreme,7
supremely,9
supremo,7
sura,4
surbase,7
surcease,8
surcharge,9
surcoat,7
surd,4
sure,4
surefooted,10
surely,6
sureness,8
surety,6
surf,4
surface,7
surfacing,9
surfactant,10
surfbird,8
surfboard,9
surfboarder,11
surfboarding,12
surfboat,8
surfeit,7
surfer,6
surffish,8
surficial,9
surfing,7
surfperch,9
surfriding,10
surge,5
surgeon,7
surgeonfish,11
surgery,7
surgical,8
surgically,10
surging,7
suricata,8
suricate,8
surinam,7
suriname,8
surlily,7
surliness,9
surly,5
surmisable,10
surmisal,8
surmise,7
surmontil,9
surmount,8
surmountable,12
surmounted,10
surmounter,10
surmullet,9
surname,7
surnia,6
surpass,7
surpassing,10
surpassingly,12
surplice,8
surpliced,9
surplus,7
surplusage,10
surprint,8
surprisal,9
surprise,8
surprised,9
surprisedly,11
surpriser,9
surprising,10
surprisingly,12
surprisingness,14
surreal,7
surrealism,10
surrealist,10
surrealistic,12
surrebuttal,11
surrebutter,11
surrejoinder,12
surrender,9
surrenderer,11
surreptitious,13
surreptitiously,15
surrey,6
surrogate,9
surround,8
surrounded,10
surrounding,11
surroundings,12
surtax,6
surtitle,8
surtout,7
surveil,7
surveillance,12
survey,6
surveying,9
surveyor,8
survival,8
survivalist,11
survive,7
surviving,9
survivor,8
surya,5
susa,4
susah,5
susanna,7
susceptibility,14
susceptible,11
susceptibleness,15
sushi,5
susian,6
susiana,7
suslik,6
suspect,7
suspected,9
suspend,7
suspended,9
suspender,9
suspense,8
suspenseful,11
suspension,10
suspensive,10
suspensor,9
suspensory,10
suspicion,9
suspicious,10
suspiciously,12
suspiciousness,14
suspiration,11
suspire,7
susquehanna,11
sussex,6
sustain,7
sustainability,14
sustainable,11
sustained,9
sustainer,9
sustainment,11
sustenance,10
sustentacular,13
sustentation,12
susurrant,9
susurrate,9
susurration,11
susurrous,9
susurrus,8
sutherland,10
sutler,6
sutra,5
suttee,6
sutura,6
suture,6
suturing,8
suva,4
suzerain,8
suzerainty,10
svalbard,8
svedberg,8
svelte,6
svengali,8
sverdrup,8
sverige,7
svizzera,8
svoboda,7
swab,4
swabbing,8
swad,4
swaddle,7
swag,4
swage,5
swagger,7
swaggerer,9
swaggering,10
swaggie,7
swagman,7
swahili,7
swain,5
swainsona,9
swale,5
swallow,7
swallowtail,11
swallowwort,11
swami,5
swammerdam,10
swamp,5
swamphen,8
swampland,9
swampy,6
swan,4
swanflower,10
swank,5
swanky,6
swanneck,8
swansea,7
swanson,7
swap,4
sward,5
swarm,5
swart,5
swarthiness,11
swarthy,7
swash,5
swashbuckler,12
swashbuckling,13
swastika,8
swat,4
swatch,6
swath,5
swathe,6
swathing,8
swatter,7
sway,4
swayback,8
swaybacked,10
swayer,6
swazi,5
swaziland,9
swbs,4
swbw,4
swear,5
swearer,7
swearing,8
swearword,9
sweat,5
sweatband,9
sweatbox,8
sweater,7
sweating,8
sweatpants,10
sweats,6
sweatshirt,10
sweatshop,9
sweatsuit,9
swede,5
sweden,6
swedenborg,10
swedish,7
sweep,5
sweeper,7
sweeping,8
sweepingly,10
sweepstakes,11
sweet,5
sweetbread,10
sweetbreads,11
sweetbriar,10
sweetbrier,10
sweeten,7
sweetened,9
sweetener,9
sweetening,10
sweetheart,10
sweetie,7
sweetish,8
sweetleaf,9
sweetly,7
sweetmeat,9
sweetness,9
sweetpea,8
sweetsop,8
swell,5
swelled,7
swellhead,9
swelling,8
swelter,7
sweltering,10
sweltry,7
swept,5
sweptback,9
sweptwing,9
swertia,7
swerve,6
swerving,8
swietinia,9
swift,5
swiftlet,8
swiftly,7
swiftness,9
swig,4
swill,5
swilling,8
swim,4
swimmer,7
swimmeret,9
swimming,8
swimmingly,10
swimsuit,8
swimwear,8
swinburne,9
swindle,7
swindler,8
swine,5
swineherd,9
swing,5
swinge,6
swingeing,9
swinger,7
swinging,8
swingletree,11
swingy,6
swinish,7
swipe,5
swirl,5
swish,5
swishy,6
swiss,5
switch,6
switchblade,11
switchboard,11
switcher,8
switcheroo,10
switching,9
switchman,9
swither,7
switzerland,11
swivel,6
swivet,6
swiz,4
swizzle,7
swob,4
swollen,7
swoon,5
swooning,8
swoop,5
swoosh,6
swop,4
sword,5
swordfish,9
swordlike,9
swordplay,9
swordsman,9
swordsmanship,13
swordtail,9
sworn,5
swosh,5
swot,4
sybarite,8
sybaritic,9
sycamore,8
syconium,8
sycophancy,10
sycophant,9
sycophantic,11
sydenham,8
sydney,6
syllabary,9
syllabic,8
syllabically,12
syllabicate,11
syllabication,13
syllabicity,11
syllabification,15
syllabify,9
syllabise,9
syllabize,9
syllable,8
syllabled,9
syllabub,8
syllabus,8
syllepsis,9
syllogise,9
syllogiser,10
syllogism,9
syllogist,9
syllogistic,11
syllogize,9
syllogizer,10
sylph,5
sylphlike,9
sylva,5
sylvan,6
sylvanite,9
sylvanus,8
sylviidae,9
sylviinae,9
sylvilagus,10
sylvine,7
sylvite,7
symbiosis,9
symbiotic,9
symbiotically,13
symbol,6
symbolatry,10
symbolic,8
symbolical,10
symbolically,12
symbolisation,13
symbolise,9
symboliser,10
symbolising,11
symbolism,9
symbolist,9
symbolization,13
symbolize,9
symbolizer,10
symbolizing,11
symbology,9
symbololatry,12
symmetric,9
symmetrical,11
symmetrically,13
symmetricalness,15
symmetrise,10
symmetrize,10
symmetry,8
symonds,7
symons,6
sympathectomy,13
sympathetic,11
sympathetically,15
sympathise,10
sympathiser,11
sympathize,10
sympathizer,11
sympathomimetic,15
sympathy,8
sympatric,9
sympatry,8
sympetalous,11
symphalangus,12
symphilid,9
symphonic,9
symphonious,11
symphonise,10
symphonist,10
symphonize,10
symphony,8
symphoricarpos,14
symphyla,8
symphysion,10
symphysis,9
symphytum,9
symplocaceae,12
symplocarpus,12
symploce,8
symplocus,9
symposiarch,11
symposiast,10
symposium,9
symptom,7
symptomatic,11
symptomatically,15
symptomless,11
synaeresis,10
synaesthesia,12
synaesthetic,12
synagogue,9
synagrops,9
synanceja,9
synapse,7
synapsid,8
synapsida,9
synapsis,8
synaptic,8
synaptomys,10
sync,4
syncarp,7
syncarpous,10
syncategorem,12
syncategoreme,13
synchro,7
synchroflash,12
synchromesh,11
synchronal,10
synchroneity,12
synchronic,10
synchronicity,13
synchronisation,15
synchronise,11
synchronised,12
synchroniser,12
synchronising,13
synchronism,11
synchronization,15
synchronize,11
synchronized,12
synchronizer,12
synchronizing,13
synchronoscope,14
synchronous,11
synchronously,13
synchrony,9
synchroscope,12
synchrotron,11
synchytriaceae,14
synchytrium,11
synclinal,9
syncopate,9
syncopated,10
syncopation,11
syncopator,10
syncope,7
syncretic,9
syncretical,11
syncretise,10
syncretism,10
syncretistic,12
syncretistical,14
syncretize,10
syncytium,9
syndactylism,12
syndactyly,10
syndetic,8
syndic,6
syndicalism,11
syndicalist,11
syndicate,9
syndication,11
syndicator,10
syndrome,8
synecdoche,10
synecdochic,11
synecdochical,13
synechia,8
synentognathi,13
synercus,8
syneresis,9
synergetic,10
synergism,9
synergist,9
synergistic,11
synergistically,15
synergy,7
synesthesia,11
synesthetic,11
synezesis,9
synge,5
syngnathidae,12
syngnathus,10
syngonium,9
synizesis,9
synod,5
synodontidae,12
synoecious,10
synoicous,9
synonym,7
synonymist,10
synonymity,10
synonymous,10
synonymously,12
synonymousness,14
synonymy,8
synopsis,8
synoptic,8
synoptical,10
synoptics,9
synovia,7
synovial,8
synovitis,9
synovium,8
synsemantic,11
synset,6
syntactic,9
syntactical,11
syntactically,13
syntactician,12
syntagm,7
syntagma,8
syntagmatic,11
syntax,6
synthesis,9
synthesise,10
synthesiser,11
synthesist,10
synthesize,10
synthesizer,11
synthetic,9
synthetical,11
synthetically,13
synthetism,10
syph,4
syphilis,8
syphilitic,10
syphon,6
syracuse,8
syria,5
syrian,6
syringa,7
syringe,7
syrinx,6
syrrhaptes,10
syrup,5
syrupy,6
system,6
systematic,10
systematically,14
systematics,11
systematisation,15
systematise,11
systematiser,12
systematism,11
systematist,11
systematization,15
systematize,11
systematizer,12
systemic,8
systemise,9
systemiser,10
systemize,9
systemizer,10
systole,7
systolic,8
syzygium,8
syzygy,6
szechuan,8
szechwan,8
szell,5
szilard,7
taal,4
tabanidae,9
tabard,6
tabasco,7
tabbouleh,9
tabby,5
tabernacle,10
tabernacles,11
tabernaemontana,15
tabes,5
tabi,4
tabis,5
tablature,9
table,5
tableau,7
tablecloth,10
tablefork,9
tableland,9
tablemate,9
tablespoon,10
tablespoonful,13
tablet,6
tabletop,8
tableware,9
tabloid,7
taboo,5
tabooli,7
tabor,5
tabora,6
taboret,7
tabour,6
tabouret,8
tabriz,6
tabu,4
tabuk,5
tabular,7
tabularise,10
tabularize,10
tabulate,8
tabulation,10
tabulator,9
tabun,5
tacamahac,9
tacca,5
taccaceae,9
tach,4
tacheometer,11
tachinidae,10
tachistoscope,13
tachogram,9
tachograph,10
tachometer,10
tachycardia,11
tachyglossidae,14
tachyglossus,12
tachygraphy,11
tachylite,9
tachymeter,10
tachypleus,10
tacit,5
tacitly,7
taciturn,8
taciturnity,11
taciturnly,10
tacitus,7
tack,4
tacker,6
tackiness,9
tacking,7
tackle,6
tackler,7
tacky,5
taco,4
tacoma,6
taconite,8
tact,4
tactful,7
tactfully,9
tactfulness,11
tactic,6
tactical,8
tactically,10
tactician,9
tactics,7
tactile,7
tactility,9
tactless,8
tactlessly,10
tactlessness,12
tactual,7
tactually,9
tadalafil,9
tadarida,8
tadjik,6
tadorna,7
tadpole,7
tadzhik,7
tadzhikistan,12
taegu,5
taekwondo,9
tael,4
taenia,6
taeniidae,9
taffeta,7
taffrail,8
taffy,5
taft,4
tagalog,7
tagalong,8
tagamet,7
tagasaste,9
tageteste,9
tagged,6
tagger,6
tagliatelle,11
tagore,6
taguan,6
tagus,5
tahini,6
tahiti,6
tahitian,8
taichi,6
taichichuan,11
taichung,8
taif,4
tail,4
tailback,8
tailboard,9
tailcoat,8
tailed,6
tailfin,7
tailflower,10
tailgate,8
tailgater,9
tailing,7
tailless,8
taillight,9
taillike,8
tailor,6
tailorbird,10
tailored,8
tailoring,9
tailpiece,9
tailpipe,8
tailplane,9
tailrace,8
tails,5
tailspin,8
tailstock,9
tailwind,8
tailwort,8
taint,5
tainted,7
taipan,6
taipeh,6
taipei,6
taira,5
taiwan,6
taiwanese,9
taiyuan,7
tajik,5
tajiki,6
tajikistan,10
tajikistani,11
taka,4
takahe,6
takakkaw,8
take,4
takeaway,8
takedown,8
takelma,7
taken,5
takeoff,7
takeout,7
takeover,8
taker,5
takilman,8
takin,5
taking,6
takings,7
tala,4
talapoin,8
talaria,7
talbot,6
talc,4
talcum,6
tale,4
taleban,7
talebearer,10
talebearing,11
talent,6
talented,8
talentless,10
talentlessness,14
taleteller,10
taliban,7
talien,6
talinum,7
taliped,7
talipes,7
talipot,7
talisman,8
talismanic,10
talk,4
talkative,9
talkatively,11
talkativeness,13
talker,6
talkie,6
talkily,7
talking,7
talks,5
talky,5
tall,4
tallahassee,11
tallapoosa,10
tallboy,7
tallchief,9
talleyrand,10
tallgrass,9
tallin,6
tallinn,7
tallis,6
tallish,7
tallith,7
tallness,8
tallow,6
tally,5
tallyman,8
talmud,6
talon,5
taloned,7
talpidae,8
talus,5
talwin,6
tamable,7
tamale,6
tamandu,7
tamandua,8
tamanoir,8
tamarack,8
tamarao,7
tamarau,7
tamaricaceae,12
tamarillo,9
tamarin,7
tamarind,8
tamarindo,9
tamarindus,10
tamarisk,8
tamarix,7
tambac,6
tambala,7
tambocor,8
tambour,7
tambourine,10
tamburlaine,11
tame,4
tameable,8
tamed,5
tamely,6
tameness,8
tamer,5
tamerlane,9
tamias,6
tamiasciurus,12
tamil,5
tamm,4
tammany,7
tammerfors,10
tammuz,6
tammy,5
tamoxifen,9
tamp,4
tampa,5
tampax,6
tamper,6
tampere,7
tampering,9
tampico,7
tampion,7
tampon,6
tamponade,9
tamponage,9
tamus,5
tanacetum,9
tanach,6
tanager,7
tanakh,6
tanbark,7
tancred,7
tandearil,9
tandem,6
tandoor,7
tandy,5
tanekaha,8
taney,5
tang,4
tanga,5
tanganyika,10
tange,5
tangelo,7
tangency,8
tangent,7
tangential,10
tangentially,12
tangerine,9
tangibility,11
tangible,8
tangibleness,12
tangibly,8
tangier,7
tangiers,8
tanginess,9
tangle,6
tanglebush,10
tangled,7
tango,5
tangor,6
tangram,7
tangshan,8
tanguy,6
tangy,5
tank,4
tanka,5
tankage,7
tankard,7
tanker,6
tankful,7
tanned,6
tannenberg,10
tanner,6
tannery,7
tannia,6
tannic,6
tannin,6
tanning,7
tannish,7
tannoy,6
tanoan,6
tansy,5
tantalise,9
tantaliser,10
tantalising,11
tantalite,9
tantalization,13
tantalize,9
tantalizer,10
tantalizing,11
tantalizingly,13
tantalum,8
tantalus,8
tantamount,10
tantilla,8
tantra,6
tantric,7
tantrik,7
tantrism,8
tantrist,8
tantrum,7
tanzania,8
tanzanian,9
tanzim,6
taoiseach,9
taoism,6
taoist,6
taos,4
tapa,4
tapdance,8
tape,4
taped,5
tapeline,8
tapenade,8
taper,5
tapered,7
tapering,8
tapestried,10
tapestry,8
tapeworm,8
taphephobia,11
taphouse,8
taping,6
tapioca,7
tapir,5
tapiridae,9
tapirus,7
tapis,5
tapotement,10
tappa,5
tappan,6
tapped,6
tapper,6
tappet,6
tapping,7
taproom,7
taproot,7
taps,4
tapster,7
tara,4
tarabulus,9
taracahitian,12
taradiddle,10
tarahumara,10
taraktagenos,12
taraktogenos,12
tarantella,10
tarantelle,10
tarantino,9
tarantism,9
tarantula,9
tarawa,6
taraxacum,9
tarbell,7
tarboosh,8
tardigrada,10
tardigrade,10
tardily,7
tardiness,9
tardive,7
tardy,5
tare,4
target,6
tarheel,7
taricha,7
tariff,6
tarkovsky,9
tarmac,6
tarmacadam,10
tarn,4
tarnish,7
taro,4
tarot,5
tarp,4
tarpan,6
tarpaulin,9
tarpon,6
tarquin,7
tarquinius,10
tarradiddle,11
tarragon,8
tarriance,9
tarrietia,9
tarry,5
tarsal,6
tarsier,7
tarsiidae,9
tarsioidea,10
tarsitis,8
tarsius,7
tarsus,6
tart,4
tartan,6
tartar,6
tartarean,9
tartaric,8
tartarus,8
tartary,7
tartlet,7
tartly,6
tartness,8
tartrate,8
tartu,5
tartufe,7
tartuffe,8
tarweed,7
tarwood,7
tarzan,6
tashkent,8
tashmit,7
tashmitum,9
task,4
taskent,7
taskmaster,10
taskmistress,12
tasman,6
tasmania,8
tasmanian,9
tasse,5
tassel,6
tasseled,8
tasselled,9
tasset,6
tasso,5
taste,5
tastebud,8
tasteful,8
tastefully,10
tastefulness,12
tasteless,9
tastelessly,11
tastelessness,13
taster,6
tastily,7
tastiness,9
tasting,7
tasty,5
tatahumara,10
tatar,5
tatary,6
tate,4
tater,5
tati,4
tatou,5
tatouay,7
tatter,6
tatterdemalion,14
tattered,8
tattily,7
tatting,7
tattle,6
tattler,7
tattletale,10
tattling,8
tattoo,6
tatty,5
tatu,4
tatum,5
taunt,5
taunting,8
tauntingly,10
tauon,5
taupe,5
taurine,7
tauromachy,10
taurotragus,11
taurus,6
taut,4
tauten,6
tautly,6
tautness,8
tautog,6
tautoga,7
tautogolabrus,13
tautologic,10
tautological,12
tautology,9
tavern,6
tawdrily,8
tawdriness,10
tawdry,6
tawney,6
tawniness,9
tawny,5
tawse,5
taxability,10
taxable,7
taxaceae,8
taxales,7
taxation,8
taxer,5
taxi,4
taxicab,7
taxidea,7
taxidermist,11
taxidermy,9
taxidriver,10
taximan,7
taximeter,9
taxing,6
taxis,5
taxistand,9
taxiway,7
taxman,6
taxodiaceae,11
taxodium,8
taxon,5
taxonomer,9
taxonomic,9
taxonomical,11
taxonomically,13
taxonomist,10
taxonomy,8
taxophytina,11
taxopsida,9
taxpayer,8
taxpaying,9
taxus,5
tayalic,7
tayassu,7
tayassuidae,11
taylor,6
tayra,5
tazicef,7
tbilisi,7
tbit,4
tchad,5
tchaikovsky,11
tchotchke,9
tchotchkeleh,12
teaberry,8
teacake,7
teacart,7
teach,5
teachable,9
teacher,7
teachership,11
teaching,8
teacup,6
teacupful,9
teahouse,8
teak,4
teakettle,9
teakwood,8
teal,4
team,4
teammate,8
teamster,8
teamwork,8
teapot,6
tear,4
tearaway,8
teardrop,8
tearful,7
tearfully,9
tearfulness,11
teargas,7
tearing,7
tearjerker,10
tearless,8
tearoom,7
tears,5
teary,5
teasdale,8
tease,5
teased,6
teasel,6
teaser,6
teashop,7
teasing,7
teasingly,9
teasle,6
teaspoon,8
teaspoonful,11
teat,4
teatime,7
teazel,6
tebaldi,7
tebet,5
tebibit,7
tebibyte,8
tech,4
techie,6
technetium,10
technical,9
technicality,12
technically,11
technician,10
technicolor,11
technique,9
techno,6
technobabble,12
technocracy,11
technocrat,10
technological,13
technologically,15
technologist,12
technology,10
technophile,11
technophilia,12
technophilic,12
technophobe,11
technophobia,12
technophobic,12
techy,5
tecophilaeacea,14
tectaria,8
tectona,7
tectonic,8
tectonics,9
tecumseh,8
tecumtha,8
teddy,5
tedious,7
tediously,9
tediousness,11
tedium,6
teem,4
teeming,7
teemingness,11
teen,4
teenage,7
teenaged,8
teenager,8
teens,5
teensy,6
teentsy,7
teeny,5
teeoff,6
teepee,6
teeter,6
teeterboard,11
teetertotter,12
teeth,5
teethe,6
teething,8
teetotal,8
teetotaler,10
teetotaling,11
teetotalism,11
teetotalist,11
teetotaller,11
teetotum,8
teff,4
tefillin,8
teflon,6
tegu,4
tegucigalpa,11
tegular,7
tegument,8
teheran,7
tehran,6
teiid,5
teiidae,7
teju,4
tekki,5
tektite,7
telamon,7
telanthera,10
telco,5
telecast,8
telecaster,10
telecasting,11
telecom,7
telecommerce,12
telecommunicate,15
telecommuting,13
teleconference,14
telefax,7
telefilm,8
telegnosis,10
telegnostic,11
telegram,8
telegraph,9
telegrapher,11
telegraphese,12
telegraphic,11
telegraphically,15
telegraphist,12
telegraphy,10
telekinesis,11
telemann,8
telemark,8
telemarketing,13
telemeter,9
telemetered,11
telemetry,9
telencephalon,13
teleological,12
teleologist,11
teleology,9
teleost,7
teleostan,9
teleostei,9
telepathic,10
telepathise,11
telepathist,11
telepathize,11
telepathy,9
telephone,9
telephoner,10
telephonic,10
telephonist,11
telephony,9
telephoto,9
telephotograph,14
telephotography,15
teleport,8
teleportation,13
teleprinter,11
teleprocessing,14
teleprompter,12
telerobotics,12
telescope,9
telescoped,10
telescopic,10
telescopically,14
telescopium,11
telescopy,9
teleselling,11
telethermometer,15
teletypewriter,14
televangelism,13
televangelist,13
televise,8
television,10
teleworking,11
telex,5
telfer,6
telferage,9
telint,6
teliospore,10
tell,4
teller,6
tellima,7
telling,7
tellingly,9
telltale,8
tellurian,9
telluric,8
telluride,9
tellurium,9
tellus,6
telly,5
telocentric,11
telomerase,10
telomere,8
telopea,7
telophase,9
telosporidia,12
telpher,7
telpherage,10
telsontail,10
telugu,6
temazepam,9
temblor,7
temerarious,11
temerity,8
temnospondyli,13
temp,4
temper,6
tempera,7
temperament,11
temperamental,13
temperamentally,15
temperance,10
temperate,9
temperately,11
temperateness,13
temperature,11
tempered,8
tempering,9
tempest,7
tempestuous,11
tempestuousness,15
templar,7
template,8
temple,6
templet,7
templetonia,11
tempo,5
temporal,8
temporalis,10
temporality,11
temporally,10
temporalty,10
temporarily,11
temporariness,13
temporary,9
temporise,9
temporiser,10
temporize,9
temporizer,10
tempra,6
tempt,5
temptable,9
temptation,10
tempter,7
tempting,8
temptingly,10
temptingness,12
temptress,9
tempura,7
temuco,6
temujin,7
tenability,10
tenable,7
tenableness,11
tenacious,9
tenaciously,11
tenaciousness,13
tenacity,8
tenancy,7
tenant,6
tenanted,8
tenantry,8
tench,5
tend,4
tendencious,11
tendency,8
tendentious,11
tendentiously,13
tendentiousness,15
tender,6
tenderfoot,10
tendergreen,11
tenderhearted,13
tenderisation,13
tenderise,9
tenderised,10
tenderiser,10
tenderization,13
tenderize,9
tenderized,10
tenderizer,10
tenderloin,10
tenderly,8
tenderness,10
tending,7
tendinitis,10
tendinous,9
tendon,6
tendonitis,10
tendosynovitis,14
tendrac,7
tendril,7
tenebrific,10
tenebrionid,11
tenebrionidae,13
tenebrious,10
tenebrous,9
tenement,8
tenerife,8
tenesmus,8
tenet,5
tenfold,7
tenge,5
tenia,5
tenner,6
tennessean,10
tennessee,9
tenniel,7
tennis,6
tenno,5
tennyson,8
tenon,5
tenonitis,9
tenor,5
tenoretic,9
tenorist,8
tenormin,8
tenoroon,8
tenosynovitis,13
tenpence,8
tenpin,6
tenpins,7
tenpounder,10
tenrec,6
tenrecidae,10
tense,5
tensed,6
tensely,7
tenseness,9
tensile,7
tensimeter,10
tensiometer,11
tension,7
tensional,9
tensionless,11
tensity,7
tensor,6
tent,4
tentacle,8
tentacled,9
tentacular,10
tentaculata,11
tentative,9
tentatively,11
tenter,6
tenterhook,10
tenth,5
tenthly,7
tenthredinidae,14
tenting,7
tentmaker,9
tentorium,9
tenuity,7
tenuous,7
tenuously,9
tenure,6
tenured,7
tepal,5
tepee,5
tephrosia,9
tepic,5
tepid,5
tepidity,8
tepidly,7
tepidness,9
tequila,7
tera,4
terabit,7
terabyte,8
teraflop,8
terahertz,9
teras,5
teratogen,9
teratogenesis,13
teratogenic,11
teratology,10
teratoma,8
terazosin,9
terbinafine,11
terbium,7
terce,5
tercel,6
tercelet,8
tercentenary,12
tercentennial,13
tercet,6
terebella,9
terebellidae,12
terebinth,9
teredinid,9
teredinidae,11
teredo,6
terefah,7
terence,7
teres,5
teresa,6
tereshkova,10
terete,6
tergiversate,12
tergiversation,14
tergiversator,13
teriyaki,8
term,4
termagant,9
termer,6
termes,6
terminable,10
terminal,8
terminally,10
terminate,9
terminated,10
termination,11
terminative,11
terminator,10
terminological,14
terminology,11
terminus,8
termite,7
termitidae,10
terms,5
tern,4
ternary,7
ternate,7
ternion,7
terpene,7
terpsichore,11
terpsichorean,13
terrace,7
terrain,7
terramycin,10
terrapene,9
terrapin,8
terrarium,9
terrasse,8
terrene,7
terreplein,10
terrestrial,11
terrestrially,13
terrible,8
terribleness,12
terribly,8
terrier,7
terrietia,9
terrific,8
terrifically,12
terrified,9
terrify,7
terrifying,10
terrine,7
territorial,11
territorialise,14
territoriality,14
territorialize,14
territorially,13
territory,9
terror,6
terrorisation,13
terrorise,9
terrorism,9
terrorist,9
terrorization,13
terrorize,9
terry,5
terrycloth,10
terse,5
tersely,7
terseness,9
tertian,7
tertiary,8
tertigravida,12
tertry,6
tertullian,10
terylene,8
terzetto,8
tesla,5
tessella,8
tessellate,10
tessellated,11
tessellation,12
tessera,7
tesseract,9
tessin,6
test,4
testa,5
testacea,8
testacean,9
testaceous,10
testament,9
testamentary,12
testate,7
testator,8
testatrix,9
testcross,9
tested,6
testee,6
tester,6
testicle,8
testicular,10
testiere,8
testifier,9
testify,7
testily,7
testimonial,11
testimony,9
testiness,9
testing,7
testis,6
testosterone,12
testudinata,11
testudines,10
testudinidae,12
testudo,7
testy,5
tetanic,7
tetanilla,9
tetanus,7
tetany,6
tetartanopia,12
tetchily,8
tetchiness,10
tetchy,6
teth,4
tether,6
tetherball,10
tethered,8
tethyidae,9
tethys,6
teton,5
tetra,5
tetracaine,10
tetrachloride,13
tetraclinis,11
tetracycline,12
tetrad,6
tetragon,8
tetragonal,10
tetragonia,10
tetragoniaceae,14
tetragonurus,12
tetragram,9
tetragrammaton,14
tetrahalide,11
tetrahedron,11
tetrahymena,11
tetralogy,9
tetramerous,11
tetrameter,10
tetrametric,11
tetraneuris,11
tetranychid,11
tetranychidae,13
tetrao,6
tetraodontidae,14
tetraonidae,11
tetrapod,8
tetrapturus,11
tetrasaccharide,15
tetraskele,10
tetraskelion,12
tetrasporangium,15
tetraspore,10
tetravalent,11
tetrazzini,10
tetri,5
tetrode,7
tetrodotoxin,12
tetrose,7
tetroxide,9
tetryl,6
tetterwort,10
tettigoniid,11
tettigoniidae,13
teucrium,8
teuton,6
teutonic,8
teutonist,9
tevere,6
tevet,5
tewkesbury,10
texan,5
texarkana,9
texas,5
text,4
textbook,8
textile,7
textual,7
texture,7
textured,8
thackeray,9
thaddaeus,9
thai,4
thailand,8
thalamocortical,15
thalamus,8
thalarctos,10
thalassaemia,12
thalassemia,11
thalassic,9
thalassoma,10
thales,6
thalia,6
thaliacea,9
thalictrum,10
thalidomide,11
thalidone,9
thallium,8
thalloid,8
thallophyta,11
thallophyte,11
thallophytic,12
thallus,7
thalmencephalon,15
thalweg,7
thames,6
thammuz,7
thamnophilus,12
thamnophis,10
thanatology,11
thanatophobia,13
thanatopsis,11
thanatos,8
thane,5
thaneship,9
thank,5
thankful,8
thankfully,10
thankfulness,12
thankless,9
thanks,6
thanksgiving,12
tharp,5
thatch,6
thatcher,8
thatcherism,11
thatcherite,11
thaumatolatry,13
thaumaturge,11
thaumaturgist,13
thaumaturgy,11
thaw,4
thawed,6
thawing,7
thea,4
theaceae,8
theanthropism,13
theater,7
theatergoer,11
theatre,7
theatregoer,11
theatrical,10
theatricality,13
theatrically,12
theban,6
thebe,5
thebes,6
theca,5
thecodont,9
thecodontia,11
theelin,7
theft,5
theia,5
theism,6
theist,6
theistic,8
theistical,10
thelarche,9
thelephoraceae,14
thelypteris,11
thematic,8
thematically,12
theme,5
themis,6
themistocles,12
then,4
thenal,6
thenar,6
thence,6
thenceforth,11
theobid,7
theobroma,9
theocracy,9
theocratic,10
theodicy,8
theodolite,10
theodosius,10
theogony,8
theologian,10
theological,11
theologically,13
theologise,10
theologiser,11
theologist,10
theologize,10
theologizer,11
theology,8
theophany,9
theophrastaceae,15
theophrastus,12
theophylline,12
theorem,7
theoretic,9
theoretical,11
theoretically,13
theoretician,12
theorisation,12
theorise,8
theoriser,9
theorist,8
theorization,12
theorize,8
theorizer,9
theory,6
theosophical,12
theosophism,11
theosophist,11
theosophy,9
theoterrorism,13
therapeutic,11
therapeutical,13
therapeutically,15
therapeutics,12
theraphosidae,13
therapist,9
therapsid,9
therapsida,10
therapy,7
theravada,9
there,5
thereabout,10
thereabouts,11
thereafter,10
thereby,7
therefor,8
therefore,9
therefrom,9
therein,7
thereinafter,12
theremin,8
thereness,9
thereof,7
thereon,7
theresa,7
thereto,7
theretofore,11
thereunder,10
therewith,9
therewithal,11
theridiid,9
theridiidae,11
therm,5
thermal,7
thermalgesia,12
thermally,9
thermel,7
thermic,7
thermidor,9
thermion,8
thermionic,10
thermionics,11
thermistor,10
thermobia,9
thermocautery,13
thermochemistry,15
thermocouple,12
thermodynamic,13
thermodynamical,15
thermodynamics,14
thermoelectric,14
thermogram,10
thermograph,11
thermography,12
thermojunction,14
thermolabile,12
thermometer,11
thermometric,12
thermometry,11
thermonuclear,13
thermopile,10
thermoplastic,13
thermopsis,10
thermopylae,11
thermoreceptor,14
thermoregulator,15
thermos,7
thermoset,9
thermosetting,13
thermosphere,12
thermostat,10
thermostatic,12
thermostatics,13
thermotherapy,13
thermotropism,13
theropod,8
theropoda,9
thesaurus,9
theseus,7
thesis,6
thespesia,9
thespian,8
thespis,7
thessalia,9
thessalian,10
thessalonian,12
thessalonica,12
thessaloniki,12
thessaly,8
theta,5
thetis,6
theurgy,7
thevetia,8
thiabendazole,13
thiamin,7
thiamine,8
thiazide,8
thiazine,8
thibet,6
thick,5
thicken,7
thickened,9
thickener,9
thickening,10
thicket,7
thickhead,9
thickheaded,11
thickly,7
thickness,9
thickset,8
thickspread,11
thief,5
thielavia,9
thieve,6
thievery,8
thieving,8
thievish,8
thievishly,10
thievishness,12
thigh,5
thighbone,9
thill,5
thimble,7
thimbleberry,12
thimbleful,10
thimblerig,10
thimbleweed,11
thimerosal,10
thin,4
thing,5
thingamabob,11
thingamajig,11
thingmabob,10
thingmajig,10
things,6
thingumabob,11
thingumajig,11
thingummy,9
think,5
thinkable,9
thinker,7
thinking,8
thinly,6
thinned,7
thinner,7
thinness,8
thinning,8
thiobacillus,12
thiobacteria,12
thiocyanate,11
thioguanine,11
thiopental,10
thioridazine,12
thiosulfil,10
thiotepa,8
thiothixene,11
thiouracil,10
third,5
thirdhand,9
thirdly,7
thirst,6
thirster,8
thirstily,9
thirstiness,11
thirsty,7
thirteen,8
thirteenth,10
thirties,8
thirtieth,9
thirty,6
thistle,7
thistledown,11
thistlelike,11
thither,7
thlaspi,7
thole,5
tholepin,8
thomas,6
thomism,7
thomomys,8
thompson,8
thomson,7
thong,5
thor,4
thoracentesis,13
thoracic,8
thoracocentesis,15
thoracotomy,11
thorax,6
thorazine,9
thoreau,7
thoreauvian,11
thoriate,8
thoriated,9
thorite,7
thorium,7
thorn,5
thornbill,9
thorndike,9
thorniness,10
thornless,9
thornton,8
thorny,6
thorough,8
thoroughbred,12
thoroughfare,12
thoroughgoing,13
thoroughly,10
thoroughness,12
thoroughwort,12
thorpe,6
thorshavn,9
thortveitite,12
thoth,5
thou,4
though,6
thought,7
thoughtful,10
thoughtfully,12
thoughtfulness,14
thoughtless,11
thoughtlessly,13
thoughtlessness,15
thousand,8
thousandth,10
thrace,6
thracian,8
thraldom,8
thrall,6
thralldom,9
thrash,6
thrasher,8
thrashing,9
thraupidae,10
thread,6
threadbare,10
threaded,8
threader,8
threadfin,9
threadfish,10
threadlike,10
threads,7
threadworm,10
thready,7
threat,6
threaten,8
threatened,10
threatening,11
threateningly,13
three,5
threefold,9
threepence,10
threepenny,10
threescore,10
threesome,9
threnody,8
threonine,9
thresh,6
thresher,8
threshing,9
threshold,9
threskiornis,12
thrice,6
thrift,6
thriftily,9
thriftiness,11
thriftless,10
thriftlessly,12
thriftlessness,14
thriftshop,10
thrifty,7
thrill,6
thrilled,8
thriller,8
thrillful,9
thrilling,9
thrinax,7
thrip,5
thripid,7
thripidae,9
thrips,6
thrive,6
thriving,8
throat,6
throated,8
throatwort,10
throaty,7
throb,5
throbbing,9
throe,5
throes,6
thrombasthenia,14
thrombectomy,12
thrombin,8
thrombocyte,11
thrombocytosis,14
thromboembolism,15
thrombokinase,13
thrombolysis,12
thrombolytic,12
thrombopenia,12
thromboplastin,14
thrombose,9
thrombosed,10
thrombosis,10
thrombus,8
throne,6
throng,6
thronged,8
throstle,8
throttle,8
throttlehold,12
throttler,9
throttling,10
through,7
throughout,10
throughput,10
throughway,10
throw,5
throwaway,9
throwback,9
thrower,7
thrown,6
throwster,9
thrum,5
thrush,6
thrust,6
thruster,8
thrusting,9
thruway,7
thryothorus,11
thucydides,10
thud,4
thudding,8
thug,4
thuggee,7
thuggery,8
thuja,5
thujopsis,9
thule,5
thulium,7
thumb,5
thumbed,7
thumbhole,9
thumbnail,9
thumbnut,8
thumbprint,10
thumbscrew,10
thumbstall,10
thumbtack,9
thump,5
thumping,8
thunbergia,10
thunder,7
thunderbird,11
thunderbolt,11
thunderclap,11
thundercloud,12
thunderer,9
thunderhead,11
thundering,10
thunderous,10
thundershower,13
thunderstorm,12
thunderstruck,13
thundery,8
thunk,5
thunnus,7
thurber,7
thurible,8
thurifer,8
thurify,7
thuringia,9
thursday,8
thus,4
thusly,6
thwack,6
thwart,6
thwarted,8
thwarter,8
thwarting,9
thwartwise,10
thylacine,9
thylacinus,10
thylogale,9
thyme,5
thymelaeaceae,13
thymelaeales,12
thymidine,9
thymine,7
thymol,6
thymosin,8
thymus,6
thyreophora,11
thyreophoran,12
thyrocalcitonin,15
thyroglobulin,13
thyroid,7
thyroidal,9
thyroidectomy,13
thyroiditis,11
thyromegaly,11
thyronine,9
thyroprotein,12
thyrotoxic,10
thyrotoxicosis,14
thyrotrophin,12
thyrotropin,11
thyroxin,8
thyroxine,9
thyrse,6
thyrsopteris,12
thyrsus,7
thysanocarpus,13
thysanopter,11
thysanoptera,12
thysanopteron,13
thysanura,9
thysanuron,10
tiamat,6
tianjin,7
tiara,5
tiarella,8
tiber,5
tiberius,8
tibet,5
tibetan,7
tibia,5
tibial,6
tibialis,8
tibicen,7
tibit,5
tibur,5
tical,5
tichodroma,10
tichodrome,10
ticino,6
tick,4
ticker,6
ticket,6
ticking,7
tickle,6
tickler,7
tickling,8
ticklish,8
tickseed,8
ticktack,8
ticktacktoe,11
ticktacktoo,11
ticktock,8
tickweed,8
ticonderoga,11
tictac,6
tidal,5
tidbit,6
tiddler,7
tiddly,6
tiddlywinks,11
tide,4
tideland,8
tidemark,8
tidewater,9
tideway,7
tidily,6
tidiness,8
tidings,7
tidy,4
tidytips,8
tieback,7
tiebreaker,10
tied,4
tientsin,8
tiepin,6
tiepolo,7
tier,4
tierce,6
tiercel,7
tiered,6
tiff,4
tiffany,7
tiffin,6
tiflis,6
tiger,5
tigerish,8
tigers,6
tight,5
tighten,7
tightening,10
tightfisted,11
tightfistedness,15
tightfitting,12
tightlipped,11
tightly,7
tightness,9
tightrope,9
tights,6
tightwad,8
tiglon,6
tigon,5
tigress,7
tigris,6
tijuana,7
tike,4
tilapia,7
tilde,5
tilden,6
tile,4
tiled,5
tilefish,8
tiler,5
tilia,5
tiliaceae,9
tiling,6
tiliomycetes,12
till,4
tillable,8
tillage,7
tillandsia,10
tilled,6
tiller,6
tilletia,8
tilletiaceae,12
tillich,7
tilling,7
tilt,4
tilted,6
tilter,6
tilth,5
tiltyard,8
timalia,7
timaliidae,10
timbale,7
timber,6
timbered,8
timberland,10
timberline,10
timberman,9
timbre,6
timbrel,7
timbuktu,8
time,4
timecard,8
timed,5
timekeeper,10
timekeeping,11
timeless,8
timelessness,12
timeline,8
timeliness,10
timely,6
timepiece,9
timer,5
times,5
timeserver,10
timeserving,11
timetable,9
timework,8
timeworn,8
timgad,6
timid,5
timidity,8
timidly,7
timidness,9
timimoun,8
timing,6
timolol,7
timor,5
timorese,8
timorous,8
timorously,10
timorousness,12
timothy,7
timpani,7
timpanist,9
timucu,6
timur,5
tinamidae,9
tinamiformes,12
tinamou,7
tinbergen,9
tinca,5
tinct,5
tincture,8
tindal,6
tindale,7
tinder,6
tinderbox,9
tine,4
tinea,5
tined,5
tineid,6
tineidae,8
tineoid,7
tineoidea,9
tineola,7
tinfoil,7
ting,4
tinge,5
tingidae,8
tingle,6
tingling,8
tininess,8
tink,4
tinker,6
tinkerer,8
tinkle,6
tinkling,8
tinkly,6
tinned,6
tinner,6
tinning,7
tinnitus,8
tinny,5
tinplate,8
tinpot,6
tinsel,6
tinseled,8
tinselly,8
tinsmith,8
tinsnips,8
tint,4
tintack,7
tinter,6
tinting,7
tintinnabulate,14
tintometer,10
tintoretto,10
tinware,7
tiny,4
tipi,4
tipped,6
tipper,6
tippet,6
tipple,6
tippler,7
tippy,5
tippytoe,8
tipsiness,9
tipstaff,8
tipster,7
tipsy,5
tiptoe,6
tiptop,6
tipu,4
tipuana,7
tipulidae,9
tirade,6
tiramisu,8
tirana,6
tire,4
tired,5
tiredly,7
tiredness,9
tireless,8
tirelessly,10
tirelessness,12
tiresias,8
tiresome,8
tiresomely,10
tiresomeness,12
tiring,6
tiro,4
tirol,5
tirolean,8
tisane,6
tishri,6
tisiphone,9
tissue,6
titan,5
titaness,8
titania,7
titanic,7
titanium,8
titanosaur,10
titanosaurian,13
titanosauridae,14
titanosaurus,12
titbit,6
titer,5
titfer,6
tithe,5
tither,6
tithonia,8
titi,4
titian,6
titillate,9
titillated,10
titillating,11
titillation,11
titivate,8
titivation,10
titlark,7
title,5
titled,6
titmouse,8
tito,4
titrate,7
titration,9
titrator,8
titre,5
titter,6
titterer,8
tittering,9
tittivate,9
tittivation,11
tittle,6
tittup,6
titty,5
titular,7
titulary,8
titus,5
tivoli,6
tiyin,5
tizzy,5
tlingit,7
toad,4
toadfish,8
toadflax,8
toadshade,9
toadstool,9
toady,5
toadyish,8
toast,5
toasted,7
toaster,7
toasting,8
toastmaster,11
toastrack,9
tobacco,7
tobacconist,11
tobago,6
tobagonian,10
tobey,5
tobin,5
tobit,5
toboggan,8
tobogganing,11
tobogganist,11
tobramycin,10
toby,4
tocainide,9
tocantins,9
toccata,7
tocharian,9
tocktact,8
tocology,8
tocopherol,10
tocqueville,11
tocsin,6
toda,4
today,5
todd,4
toddle,6
toddler,7
toddy,5
todea,5
todidae,7
todus,5
tody,4
toea,4
toecap,6
toed,4
toehold,7
toeless,7
toenail,7
toetoe,6
toff,4
toffee,6
toffy,5
tofieldia,9
tofranil,8
tofu,4
toga,4
togaviridae,11
together,8
togetherness,12
togged,6
toggle,6
togo,4
togolese,8
togs,4
toil,4
toiler,6
toilet,6
toiletry,8
toilette,8
toiling,7
toilsome,8
toilsomeness,12
toitoi,6
tojo,4
tokamak,7
tokay,5
toke,4
token,5
tokenish,8
tokio,5
toklas,6
tokyo,5
tolazamide,10
tolazoline,10
tolbooth,8
tolbukhin,9
tolbutamide,11
tole,4
tolectin,8
toledo,6
tolerable,9
tolerably,9
tolerance,9
tolerant,8
tolerantly,10
tolerate,8
toleration,10
tolinase,8
tolkien,7
toll,4
tollbar,7
tollbooth,9
toller,6
tollgate,8
tollgatherer,12
tollhouse,9
tollkeeper,10
tollman,7
tollon,6
tolmiea,7
tolstoy,7
toltec,6
tolu,4
toluene,7
tolypeutes,10
tomahawk,8
tomalley,8
tomatillo,9
tomato,6
tomb,4
tombac,6
tombak,6
tombaugh,8
tombigbee,9
tombola,7
tomboy,6
tomboyish,9
tomboyishness,13
tombstone,9
tomcat,6
tome,4
tomentose,9
tomentous,9
tomentum,8
tomfool,7
tomfoolery,10
tomistoma,9
tommyrot,8
tomograph,9
tomography,10
tomorrow,8
tompion,7
tomtate,7
tomtit,6
tonal,5
tonality,8
tone,4
toned,5
toneless,8
tonelessly,10
toner,5
tonga,5
tongan,6
tongs,5
tongue,6
tongued,7
tonguefish,10
tongueflower,12
tongueless,10
tonguelike,10
tonic,5
tonicity,8
tonight,7
tonnage,7
tonne,5
tonocard,8
tonometer,9
tonometry,9
tons,4
tonsil,6
tonsilla,8
tonsillectomy,13
tonsillitis,11
tonsorial,9
tonsure,7
tonsured,8
tontine,7
tonus,5
tool,4
toolbox,7
toolhouse,9
toolmaker,9
toolshed,8
toon,4
toona,5
tooshie,7
toot,4
tooth,5
toothache,9
toothbrush,10
toothed,7
toothless,9
toothlike,9
toothpaste,10
toothpick,9
toothpowder,11
toothsome,9
toothsomeness,13
toothwort,9
toothy,6
tootle,6
topaz,5
topcoat,7
topdress,8
tope,4
topee,5
topeka,6
toper,5
topgallant,10
tophus,6
topi,4
topiary,7
topic,5
topical,7
topicality,10
topicalization,14
topicalize,10
topically,9
topknot,7
topknotted,10
topless,7
topmast,7
topminnow,9
topmost,7
topnotch,8
topognosia,10
topognosis,10
topographic,11
topographical,13
topographically,15
topography,10
topolatry,9
topologic,9
topological,11
topologically,13
topology,8
toponomy,8
toponym,7
toponymy,8
topos,5
topped,6
topper,6
topping,7
toppingly,9
topple,6
tops,4
topsail,7
topside,7
topsoil,7
topspin,7
topv,4
toque,5
toradol,7
torah,5
torch,5
torchbearer,11
torchlight,10
tore,4
toreador,8
torero,6
torino,6
torment,7
tormented,9
tormenter,9
tormentor,9
torn,4
tornado,7
tornillo,8
torodal,7
toroid,6
toroidal,8
toronto,7
torpedinidae,12
torpediniformes,15
torpedo,7
torpid,6
torpidity,9
torpidly,8
torpidness,10
torpor,6
torque,6
torquemada,10
torr,4
torrent,7
torrential,10
torreon,7
torreya,7
torricelli,10
torrid,6
torridity,9
torsion,7
torsk,5
torso,5
tort,4
torte,5
tortellini,10
tortfeasor,10
torticollis,11
tortilla,8
tortious,8
tortoise,8
tortoiseshell,13
tortricid,9
tortricidae,11
tortrix,7
tortuosity,10
tortuous,8
tortuously,10
tortuousness,12
torture,7
tortured,8
torturer,8
torturesome,11
torturing,9
torturous,9
torturously,11
torulose,8
torus,5
tory,4
toscana,7
toscanini,9
tosh,4
tosk,4
toss,4
tosser,6
tossup,6
tostada,7
total,5
totaled,7
totalisator,11
totalise,8
totaliser,9
totalism,8
totalistic,10
totalitarian,12
totalitarianism,15
totality,8
totalizator,11
totalize,8
totalizer,9
totally,7
totara,6
tote,4
totem,5
totemic,7
totemism,8
totemist,8
toter,5
totipotence,11
totipotency,11
totipotent,10
totter,6
totterer,8
tottering,9
tottery,7
toucan,6
toucanet,8
touch,5
touchable,9
touchback,9
touchdown,9
touched,7
toucher,7
touchily,8
touchiness,10
touching,8
touchingly,10
touchline,9
touchscreen,11
touchstone,10
touchwood,9
touchy,6
tough,5
toughen,7
toughened,9
toughie,7
toughly,7
toughness,9
toulon,6
toulouse,8
toupe,5
toupee,6
toupeed,7
tour,4
touraco,7
tourer,6
tourette,8
tourism,7
tourist,7
touristed,9
touristry,9
touristy,8
tourmaline,10
tournament,10
tournedos,9
tourney,7
tourniquet,10
tours,5
tourtiere,9
tousle,6
tousled,7
tout,4
touter,6
tovarich,8
tovarisch,9
towage,6
towboat,7
towel,5
toweling,8
towelling,9
tower,5
towering,8
towhead,7
towheaded,9
towhee,6
towline,7
town,4
townee,6
towner,6
townes,6
townie,6
townsend,8
townsendia,10
townsfolk,9
township,8
townsman,8
townspeople,11
towny,5
towpath,7
towrope,7
toxaemia,8
toxemia,7
toxic,5
toxicant,8
toxicity,8
toxicodendron,13
toxicognath,11
toxicologic,11
toxicological,13
toxicologist,12
toxicology,10
toxin,5
toxoid,6
toxoplasmosis,13
toxostoma,9
toxotes,7
toxotidae,9
toying,6
toynbee,7
toyohashi,9
toyon,5
toyonaki,8
toyota,6
toyshop,7
trabeate,8
trabeated,9
trabecula,9
trabecular,10
trabeculate,11
trablous,8
trace,5
traceable,9
tracer,6
tracery,7
trachea,7
tracheal,8
tracheid,8
tracheitis,10
trachelospermum,15
tracheophyta,12
tracheophyte,12
tracheostomy,12
tracheotomy,11
trachinotus,11
trachipteridae,14
trachipterus,12
trachodon,9
trachodont,10
trachoma,8
trachurus,9
tracing,7
track,5
trackable,9
trackball,9
tracked,7
tracker,7
tracking,8
tracklayer,10
trackless,9
tract,5
tractability,12
tractable,9
tractableness,13
tractarian,10
tractarianism,13
tractile,8
traction,8
tractive,8
tractor,7
tracy,5
trad,4
trade,5
tradecraft,10
trademark,9
trademarked,11
tradeoff,8
trader,6
tradescant,10
tradescantia,12
tradesman,9
tradespeople,12
trading,7
tradition,9
traditional,11
traditionalism,14
traditionalist,14
traditionality,14
traditionally,13
traduce,7
traducement,11
traducer,8
trafalgar,9
traffic,7
trafficator,11
trafficker,10
tragacanth,10
tragedian,9
tragedienne,11
tragedy,7
tragelaphus,11
tragic,6
tragical,8
tragically,10
tragicomedy,11
tragicomic,10
tragicomical,12
tragopan,8
tragopogon,10
tragulidae,10
tragulus,8
tragus,6
trail,5
trailblazer,11
trailer,7
trailhead,9
trailing,8
train,5
trainband,9
trainbandsman,13
trainbearer,11
trained,7
trainee,7
traineeship,11
trainer,7
training,8
trainload,9
trainman,8
trainmaster,11
traipse,7
trait,5
traitor,7
traitorous,10
traitorously,12
traitorousness,14
traitress,9
trajan,6
trajectory,10
tralatitious,12
tram,4
tramcar,7
tramline,8
trammel,7
tramontana,10
tramontane,10
tramp,5
tramper,7
trample,7
trampler,8
trampling,9
trampoline,10
tramway,7
trance,6
trancelike,10
tranche,7
trandate,8
trandolapril,12
tranquil,8
tranquilising,13
tranquility,11
tranquilize,11
tranquilizer,12
tranquilizing,13
tranquillise,12
tranquilliser,13
tranquillising,14
tranquillity,12
tranquillize,12
tranquillizer,13
tranquillizing,14
tranquilly,10
transact,8
transactinide,13
transaction,11
transactions,12
transactor,10
transalpine,11
transaminase,12
transaminate,12
transamination,14
transatlantic,13
transcaucasia,13
transcend,9
transcendence,13
transcendency,13
transcendent,12
transcendental,14
transcribe,10
transcribed,11
transcriber,11
transcript,10
transcriptase,13
transcription,13
transcultural,13
transcutaneous,14
transdermal,11
transdermic,11
transduce,9
transducer,10
transduction,12
transect,8
transept,8
transeunt,9
transexual,10
transfer,8
transferability,15
transferable,12
transferase,11
transferee,10
transference,12
transferer,10
transferor,10
transferrable,13
transferral,11
transferrer,11
transferrin,11
transfiguration,15
transfigure,11
transfix,8
transfixed,10
transform,9
transformable,13
transformation,14
transformed,11
transformer,11
transfuse,9
transfusion,11
transgender,11
transgendered,13
transgene,9
transgress,10
transgression,13
transgressor,12
transience,10
transiency,10
transient,9
transiently,11
transistor,10
transistorise,13
transistorised,14
transistorize,13
transistorized,14
transit,7
transition,10
transitional,12
transitionally,14
transitive,10
transitively,12
transitiveness,14
transitivise,12
transitivity,12
transitivize,12
transitorily,12
transitoriness,14
transitory,10
translatable,12
translate,9
translation,11
translational,13
translator,10
transliterate,13
transliteration,15
translocate,11
translocation,13
translucence,12
translucency,12
translucent,11
translunar,10
translunary,11
transmigrante,13
transmigrate,12
transmigration,14
transmissible,13
transmission,12
transmit,8
transmittable,13
transmittal,11
transmittance,13
transmitted,11
transmitter,11
transmitting,12
transmogrify,12
transmontane,12
transmundane,12
transmutability,15
transmutable,12
transmutation,13
transmute,9
transnational,13
transoceanic,12
transom,7
transonic,9
transparence,12
transparency,12
transparent,11
transparently,13
transparentness,15
transpirate,11
transpiration,13
transpire,9
transpiring,11
transplacental,14
transplant,10
transplantable,14
transplantation,15
transplanter,12
transplanting,13
transpolar,10
transponder,11
transport,9
transportable,13
transportation,14
transporter,11
transposability,15
transposable,12
transpose,9
transposed,10
transposition,13
transposon,10
transsexual,11
transsexualism,14
transship,9
transshipment,13
transudate,10
transudation,12
transude,8
transuranic,11
transvaal,9
transversal,11
transversally,13
transverse,10
transversely,12
transvestic,11
transvestism,12
transvestite,12
transvestitism,14
transylvania,12
tranylcypromine,15
trap,4
trapa,5
trapaceae,9
trapeze,7
trapezium,9
trapezius,9
trapezohedron,13
trapezoid,9
trapezoidal,11
trapped,7
trapper,7
trapping,8
trappings,9
trappist,8
trapshooter,11
trapshooting,12
trash,5
trashiness,10
trashy,6
trasimeno,9
traubel,7
trauma,6
traumatic,9
traumatise,10
traumatize,10
traumatology,12
traumatophobia,14
trautvetteria,13
travail,7
trave,5
travel,6
travelable,10
traveled,8
traveler,8
traveling,9
travelled,9
traveller,9
travelling,10
travelog,8
travelogue,10
traversable,11
traversal,9
traverse,8
traverser,9
travesty,8
trawl,5
trawler,7
tray,4
trazodone,9
treacherous,11
treacherously,13
treachery,9
treacle,7
treacly,7
tread,5
treadle,7
treadmill,9
treadwheel,10
treason,7
treasonable,11
treasonably,11
treasonist,10
treasonous,10
treasure,8
treasured,9
treasurer,9
treasurership,13
treasury,8
treat,5
treated,7
treater,7
treatise,8
treatment,9
treaty,6
treble,6
trebuchet,9
trebucket,9
tree,4
treed,5
treehopper,10
treeless,8
treelet,7
treelike,8
treenail,8
treetop,7
tref,4
trefoil,7
treillage,9
trek,4
trekker,7
trellis,7
trema,5
trematoda,9
trematode,9
tremble,7
trembler,8
trembles,8
trembling,9
tremella,8
tremellaceae,12
tremellales,11
tremendous,10
tremendously,12
tremolite,9
tremolo,7
tremor,6
tremulous,9
tremulously,11
trenail,7
trench,6
trenchancy,10
trenchant,9
trenchantly,11
trencher,8
trencherman,11
trend,5
trendsetting,12
trendy,6
trent,5
trental,7
trento,6
trenton,7
trepan,6
trepang,7
trephination,12
trephine,8
trephritidae,12
trepid,6
trepidation,11
trepidly,8
treponema,9
treponemataceae,15
trespass,8
trespasser,10
trespassing,11
tress,5
trestle,7
trestlework,11
trevelyan,9
trevino,7
trevithick,10
trews,5
trey,4
triacetate,10
triad,5
triaenodon,10
triage,6
triakidae,9
trial,5
trialeurodes,12
triamcinolone,13
triangle,8
triangular,10
triangularity,13
triangulate,11
triangulation,13
triangulum,10
triassic,8
triatoma,8
triavil,7
triazine,8
triazolam,9
tribade,7
tribadism,9
tribadistic,11
tribal,6
tribalisation,13
tribalism,9
tribalization,13
tribe,5
tribesman,9
tribolium,9
tribologist,11
tribology,9
tribonema,9
tribonemaceae,13
tribromoethanol,15
tribromomethane,15
tribulate,9
tribulation,11
tribulus,8
tribunal,8
tribune,7
tribuneship,11
tributary,9
tribute,7
tributyrin,10
trice,5
tricentenary,12
tricentennial,13
triceps,7
triceratops,11
trichechidae,12
trichechus,10
trichina,8
trichiniasis,12
trichinosis,11
trichion,8
trichiuridae,12
trichloride,11
trichloroethane,15
trichobezoar,12
trichoceros,11
trichodesmium,13
trichodontidae,14
trichoglossus,13
tricholoma,10
trichomanes,11
trichomonad,11
trichomoniasis,14
trichophaga,11
trichophyton,12
trichoptera,11
trichopteran,12
trichopteron,12
trichostema,11
trichostigma,12
trichosurus,11
trichotomy,10
trichroism,10
trichromacy,11
trichromatic,12
trichrome,9
trichuriasis,12
trichys,7
trick,5
tricker,7
trickery,8
trickily,8
trickiness,10
trickle,7
trickster,9
tricksy,7
tricky,6
triclinic,9
triclinium,10
tricolor,8
tricolour,9
tricorn,7
tricorne,8
tricot,6
tricuspid,9
tricuspidate,12
tricycle,8
tricyclic,9
tridacna,8
tridacnidae,11
trident,7
tridymite,9
tried,5
triennial,9
trier,5
trifid,6
trifle,6
trifler,7
trifling,8
trifoliata,10
trifoliate,10
trifoliated,11
trifoliolate,12
trifolium,9
trifurcate,10
trifurcation,12
trig,4
triga,5
trigeminal,10
trigeminus,10
trigger,7
triggerfish,11
triggerman,10
triglidae,9
triglinae,9
triglochin,10
triglyceride,12
trigon,6
trigonal,8
trigonella,10
trigonometric,13
trigonometry,12
trigram,7
trihydroxy,10
triiodomethane,14
trike,5
trilateral,10
trilby,6
trilingual,10
trilisa,7
trill,5
trilled,7
trilliaceae,11
trilling,8
trillion,8
trillionth,10
trillium,8
trilobate,9
trilobated,10
trilobed,8
trilobite,9
trilogy,7
trim,4
trimaran,8
trimer,6
trimester,9
trimipramine,12
trimly,6
trimmed,7
trimmer,7
trimming,8
trimmings,9
trimness,8
trimorphodon,12
trimotored,10
trimox,6
trimurti,8
trine,5
trinectes,9
tringa,6
trinidad,8
trinidadian,11
trinitarian,11
trinitarianism,14
trinitrotoluene,15
trinity,7
trinket,7
trinketry,9
trinuclear,10
trinucleate,11
trinucleated,12
trio,4
triode,6
triolein,8
trionychidae,12
trionyx,7
triopidae,9
triops,6
triose,6
triostium,9
trioxide,8
trip,4
tripalmitin,11
tripartite,10
tripe,5
triphammer,10
tripinnate,10
tripinnated,11
tripinnatifid,13
triple,6
triplet,7
tripletail,10
triplex,7
triplicate,10
triplicity,10
tripling,8
triplochiton,12
triploid,8
tripod,6
tripoli,7
tripos,6
tripper,7
tripping,8
trippingly,10
triptych,8
triquetral,10
trireme,7
trisaccharide,13
trisect,7
triskele,8
triskelion,10
trismus,7
trisomy,7
tristan,7
tristearin,10
tristram,8
trisyllable,11
tritanopia,10
tritanopic,10
trite,5
tritely,7
triteness,9
tritheism,9
tritheist,9
triticum,8
tritium,7
tritoma,7
triton,6
triturus,8
triumph,7
triumphal,9
triumphant,10
triumphantly,12
triumvir,8
triumvirate,11
triune,6
trivalent,9
trivet,6
trivia,6
trivial,7
trivialise,10
triviality,10
trivialize,10
trivially,9
trivium,7
trna,4
troat,5
trochaic,8
trochanter,10
troche,6
trochee,7
trochilidae,11
trochlear,9
trochlearis,11
trogium,7
troglodyte,10
troglodytes,11
troglodytidae,13
trogon,6
trogonidae,10
trogoniformes,13
troika,6
trojan,6
troll,5
troller,7
trolley,7
trolleybus,10
trolling,8
trollius,8
trollop,7
trollope,8
trombicula,10
trombiculiasis,14
trombiculid,11
trombiculidae,13
trombidiid,10
trombidiidae,12
trombone,8
trombonist,10
trompillo,9
trondheim,9
troop,5
trooper,7
troops,6
troopship,9
tropaeolaceae,13
tropaeolum,10
trope,5
trophic,7
trophobiosis,12
trophoblast,11
trophoblastic,13
trophotropic,12
trophotropism,13
trophozoite,11
trophy,6
tropic,6
tropical,8
tropically,10
tropicbird,10
tropics,7
tropidoclonion,14
tropism,7
troponomy,9
troponym,8
troponymy,9
tropopause,10
troposphere,11
trot,4
troth,5
trotline,8
trotsky,7
trotskyism,10
trotskyist,10
trotskyite,10
trotter,7
troubadour,10
trouble,7
troubled,8
troublemaker,12
troubler,8
troubleshoot,12
troubleshooter,14
troublesome,11
troublesomeness,15
troubling,9
troublous,9
trough,6
trounce,7
trouncing,9
troupe,6
trouper,7
trouser,7
trousered,9
trousering,10
trousseau,9
trout,5
trove,5
trowel,6
troy,4
truancy,7
truant,6
truce,5
truck,5
truckage,8
trucker,7
trucking,8
truckle,7
truckler,8
truckling,9
truculence,10
truculency,10
truculent,9
truculently,11
trudge,6
trudger,7
true,4
truehearted,11
truelove,8
trueness,8
truffaut,8
truffle,7
truism,6
truly,5
truman,6
trumbo,6
trumbull,8
trump,5
trumpery,8
trumpet,7
trumpeter,9
trumpetfish,11
trumpets,8
trumpetwood,11
trumping,8
truncate,8
truncated,9
truncation,10
truncheon,9
truncocolumella,15
trundle,7
trunk,5
trunkfish,9
trunks,6
trunnel,7
truss,5
trussed,7
trust,5
trustbuster,11
trusted,7
trustee,7
trusteeship,11
truster,7
trustful,8
trustfully,10
trustfulness,12
trustiness,10
trusting,8
trustingly,10
trustingness,12
trustor,7
trustworthiness,15
trustworthy,11
trusty,6
truth,5
truthful,8
truthfully,10
truthfulness,12
trying,6
tryout,6
trypetidae,10
trypsin,7
trypsinogen,11
tryptophan,10
tryptophane,11
tryst,5
tsar,4
tsarina,7
tsarist,7
tsaristic,9
tsaritsa,8
tsaritsyn,9
tsatske,7
tsetse,6
tshatshke,9
tshiluba,8
tsimshian,9
tsine,5
tsoris,6
tsouic,6
tsuga,5
tsunami,7
tsuris,6
tsushima,8
tswana,6
tuareg,6
tuatara,7
tuba,4
tubal,5
tubbiness,9
tubby,5
tube,4
tubed,5
tubeless,8
tubelike,8
tuber,5
tuberaceae,10
tuberales,9
tubercle,8
tubercular,10
tubercularia,12
tuberculate,11
tuberculin,10
tuberculoid,11
tuberculosis,12
tuberculous,11
tuberose,8
tuberosity,10
tuberous,8
tubful,6
tubing,6
tubman,6
tubocurarine,12
tubular,7
tubule,6
tubulidentata,13
tucana,6
tuchman,7
tuck,4
tuckahoe,8
tucked,6
tucker,6
tucket,6
tucson,6
tudor,5
tudung,6
tues,4
tuesday,7
tufa,4
tuff,4
tuffet,6
tuft,4
tufted,6
tugboat,7
tugela,6
tugger,6
tughrik,7
tugrik,6
tuileries,9
tuille,6
tuition,7
tularaemia,10
tularemia,9
tulestoma,9
tulip,5
tulipa,6
tulipwood,9
tulle,5
tully,5
tulostoma,9
tulostomaceae,13
tulostomataceae,15
tulostomatales,14
tulsa,5
tulu,4
tumble,6
tumblebug,9
tumbler,7
tumbleweed,10
tumbling,8
tumbrel,7
tumbril,7
tumefaction,11
tumefy,6
tumesce,7
tumescence,10
tumescent,9
tumid,5
tumidity,8
tumidness,9
tummy,5
tumor,5
tumour,6
tums,4
tumult,6
tumultuous,10
tumultuously,12
tumultuousness,14
tumulus,7
tuna,4
tunaburger,10
tundra,6
tune,4
tuneful,7
tunefully,9
tunefulness,11
tuneless,8
tunelessly,10
tuner,5
tung,4
tunga,5
tungstate,9
tungsten,8
tungus,6
tungusic,8
tunguska,8
tunguz,6
tunic,5
tunica,6
tunicata,8
tunicate,8
tuning,6
tunis,5
tunisia,7
tunisian,8
tunker,6
tunnage,7
tunnel,6
tunney,6
tunny,5
tupaia,6
tupaiidae,9
tupek,5
tupelo,6
tupi,4
tupik,5
tupinambis,10
tuppence,8
tuppeny,7
tupungatito,11
tupungato,9
turaco,6
turacou,7
turakoo,7
turban,6
turbaned,8
turbatrix,9
turbellaria,11
turbid,6
turbidity,9
turbidness,10
turbinal,8
turbinate,9
turbine,7
turbofan,8
turbogenerator,14
turbojet,8
turboprop,9
turbot,6
turbulence,10
turbulency,10
turbulent,9
turbulently,11
turcoman,8
turd,4
turdidae,8
turdinae,8
turdus,6
tureen,6
turf,4
turfan,6
turgenev,8
turgid,6
turgidity,9
turgidly,8
turgidness,10
turgor,6
turgot,6
turin,5
turing,6
turk,4
turkestan,9
turkey,6
turki,5
turkic,6
turkish,7
turkistan,9
turkmen,7
turkmenia,9
turkmenistan,12
turkoman,8
turkomen,8
turmeric,8
turmoil,7
turn,4
turnabout,9
turnaround,10
turnbuckle,10
turncoat,8
turncock,8
turndown,8
turned,6
turner,6
turnery,7
turnicidae,10
turning,7
turnip,6
turnix,6
turnkey,7
turnoff,7
turnout,7
turnover,8
turnpike,8
turnround,9
turnspit,8
turnstile,9
turnstone,9
turntable,9
turnup,6
turnverein,10
turp,4
turpentine,10
turpin,6
turpitude,9
turps,5
turquoise,9
turreae,7
turret,6
turritis,8
tursiops,8
turtle,6
turtledove,10
turtlehead,10
turtleneck,10
turtler,7
tuscaloosa,10
tuscan,6
tuscany,7
tuscarora,9
tush,4
tushery,7
tusk,4
tusked,6
tuskegee,8
tusker,6
tussah,6
tussaud,7
tusseh,6
tusser,6
tussilago,9
tussle,6
tussock,7
tussore,7
tussur,6
tutankhamen,11
tutee,5
tutelage,8
tutelar,7
tutelary,8
tutelo,6
tutor,5
tutorial,8
tutorially,10
tutorship,9
tutsan,6
tutsi,5
tutu,4
tuvalu,6
tuxedo,6
tuxedoed,8
twaddle,7
twaddler,8
twain,5
twang,5
twat,4
twayblade,9
tweak,5
twee,4
tweed,5
tweediness,10
tweedle,7
tweedy,6
tweet,5
tweeter,7
tweeze,6
tweezer,7
twelfth,7
twelfthtide,11
twelve,6
twelvemonth,11
twenties,8
twentieth,9
twenty,6
twerp,5
twice,5
twiddle,7
twiddler,8
twig,4
twiggy,6
twiglike,8
twilight,8
twilit,6
twill,5
twilled,7
twin,4
twinberry,9
twine,5
twiner,6
twinflower,10
twinge,6
twinjet,7
twinkie,7
twinkle,7
twinkler,8
twinkling,9
twinkly,7
twinned,7
twinning,8
twins,5
twirl,5
twirler,7
twirlingly,10
twirp,5
twist,5
twisted,7
twister,7
twisting,8
twistwood,9
twisty,6
twit,4
twitch,6
twitching,9
twitter,7
twitterer,9
twofer,6
twofold,7
twopence,8
twopenny,8
twoscore,8
twosome,7
tyche,5
tycoon,6
tying,5
tyiyn,5
tyke,4
tylenchidae,11
tylenchus,9
tylenol,7
tyler,5
tympan,6
tympani,7
tympanic,8
tympanist,9
tympanites,10
tympanitic,10
tympanitis,10
tympanoplasty,13
tympanuchus,11
tympanum,8
tyndale,7
tyndall,7
tyne,4
type,4
typecast,8
typeface,8
typescript,10
typeset,7
typesetter,10
typewrite,9
typewriter,10
typewriting,11
typha,5
typhaceae,9
typhlopidae,11
typhoeus,8
typhoid,7
typhon,6
typhoon,7
typhus,6
typic,5
typical,7
typicality,10
typically,9
typification,12
typify,6
typing,6
typist,6
typo,4
typographer,11
typographic,11
typographical,13
typographically,15
typography,10
typology,8
tyramine,8
tyranni,7
tyrannic,8
tyrannical,10
tyrannicide,11
tyrannid,8
tyrannidae,10
tyrannise,9
tyrannize,9
tyrannosaur,11
tyrannosaurus,13
tyrannous,9
tyrannus,8
tyranny,7
tyrant,6
tyre,4
tyro,4
tyrocidin,9
tyrocidine,10
tyrol,5
tyrolean,8
tyrolese,8
tyrosine,8
tyrosinemia,11
tyrothricin,11
tyrr,4
tyson,5
tyto,4
tytonidae,9
tzar,4
tzara,5
tzarina,7
tzarist,7
tzetze,6
uakari,6
ubermensch,10
ubiety,6
ubiquinone,10
ubiquitous,10
ubiquitousness,14
ubiquity,8
ubykh,5
udder,5
udmurt,6
udometer,8
uganda,6
ugandan,7
ugaritic,8
ugli,4
uglify,6
ugliness,8
ugly,4
ugrian,6
ugric,5
uhland,6
uighur,6
uigur,5
uintathere,10
uintatheriidae,14
uintatherium,12
ukase,5
ukraine,7
ukrainian,9
ukranian,8
ukrayina,8
ukulele,7
ulaanbaatar,11
ulalgia,7
ulama,5
ulanova,7
ulatrophia,10
ulcer,5
ulcerate,8
ulcerated,9
ulceration,10
ulcerative,10
ulcerous,8
ulema,5
ulemorrhagia,12
ulex,4
ulfila,6
ulfilas,7
ulitis,6
ullage,6
ullr,4
ulmaceae,8
ulmus,5
ulna,4
ulnar,5
ulster,6
ulterior,8
ulteriority,11
ulteriorly,10
ultima,6
ultimacy,8
ultimate,8
ultimately,10
ultimateness,12
ultimatum,9
ultimo,6
ultra,5
ultracef,8
ultracentrifuge,15
ultramarine,11
ultramicroscope,15
ultramodern,11
ultramontane,12
ultramontanism,14
ultrasonic,10
ultrasonically,14
ultrasonography,15
ultrasound,10
ultrasuede,10
ultraviolet,11
ululate,7
ululation,9
ulva,4
ulvaceae,8
ulvales,7
ulvophyceae,11
ulysses,7
umayyad,7
umbel,5
umbellales,10
umbellar,8
umbellate,9
umbellifer,10
umbelliferae,12
umbelliferous,13
umbelliform,11
umbellularia,12
umber,5
umbilical,9
umbilicate,10
umbilicus,9
umbo,4
umbra,5
umbrage,7
umbrageous,10
umbrella,8
umbrellalike,12
umbrellawort,12
umbria,6
umbrian,7
umbrina,7
umbundu,7
umlaut,6
umma,4
ummah,5
umpirage,8
umpire,6
umpteen,7
umpteenth,9
umptieth,8
umteen,6
umteenth,8
unabashed,9
unabashedly,11
unabated,8
unable,6
unabridged,10
unabused,8
unaccented,10
unacceptability,15
unacceptable,12
unacceptably,12
unaccepted,10
unaccessible,12
unaccommodating,15
unaccompanied,13
unaccountable,13
unaccountably,13
unaccredited,12
unaccustomed,12
unachievable,12
unachievably,12
unacknowledged,14
unacquainted,12
unacquisitive,13
unactable,9
unadaptability,14
unadaptable,11
unadapted,9
unaddicted,10
unaddressed,11
unadjustable,12
unadjusted,10
unadoptable,11
unadorned,9
unadulterated,13
unadventurous,13
unadvisable,11
unadvised,9
unadvisedly,11
unaerated,9
unaesthetic,11
unaffected,10
unaffectedness,14
unaffecting,11
unaffectionate,14
unaffiliated,12
unaffixed,9
unafraid,8
unaged,6
unaggressive,12
unagitated,10
unai,4
unaided,7
unaired,7
unairworthy,11
unalarming,10
unalert,7
unalienable,11
unalike,7
unalloyed,9
unalterability,14
unalterable,11
unalterably,11
unaltered,9
unambiguity,11
unambiguous,11
unambiguously,13
unambitious,11
unambitiously,13
unamended,9
unanalyzable,12
unanalyzed,10
unangry,7
unanimated,10
unanimity,9
unanimous,9
unanimously,11
unannealed,10
unannounced,11
unanswerable,12
unanswered,10
unanticipated,13
unapologetic,12
unappareled,11
unapparent,10
unappealable,12
unappealing,11
unappealingly,13
unappeasable,12
unappendaged,12
unappetising,12
unappetizing,12
unappreciated,13
unappreciative,14
unapprehensive,14
unapproachable,14
unarbitrary,11
unarguable,10
unarguably,10
unargumentative,15
unarm,5
unarmed,7
unarmored,9
unarmoured,10
unarticulate,12
unarticulated,13
unartistic,10
unary,5
unascertainable,15
unascribable,12
unashamed,9
unashamedly,11
unasked,7
unassailable,12
unassailably,12
unassertive,11
unassertively,13
unassertiveness,15
unassignable,12
unassigned,10
unassisted,10
unassuming,10
unassumingly,12
unassumingness,14
unassured,9
unasterisked,12
unattached,10
unattackable,12
unattainable,12
unattainably,12
unattended,10
unattired,9
unattractive,12
unattractively,14
unattributable,14
unau,4
unauthentic,11
unauthorised,12
unauthorized,12
unavailability,14
unavailable,11
unavailing,10
unavenged,9
unavoidability,14
unavoidable,11
unavoidably,11
unavowed,8
unawakened,10
unaware,7
unawareness,11
unawares,8
unawed,6
unbacked,8
unbaffled,9
unbalance,9
unbalanced,10
unbalconied,11
unbanded,8
unbaptised,10
unbaptized,10
unbar,5
unbarred,8
unbarreled,10
unbarrelled,11
unbearable,10
unbearably,10
unbeatable,10
unbeaten,8
unbecoming,10
unbecomingly,12
unbecomingness,14
unbefitting,11
unbeholden,10
unbeknown,9
unbeknownst,11
unbelief,8
unbelievable,12
unbelievably,12
unbeliever,10
unbelieving,11
unbelievingly,13
unbeloved,9
unbelt,6
unbelted,8
unbend,6
unbendable,10
unbending,9
unbeneficed,11
unbent,6
unbiased,8
unbiassed,9
unbigoted,9
unbind,6
unbitter,8
unbleached,10
unblemished,11
unblended,9
unblessed,9
unblinking,10
unblinkingly,12
unblock,7
unbloody,8
unblushing,10
unblushingly,12
unbodied,8
unbolt,6
unbolted,8
unbooked,8
unbordered,10
unborn,6
unbosom,7
unbound,7
unbounded,9
unboundedness,13
unbowed,7
unbox,5
unbrace,7
unbraced,8
unbraid,7
unbrainwashed,13
unbranched,10
unbranching,11
unbranded,9
unbreakable,11
unbreakableness,15
unbridgeable,12
unbridle,8
unbridled,9
unbroken,8
unbrushed,9
unbuckle,8
unburden,8
unburdened,10
unburied,8
unburnished,11
unbutton,8
unbuttoned,10
uncamphorated,13
uncannily,9
uncanny,7
uncapped,8
uncarbonated,12
uncaring,8
uncarpeted,10
uncarved,8
uncase,6
uncastrated,11
uncategorised,13
uncategorized,13
uncaulked,9
uncaused,8
unceasing,9
unceasingly,11
uncensored,10
unceremonial,12
unceremonious,13
unceremoniously,15
uncertain,9
uncertainly,11
uncertainness,13
uncertainty,11
uncertified,11
unchain,7
unchained,9
unchallengeable,15
unchallenged,12
unchangeability,15
unchangeable,12
unchangeably,12
unchanged,9
unchanging,10
unchangingness,14
uncharged,9
uncharitable,12
uncharted,9
unchartered,11
unchaste,8
uncheckable,11
unchecked,9
uncheerful,10
uncheerfulness,14
unchewable,10
unchivalrous,12
unchivalrously,14
unchristian,11
unchristianly,13
unchristlike,12
unchurch,8
uncial,6
uncivil,7
uncivilised,11
uncivilized,11
uncivilly,9
unclad,6
unclaimed,9
unclasp,7
unclassifiable,14
unclassified,12
uncle,5
unclean,7
uncleanliness,13
uncleanly,9
uncleanness,11
unclear,7
uncleared,9
unclearly,9
unclearness,11
unclimbable,11
unclip,6
unclipped,9
uncloak,7
unclog,6
unclogged,9
unclothe,8
unclothed,9
unclouded,9
uncloudedness,13
unclutter,9
uncluttered,11
unco,4
uncoated,8
uncoerced,9
uncoil,6
uncoiled,8
uncollected,11
uncollectible,13
uncolored,9
uncoloured,10
uncolumned,10
uncombable,10
uncombed,8
uncombined,10
uncomely,8
uncomfortable,13
uncomfortably,13
uncommercial,12
uncommitted,11
uncommon,8
uncommonly,10
uncommonness,12
uncommunicative,15
uncomparable,12
uncomparably,12
uncompartmented,15
uncompassionate,15
uncompensated,13
uncompetitive,13
uncomplaining,13
uncomplainingly,15
uncomplete,10
uncompleted,11
uncomplicated,13
uncomplimentary,15
uncompounded,12
uncomprehended,14
uncomprehending,15
uncompress,10
uncompromising,14
unconcealed,11
unconcern,9
unconcerned,11
unconcernedly,13
unconditional,13
unconditionally,15
unconditioned,13
unconfessed,11
unconfined,10
unconfirmed,11
unconformable,13
unconformist,12
unconfused,10
uncongenial,11
uncongeniality,14
unconnected,11
unconnectedness,15
unconquerable,13
unconquered,11
unconscientious,15
unconscionable,14
unconscious,11
unconsciously,13
unconsciousness,15
unconsecrated,13
unconsidered,12
unconsolable,12
unconsolidated,14
unconstipated,13
unconstrained,13
unconstraint,12
unconstricted,13
unconstructive,14
unconsumed,10
unconsummated,13
uncontaminated,14
uncontaminating,15
uncontested,11
uncontrived,11
uncontrollable,14
uncontrollably,14
uncontrolled,12
uncontroversial,15
unconventional,14
unconverted,11
unconvertible,13
unconvinced,11
unconvincing,12
unconvincingly,14
uncooked,8
uncool,6
uncooperative,13
uncoordinated,13
uncordial,9
uncork,6
uncorrectable,13
uncorrected,11
uncorrelated,12
uncorroborated,14
uncorrupted,11
uncounted,9
uncouple,8
uncoupled,9
uncousinly,10
uncouth,7
uncouthly,9
uncouthness,11
uncover,7
uncovered,9
uncovering,10
uncrannied,10
uncrate,7
uncreased,9
uncreative,10
uncreativeness,14
uncritical,10
uncritically,12
uncropped,9
uncross,7
uncrossed,9
uncrowded,9
uncrowned,9
uncrystallised,14
uncrystallized,14
unction,7
unctuous,8
unctuously,10
unctuousness,12
uncultivable,12
uncultivatable,14
uncultivated,12
uncultured,10
uncurbed,8
uncured,7
uncurl,6
uncurled,8
uncurtained,11
uncurved,8
uncurving,9
uncus,5
uncut,5
undamaged,9
undatable,9
undated,7
undaunted,9
undecagon,9
undeceive,9
undeceived,10
undecided,9
undecipherable,14
undecipherably,14
undeciphered,12
undeclared,10
undecomposable,14
undecomposed,12
undecorated,11
undedicated,11
undefeated,10
undefendable,12
undefended,10
undeferential,13
undefiled,9
undefinable,11
undefined,9
undelineated,12
undemanding,11
undemocratic,12
undemonstrative,15
undeniable,10
undeniably,10
undependability,15
undependable,12
undependably,12
undepicted,10
under,5
underachieve,12
underachiever,13
underact,8
underactive,11
underage,8
underarm,8
underbelly,10
underbid,8
underbodice,11
underbody,9
underboss,9
underbred,9
underbrush,10
undercarriage,13
undercharge,11
underclass,10
underclassman,13
underclothed,12
underclothes,12
underclothing,13
undercoat,9
undercoated,11
undercover,10
undercurrent,12
undercut,8
underdevelop,12
underdeveloped,14
underdog,8
underdone,9
underdrawers,12
underdress,10
underdressed,12
undereducated,13
underemployed,13
underestimate,13
underestimation,15
underevaluation,15
underexpose,11
underexposure,13
underfed,8
underfelt,9
underfoot,9
underframe,10
underfur,8
undergarment,12
undergird,9
undergo,7
undergrad,9
undergraduate,13
underground,11
undergrow,9
undergrowth,11
underhand,9
underhanded,11
underhandedly,13
underhung,9
underivative,12
underived,9
underlay,8
underlayment,12
underlie,8
underline,9
underling,9
underlip,8
underlying,10
undermanned,11
undermentioned,14
undermine,9
underneath,10
undernourish,12
undernourished,14
underpants,10
underpart,9
underpass,9
underpay,8
underpayment,12
underperform,12
underperformer,14
underpin,8
underplay,9
underpopulated,14
underprice,10
underprivileged,15
underproduce,12
underproduction,15
underquote,10
underrate,9
underrating,11
underreckoning,14
underscore,10
undersea,8
underseal,9
undersealed,11
undersecretary,14
undersell,9
underseller,11
undersexed,10
undershirt,10
undershoot,10
undershot,9
undershrub,10
underside,9
undersign,9
undersize,9
undersized,10
underskirt,10
underslung,10
undersoil,9
underspend,10
understaffed,12
understand,10
understandable,14
understandably,14
understanding,13
understandingly,15
understate,10
understated,11
understatement,14
understock,10
understood,10
understructure,14
understudy,10
undersurface,12
undertake,9
undertaker,10
undertaking,11
undertide,9
undertone,9
undertow,8
undervaluation,14
undervalue,10
underwater,10
underway,8
underwear,9
underweight,11
underwing,9
underwood,9
underworld,10
underwrite,10
underwriter,11
undescended,11
undescriptive,13
undeserved,10
undeservedly,12
undeserving,11
undesigned,10
undesirability,14
undesirable,11
undesirably,11
undesired,9
undesiring,10
undesirous,10
undestroyable,13
undetectable,12
undetected,10
undeterminable,14
undetermined,12
undeterred,10
undeveloped,11
undeviating,11
undiagnosable,13
undiagnosed,11
undies,6
undigested,10
undignified,11
undiluted,9
undiminished,12
undimmed,8
undine,6
undiplomatic,12
undirected,10
undiscerning,12
undischarged,12
undiscipline,12
undisciplined,13
undisclosed,11
undiscouraged,13
undiscoverable,14
undiscovered,12
undisguised,11
undismayed,10
undisputable,12
undisputed,10
undisputedly,12
undissolved,11
undistinguished,15
undistorted,11
undistributed,13
undisturbed,11
undiversified,13
undividable,11
undivided,9
undo,4
undoable,8
undock,6
undocumented,12
undoer,6
undogmatic,10
undogmatical,12
undoing,7
undomestic,10
undomesticated,14
undone,6
undoubtedly,11
undrained,9
undramatic,10
undramatically,14
undrape,7
undraped,8
undrawn,7
undreamed,9
undreamt,8
undress,7
undressed,9
undried,7
undrinkable,11
undset,6
undue,5
undulant,8
undulate,8
undulation,10
undulatory,10
unduly,6
undutiful,9
undutifulness,13
undyed,6
undying,7
undynamic,9
uneager,7
unearned,8
unearth,7
unearthly,9
unease,6
uneasily,8
uneasiness,10
uneasy,6
uneatable,9
uneconomic,10
uneconomical,12
unedifying,10
unedited,8
uneducated,10
uneffective,11
unelaborate,11
unelaborated,12
unembarrassed,13
unembellished,13
unembodied,10
unemotional,11
unemotionality,14
unemotionally,13
unemphatic,10
unemployable,12
unemployed,10
unemployment,12
unenclosed,10
unencouraging,13
unencumbered,12
unended,7
unending,8
unendingly,10
unendowed,9
unendurable,11
unenergetic,11
unenergetically,15
unenforceable,13
unenforced,10
unengaged,9
unenlightened,13
unenlightening,14
unenlightenment,15
unenlivened,11
unenrgetic,10
unenterprising,14
unenthusiastic,14
unentitled,10
unenviable,10
unequal,7
unequaled,9
unequalised,11
unequalized,11
unequalled,10
unequally,9
unequipped,10
unequivocal,11
unequivocally,13
unequivocalness,15
unerasable,10
unerect,7
unerring,8
unerringly,10
unesco,6
unessential,11
unestablished,13
unethical,9
unethically,11
uneven,6
unevenly,8
unevenness,10
uneventful,10
uneventfully,12
unexacting,10
unexampled,10
unexceeded,10
unexcelled,10
unexceptionable,15
unexceptional,13
unexchangeable,14
unexcitable,11
unexcited,9
unexciting,10
unexcitingly,12
unexclusive,11
unexcused,9
unexhausted,11
unexpansive,11
unexpected,10
unexpectedly,12
unexpectedness,14
unexpendable,12
unexpended,10
unexpired,9
unexplainable,13
unexplained,11
unexploded,10
unexploited,11
unexplorative,13
unexploratory,13
unexplored,10
unexportable,12
unexpressed,11
unexpressible,13
unexpressive,12
unexpurgated,12
unextended,10
unfaceted,9
unfading,8
unfailing,9
unfailingly,11
unfair,6
unfairly,8
unfairness,10
unfaithful,10
unfaithfully,12
unfaithfulness,14
unfaltering,11
unfalteringly,13
unfamiliar,10
unfamiliarity,13
unfashionable,13
unfashionably,13
unfasten,8
unfastened,10
unfastener,10
unfastening,11
unfastidious,12
unfathomable,12
unfathomed,10
unfattened,10
unfavorable,11
unfavorableness,15
unfavorably,11
unfavourable,12
unfavourably,12
unfearing,9
unfeasibility,13
unfeasible,10
unfeathered,11
unfed,5
unfeeling,9
unfeelingly,11
unfeelingness,13
unfeigned,9
unfeignedly,11
unfeminine,10
unfenced,8
unfermented,11
unfertile,9
unfertilised,12
unfertilized,12
unfettered,10
unfilled,8
unfilmed,8
unfinished,10
unfirm,6
unfit,5
unfitness,9
unfitting,9
unfixed,7
unflagging,10
unflappable,11
unflattering,12
unflavored,10
unflavoured,11
unflawed,8
unfledged,9
unflinching,11
unfluctuating,13
unflurried,10
unflustered,11
unfocused,9
unfocussed,10
unfold,6
unfolding,9
unforbearing,12
unforced,8
unforceful,10
unforeseeable,13
unforeseen,10
unforesightful,14
unforested,10
unforfeitable,13
unforgettable,13
unforgettably,13
unforgivable,12
unforgivably,12
unforgiving,11
unforgivingly,13
unformed,8
unfortunate,11
unfortunately,13
unfounded,9
unframed,8
unfree,6
unfreeze,8
unfrequented,12
unfretted,9
unfriendliness,14
unfriendly,10
unfrightened,12
unfrock,7
unfrosted,9
unfrozen,8
unfruitful,10
unfueled,8
unfulfilled,11
unfunctional,12
unfunded,8
unfunny,7
unfurl,6
unfurnished,11
unfurrowed,10
ungainliness,12
ungainly,8
ungallant,9
ungarbed,8
ungarmented,11
ungathered,10
ungeared,8
ungenerous,10
ungentle,8
ungentlemanlike,15
ungentlemanly,13
ungetatable,11
unglamorous,11
unglamourous,12
unglazed,8
ungodliness,11
ungodly,7
ungovernable,12
ungoverned,10
ungraceful,10
ungracefully,12
ungracefulness,14
ungracious,10
ungraciously,12
ungraciousness,14
ungraded,8
ungrammatical,13
ungrammatically,15
ungrasped,9
ungrateful,10
ungratefully,12
ungratefulness,14
ungratified,11
ungratifying,12
ungreased,9
ungregarious,12
ungroomed,9
ungrudging,10
ungrudgingly,12
ungual,6
unguaranteed,12
unguarded,9
unguent,7
unguiculata,11
unguiculate,11
unguiculated,12
unguided,8
unguis,6
ungulata,8
ungulate,8
ungulated,9
ungummed,8
ungusseted,10
unhallow,8
unhallowed,10
unhampered,10
unhand,6
unhappily,9
unhappiness,11
unhappy,7
unhardened,10
unharmed,8
unharmonious,12
unharmoniously,14
unharness,9
unhatched,9
unhazardous,11
unheaded,8
unhealed,8
unhealthful,11
unhealthfulness,15
unhealthiness,13
unhealthy,9
unhearable,10
unheard,7
unhearing,9
unheated,8
unheeded,8
unheeding,9
unhelpful,9
unhelpfully,11
unhelpfulness,13
unheralded,10
unhesitating,12
unhesitatingly,14
unhewn,6
unhindered,10
unhinge,7
unhinged,8
unhitch,7
unholiness,10
unholy,6
unhomogenised,13
unhomogenized,13
unhook,6
unhoped,7
unhopeful,9
unhorse,7
unhuman,7
unhumorous,10
unhurried,9
unhurriedly,11
unhurriedness,13
unhurt,6
unhygienic,10
unhygienically,14
uniat,5
uniate,6
unicameral,10
unicef,6
unicellular,11
unicorn,7
unicuspid,9
unicycle,8
unicyclist,10
unidentifiable,14
unidentified,12
unidimensional,14
unidirectional,14
unifacial,9
unification,11
unified,7
unifilar,8
unifoliate,10
uniform,7
uniformed,9
uniformise,10
uniformity,10
uniformize,10
uniformly,9
uniformness,11
unify,5
unifying,8
unilateral,10
unilateralism,13
unilateralist,13
unilaterally,12
unilluminated,13
unilluminating,14
unimaginable,12
unimaginably,12
unimaginative,13
unimaginatively,15
unimagined,10
unimodal,8
unimpaired,10
unimpassioned,13
unimpeachable,13
unimpeachably,13
unimpeded,9
unimportance,12
unimportant,11
unimposing,10
unimpregnated,13
unimpressed,11
unimpressive,12
unimpressively,14
unimprisoned,12
unimproved,10
unincorporated,14
uninebriated,12
uninfected,10
uninflected,11
uninfluenced,12
uninfluential,13
uninformative,13
uninformatively,15
uninformed,10
uninhabitable,13
uninhabited,11
uninhibited,11
uninitiate,10
uninitiated,11
uninjectable,12
uninjured,9
uninominal,10
uninquiring,11
uninquisitive,13
uninspired,10
uninspiring,11
uninstructed,12
uninstructive,13
uninstructively,15
uninsurability,14
uninsurable,11
uninsured,9
unintegrated,12
unintelligent,13
unintelligently,15
unintelligible,14
unintelligibly,14
unintended,10
unintentional,13
unintentionally,15
uninterested,12
uninteresting,13
uninterestingly,15
uninterrupted,13
uninterruptedly,15
unintimidated,13
unintoxicated,13
unintrusive,11
uninucleate,11
uninventive,11
uninvited,9
uninvitedly,11
uninviting,10
uninvolved,10
unio,4
union,5
unionidae,9
unionisation,12
unionise,8
unionised,9
unionism,8
unionist,8
unionization,12
unionize,8
unionized,9
uniovular,9
uniovulate,10
uniparous,9
unipolar,8
unique,6
uniquely,8
uniqueness,10
unironed,8
unisex,6
unisexual,9
unison,6
unit,4
unitard,7
unitarian,9
unitarianism,12
unitary,7
unite,5
united,6
unitedly,8
uniting,7
unitisation,11
unitise,7
unitization,11
unitize,7
unity,5
univalent,9
univalve,8
universal,9
universalise,12
universalism,12
universalist,12
universalistic,14
universality,12
universalize,12
universally,11
universe,8
university,10
univocal,8
unix,4
unjointed,9
unjust,6
unjustifiable,13
unjustifiably,13
unjustified,11
unjustly,8
unjustness,10
unkempt,7
unkemptness,11
unkept,6
unkeyed,7
unkind,6
unkindled,9
unkindly,8
unkindness,10
unknot,6
unknowable,10
unknowing,9
unknowingly,11
unknowingness,13
unknowledgeable,15
unknown,7
unlabeled,9
unlabelled,10
unlace,6
unlaced,7
unlade,6
unladylike,10
unlamented,10
unlash,6
unlatched,9
unlaureled,10
unlaurelled,11
unlawful,8
unlawfully,10
unlawfulness,12
unlax,5
unleaded,8
unlearn,7
unlearned,9
unleash,7
unleavened,10
unlettered,10
unlicenced,10
unlicensed,10
unlifelike,10
unlighted,9
unlikable,9
unlike,6
unlikeable,10
unlikelihood,12
unlikeliness,12
unlikely,8
unlikeness,10
unlimited,9
unlined,7
unlipped,8
unlisted,8
unlit,5
unliterary,10
unlittered,10
unlivable,9
unlive,6
unliveable,10
unliveried,10
unload,6
unloaded,8
unloading,9
unlobed,7
unlocated,9
unlock,6
unlocked,8
unlogical,9
unloose,7
unloosen,8
unlovable,9
unloved,7
unlovely,8
unloving,8
unlubricated,12
unluckily,9
unlucky,7
unmade,6
unmake,6
unmalicious,11
unmalleability,14
unmalleable,11
unmalted,8
unman,5
unmanageable,12
unmanageably,12
unmanful,8
unmanfully,10
unmanlike,9
unmanliness,11
unmanly,7
unmanned,8
unmannered,10
unmannerly,10
unmapped,8
unmarked,8
unmarketable,12
unmarred,8
unmarried,9
unmask,6
unmasking,9
unmatchable,11
unmatched,9
unmated,7
unmeasurable,12
unmeasured,10
unmechanical,12
unmechanised,12
unmechanized,12
unmediated,10
unmedical,9
unmedicative,12
unmedicinal,11
unmelodic,9
unmelodious,11
unmelodiously,13
unmelted,8
unmemorable,11
unmemorably,11
unmentionable,13
unmercenary,11
unmerchantable,14
unmerciful,10
unmercifully,12
unmercifulness,14
unmerited,9
unmeritorious,13
unmethodical,12
unmilitary,10
unmindful,9
unmindfully,11
unmindfulness,13
unmined,7
unmingled,9
unmistakable,12
unmistakably,12
unmitigable,11
unmitigated,11
unmixable,9
unmixed,7
unmoderated,11
unmodernised,12
unmodernized,12
unmodifiable,12
unmodified,10
unmodulated,11
unmolested,10
unmortgaged,11
unmotivated,11
unmotorised,11
unmotorized,11
unmourned,9
unmovable,9
unmoved,7
unmoving,8
unmown,6
unmusical,9
unmusically,11
unmutilated,11
unmuzzle,8
unmyelinated,12
unnameable,10
unnamed,7
unnatural,9
unnaturalised,13
unnaturalized,13
unnaturally,11
unnaturalness,13
unnavigable,11
unnecessarily,13
unnecessary,11
unneeded,8
unneighborly,12
unneighbourly,13
unnerve,7
unnerved,8
unnerving,9
unneurotic,10
unnilquadium,12
unnotched,9
unnoted,7
unnoticeable,12
unnoticeably,12
unnoticed,9
unnourished,11
unnumberable,12
unnumbered,10
unnumerable,11
unobjectionable,15
unobjective,11
unobligated,11
unobliging,10
unobservable,12
unobservant,11
unobserved,10
unobstructed,12
unobtainable,12
unobtrusive,11
unobtrusively,13
unobtrusiveness,15
unobvious,9
unoccupied,10
unoffending,11
unofficial,10
unofficially,12
unoiled,7
unopen,6
unopened,8
unopposable,11
unopposed,9
unordered,9
unorganised,11
unorganized,11
unoriented,10
unoriginal,10
unoriginality,13
unoriginally,12
unornamented,12
unorthodox,10
unorthodoxy,11
unostentatious,14
unowned,7
unoxygenated,12
unpack,6
unpackaged,10
unpaid,6
unpainful,9
unpaintable,11
unpainted,9
unpaired,8
unpalatability,14
unpalatable,11
unpalatableness,15
unpalatably,11
unparallel,10
unparalleled,12
unpardonable,12
unpardonably,12
unparented,10
unparliamentary,15
unpartitioned,13
unpassable,10
unpasteurised,13
unpasteurized,13
unpatented,10
unpatriotic,11
unpatriotically,15
unpatronised,12
unpatronized,12
unpatterned,11
unpaved,7
unpeaceable,11
unpeaceful,10
unpeopled,9
unperceivable,13
unperceived,11
unperceiving,12
unperceptive,12
unperformed,11
unpermed,8
unpermissive,12
unperplexed,11
unperson,8
unpersuadable,13
unpersuaded,11
unpersuasive,12
unperturbed,11
unpick,6
unpictured,10
unpicturesque,13
unpierced,9
unpigmented,11
unpillared,10
unpin,5
unpitying,9
unplaced,8
unplanned,9
unplanted,9
unplayable,10
unplayful,9
unpleasant,10
unpleasantly,12
unpleasantness,14
unpleasing,10
unpleasingness,14
unpledged,9
unploughed,10
unplowed,8
unplug,6
unplumbed,9
unpointed,9
unpointedness,13
unpolished,10
unpolitical,11
unpolluted,10
unpompous,9
unpopular,9
unpopularity,12
unpopulated,11
unportable,10
unposed,7
unpotted,8
unpowered,9
unpracticed,11
unpractised,11
unprecedented,13
unprecedentedly,15
unpredictable,13
unpredictably,13
unpredicted,11
unpredictive,12
unprejudiced,12
unpremeditated,14
unprepared,10
unprepossessing,15
unpresentable,13
unpresidential,14
unpressed,9
unpretending,12
unpretentious,13
unpretentiously,15
unpreventable,13
unpriestly,10
unprincipled,12
unprintable,11
unproblematic,13
unprocessed,11
unprocurable,12
unproductive,12
unproductively,14
unprofessional,14
unprofitability,15
unprofitable,12
unprofitably,12
unprogressive,13
unpromised,10
unpromising,11
unprompted,10
unpronounceable,15
unprophetic,11
unpropitious,12
unpropitiously,14
unprotected,11
unprotectedness,15
unprotective,12
unprovable,10
unproved,8
unproven,8
unprovocative,13
unprovoked,10
unprovoking,11
unpublishable,13
unpublished,11
unpunctual,10
unpunished,10
unpurified,10
unqualified,11
unqualifiedly,13
unquenchable,12
unquestionable,14
unquestionably,14
unquestioned,12
unquestioning,13
unquestioningly,15
unquiet,7
unquietly,9
unquotable,10
unraised,8
unranked,8
unratable,9
unratified,10
unravel,7
unraveler,9
unraveller,10
unreachable,11
unreached,9
unreactive,10
unread,6
unreadable,10
unreadably,10
unready,7
unreal,6
unrealised,10
unrealism,9
unrealistic,11
unrealistically,15
unreality,9
unrealizable,12
unrealized,10
unreason,8
unreasonable,12
unreasonably,12
unreasoning,11
unreasoningly,13
unreassuring,12
unreceptive,11
unreciprocated,14
unrecognisable,14
unrecognised,12
unrecognizable,14
unrecognizably,14
unrecognized,12
unreconcilable,14
unreconciled,12
unreconstructed,15
unrecorded,10
unrecoverable,13
unredeemable,12
unredeemed,10
unreduced,9
unreel,6
unrefined,9
unreflected,11
unreflective,12
unreformable,12
unreformed,10
unrefreshed,11
unregenerate,12
unregenerated,13
unregistered,12
unregretful,11
unregretting,12
unregularity,12
unregulated,11
unrehearsed,11
unrelated,9
unrelatedness,13
unrelaxed,9
unreleased,10
unrelenting,11
unrelentingly,13
unreliability,13
unreliable,10
unreliableness,14
unreliably,10
unrelieved,10
unremarkable,12
unremarkably,12
unremarked,10
unremedied,10
unremitting,11
unremorseful,12
unremunerative,14
unrenewable,11
unrenewed,9
unrentable,10
unrepaired,10
unrepeatable,12
unrepentant,11
unrepentantly,13
unreplaceable,13
unreportable,12
unreported,10
unrepressed,11
unreproducible,14
unreproducibly,14
unrequested,11
unrequited,10
unresentful,11
unreserved,10
unreservedly,12
unresistant,11
unresisting,11
unresolvable,12
unresolved,10
unrespectable,13
unresponsive,12
unrest,6
unrested,8
unrestrained,12
unrestrainedly,14
unrestraint,11
unrestricted,12
unrestrictive,13
unretentive,11
unretrievable,13
unrevealed,10
unreverberant,13
unrevised,9
unrevived,9
unrewarded,10
unrewarding,11
unrhetorical,12
unrhymed,8
unrhythmic,10
unrhythmical,12
unrifled,8
unrigged,8
unrighteous,11
unrighteously,13
unrighteousness,15
unrimed,7
unripe,6
unripened,9
unrivaled,9
unrivalled,10
unroll,6
unromantic,10
unromantically,14
unroofed,8
unrouged,8
unruffled,9
unruliness,10
unruly,6
unsaddle,8
unsaddled,9
unsafe,6
unsaid,6
unsalable,9
unsalaried,10
unsaleable,10
unsalted,8
unsanctified,12
unsanctify,10
unsanctioned,12
unsanded,8
unsanitariness,14
unsanitary,10
unsaponified,12
unsarcastic,11
unsated,7
unsatiable,10
unsatiably,10
unsatiated,10
unsatisfactory,14
unsatisfiable,13
unsatisfied,11
unsatisfying,12
unsaturated,11
unsaved,7
unsavoriness,12
unsavory,8
unsavoury,9
unsay,5
unscalable,10
unscathed,9
unscheduled,11
unscholarly,11
unschooled,10
unscientific,12
unscramble,10
unscrew,7
unscripted,10
unscrupulous,12
unscrupulously,14
unseal,6
unsealed,8
unseamanlike,12
unseamed,8
unseasonable,12
unseasonably,12
unseasoned,10
unseat,6
unseaworthy,11
unsectarian,11
unsecured,9
unseductive,11
unseeable,9
unseeded,8
unseeing,8
unseemliness,12
unseemly,8
unseen,6
unseeyn,7
unsegmented,11
unsegregated,12
unselected,10
unselective,11
unselfconscious,15
unselfish,9
unselfishly,11
unselfishness,13
unsensational,13
unsent,6
unsentimental,13
unsentimentally,15
unserviceable,13
unservile,9
unsettle,8
unsettled,9
unsex,5
unsexed,7
unsexy,6
unshackled,10
unshaded,8
unshadowed,10
unshakable,10
unshakably,10
unshaken,8
unshaped,8
unshapely,9
unshapen,8
unshared,8
unsharpened,11
unshaved,8
unshaven,8
unsheared,9
unsheathe,9
unsheathed,10
unshelled,9
unshielded,10
unshockable,11
unshod,6
unshoed,7
unshorn,7
unshrinkable,12
unshrinking,11
unshuttered,11
unsighted,9
unsightliness,13
unsightly,9
unsigned,8
unsilenced,10
unsimilarity,12
unsinkable,10
unsized,7
unskilled,9
unskillful,10
unskillfulness,14
unsleeping,10
unsloped,8
unsmiling,9
unsmilingly,11
unsmooth,8
unsmoothed,10
unsnarl,7
unsnarled,9
unsnarling,10
unsociability,13
unsociable,10
unsociableness,14
unsociably,10
unsocial,8
unsoiled,8
unsold,6
unsolder,8
unsoldierly,11
unsolicited,11
unsoluble,9
unsolvability,13
unsolvable,10
unsolved,8
unsophisticated,15
unsorted,8
unsought,8
unsound,7
unsoundable,11
unsounded,9
unsoundness,11
unsoured,8
unsown,6
unspaced,8
unsparing,9
unsparingly,11
unspeakable,11
unspeakably,11
unspecialised,13
unspecialized,13
unspecific,10
unspecified,11
unspectacular,13
unspell,7
unspent,7
unspoiled,9
unspoilt,8
unspoken,8
unsporting,10
unsportingly,12
unsportsmanlike,15
unspotted,9
unstable,8
unstableness,12
unstaged,8
unstained,9
unstaple,8
unstarred,9
unstated,8
unstatesmanlike,15
unsteadily,10
unsteadiness,12
unsteady,8
unsterilised,12
unsterilized,12
unstilted,9
unstimulating,13
unstinted,9
unstinting,10
unstintingly,12
unstirred,9
unstoppable,11
unstoppered,11
unstrain,8
unstrained,10
unstrap,7
unstratified,12
unstressed,10
unstring,8
unstructured,12
unstrung,8
unstuck,7
unstudied,9
unstudious,10
unstuff,7
unstylish,9
unsuasible,10
unsubdivided,12
unsubduable,11
unsubdued,9
unsubmissive,12
unsubstantial,13
unsubstantiated,15
unsubtle,8
unsuccessful,12
unsuccessfully,14
unsufferable,12
unsugared,9
unsuitability,13
unsuitable,10
unsuitableness,14
unsuitably,10
unsuited,8
unsullied,9
unsung,6
unsupervised,12
unsupportable,13
unsupported,11
unsupportive,12
unsuppressed,12
unsure,6
unsurmountable,14
unsurpassable,13
unsurpassed,11
unsurprised,11
unsurprising,12
unsusceptible,13
unsuspected,11
unsuspecting,12
unsuspectingly,14
unsuspicious,12
unswayed,8
unsweet,7
unsweetened,11
unswept,7
unswerving,10
unswervingly,12
unsworn,7
unsyllabic,10
unsyllabled,11
unsymbolic,10
unsymmetric,11
unsymmetrical,13
unsymmetrically,15
unsympathetic,13
unsympathising,14
unsympathizing,14
unsynchronised,14
unsynchronized,14
unsynchronous,13
unsystematic,12
untactful,9
untagged,8
untainted,9
untalented,10
untalkative,11
untamed,7
untangle,8
untangled,9
untangling,10
untanned,8
untaped,7
untapped,8
untarnished,11
untasted,8
untaught,8
untaxed,7
unteach,7
untechnical,11
untellable,10
untempered,10
untempting,10
untenable,9
untenanted,10
untended,8
untermeyer,10
untested,8
untethered,10
unthankful,10
unthaw,6
unthawed,8
untheatrical,12
unthematic,10
unthinkable,11
unthinkably,11
unthinking,10
unthinkingly,12
unthought,9
unthoughtful,12
unthreatening,13
untidily,8
untidiness,10
untidy,6
untie,5
untied,6
untier,6
untilled,8
untimbered,10
untimeliness,12
untimely,8
untipped,8
untired,7
untiring,8
untitled,8
untoasted,9
untold,6
untoothed,9
untouchable,11
untouched,9
untoughened,11
untoward,8
untraceable,11
untracked,9
untraditional,13
untrained,9
untrammeled,11
untrammelled,12
untransferable,14
untranslatable,14
untransmutable,14
untraveled,10
untravelled,11
untraversable,13
untraversed,11
untreated,9
untried,7
untrimmed,9
untrod,6
untrodden,9
untroubled,10
untrue,6
untruly,7
untrustiness,12
untrusting,10
untrustworthy,13
untrusty,8
untruth,7
untruthful,10
untruthfully,12
untruthfulness,14
untucked,8
untufted,8
untune,6
untuneful,9
unturned,8
untutored,9
untwine,7
untwist,7
untwisted,9
untying,7
untypical,9
untypicality,12
untypically,11
ununbium,8
ununderstood,12
ununhexium,10
ununpentium,11
ununquadium,11
ununtrium,9
unusable,8
unuseable,9
unused,6
unusefulness,12
unusual,7
unusually,9
unusualness,11
unutterable,11
unutterably,11
unuttered,9
unvaccinated,12
unvalued,8
unvaned,7
unvanquishable,14
unvanquished,12
unvaried,8
unvariedness,12
unvarnished,11
unvarying,9
unveil,6
unveiled,8
unveiling,9
unvendible,10
unvented,8
unventilated,12
unverbalised,12
unverbalized,12
unverifiable,12
unverified,10
unversed,8
unvigilant,10
unvindictive,12
unvitrified,11
unvoiced,8
unvoluntary,11
unvulcanised,12
unvulcanized,12
unwanted,8
unwantedly,10
unwarily,8
unwariness,10
unwarmed,8
unwarrantable,13
unwarrantably,13
unwarranted,11
unwary,6
unwashed,8
unwatchful,10
unwavering,10
unwaveringly,12
unwaxed,7
unweaned,8
unwearable,10
unwearied,9
unweary,7
unwearying,10
unweathered,11
unweave,7
unwebbed,8
unwed,5
unwedded,8
unwelcome,9
unwell,6
unwellness,10
unwholesome,11
unwholesomeness,15
unwieldiness,12
unwieldy,8
unwilled,8
unwilling,9
unwillingly,11
unwillingness,13
unwind,6
unwire,6
unwise,6
unwisely,8
unwiseness,10
unwished,8
unwitting,9
unwittingly,11
unwomanly,9
unwonted,8
unwontedly,10
unwooded,8
unworkable,10
unworkmanlike,13
unworldly,9
unworried,9
unworthily,10
unworthiness,12
unworthy,8
unwounded,9
unwoven,7
unwrap,6
unwrapped,9
unwrinkled,10
unwritten,9
unyielding,10
unyieldingness,14
unyoke,6
unzip,5
upanishad,9
upbeat,6
upbound,7
upbraid,7
upbraider,9
upbraiding,10
upbringing,10
upcast,6
upchuck,7
upcoming,8
upcountry,9
upcurved,8
update,6
updating,8
updike,6
updraft,7
upend,5
upended,7
upending,8
upfield,7
upfront,7
upgrade,7
upheaval,8
upheave,7
uphill,6
uphold,6
upholder,8
upholster,9
upholsterer,11
upholstery,10
upjohn,6
upkeep,6
upland,6
uplift,6
uplifted,8
uplifting,9
uplink,6
upload,6
upmarket,8
upmost,6
upper,5
uppercase,9
uppercut,8
uppermost,9
uppish,6
uppishly,8
uppishness,10
uppity,6
uppityness,10
uppp,4
uppsala,7
upraise,7
upraised,8
upright,7
uprightly,9
uprightness,11
uprise,6
uprising,8
upriver,7
uproar,6
uproarious,10
uproariously,12
uproot,6
uprooter,8
upsala,6
upscale,7
upset,5
upsetter,8
upsetting,9
upshot,6
upside,6
upsilon,7
upstage,7
upstager,8
upstair,7
upstairs,8
upstanding,10
upstart,7
upstate,7
upstream,8
upstroke,8
upsurge,7
uptake,6
upthrow,7
upthrust,8
uptick,6
uptight,7
uptime,6
uptown,6
upturn,6
upturned,8
upupa,5
upupidae,8
upward,6
upwardly,8
upwards,7
upwind,6
uracil,6
uraemia,7
uraemic,7
uralic,6
urals,5
uranalysis,10
urania,6
uraninite,9
uranium,7
uranologist,11
uranology,9
uranoplasty,11
uranoscopidae,13
uranus,6
uranyl,6
urarthritis,11
urate,5
uratemia,8
uraturia,8
urban,5
urbana,6
urbane,6
urbanely,8
urbanisation,12
urbanise,8
urbanised,9
urbanity,8
urbanization,12
urbanize,8
urbanized,9
urceolate,9
urceole,7
urchin,6
urdu,4
urea,4
urease,6
uredinales,10
uremia,6
uremic,6
ureter,6
ureteritis,10
ureterocele,11
ureterostenosis,15
urethane,8
urethra,7
urethral,8
urethritis,10
urethrocele,11
urex,4
urey,4
urga,4
urge,4
urgency,7
urgent,6
urgently,8
urginea,7
urging,6
uria,4
uriah,5
urial,5
uric,4
uricaciduria,12
uricosuric,10
urinal,6
urinalysis,10
urinary,7
urinate,7
urination,9
urinator,8
urine,5
urmia,5
urobilin,8
urobilinogen,12
urocele,7
urochesia,9
urochezia,9
urochord,8
urochorda,9
urochordata,11
urochordate,11
urocyon,7
urocystis,9
urodele,7
urodella,8
urodynia,8
urogenital,10
urokinase,9
urolith,7
urologist,9
urology,7
uropathy,8
urophycis,9
uropsilus,9
uropygi,7
uropygium,9
urosaurus,9
ursidae,7
ursine,6
ursinia,7
ursus,5
urth,4
urtica,6
urticaceae,10
urticales,9
urticaria,9
urticate,8
urtication,10
urubupunga,10
uruguay,7
uruguayan,9
urus,4
usability,9
usable,6
usableness,10
usacil,6
usaf,4
usage,5
usance,6
usbeg,5
usbek,5
uscb,4
usda,4
useable,7
useableness,11
used,4
useful,6
usefully,8
usefulness,10
useless,7
uselessly,9
uselessness,11
user,4
ushas,5
usher,5
usherette,9
using,5
uskub,5
usmc,4
usnea,5
usneaceae,9
usps,4
ussher,6
ussr,4
usss,4
ustilaginaceae,14
ustilaginales,13
ustilaginoidea,14
ustilago,8
ustinov,7
usual,5
usually,7
usualness,9
usufruct,8
usufructuary,12
usuli,5
usumbura,8
usurer,6
usurious,8
usuriously,10
usurp,5
usurpation,10
usurper,7
usury,5
utah,4
utahan,6
utahraptor,10
utensil,7
uterine,7
uterus,6
utica,5
utile,5
utilisation,11
utilise,7
utilised,8
utiliser,8
utilitarian,11
utilitarianism,14
utility,7
utilizable,10
utilization,11
utilize,7
utilized,8
utilizer,8
utmost,6
utnapishtim,11
utopia,6
utopian,7
utopianism,10
utrecht,7
utricle,7
utricularia,11
utriculus,9
utrillo,7
utter,5
utterable,9
utterance,9
uttered,7
utterer,7
utterly,7
uttermost,9
utterness,9
utug,4
uvea,4
uveal,5
uveitis,7
uveous,6
uvula,5
uvular,6
uvularia,8
uvulariaceae,12
uvulitis,8
uxor,4
uxorial,7
uxoricide,9
uxorious,8
uxoriously,10
uxoriousness,12
uygur,5
uzbak,5
uzbeg,5
uzbek,5
uzbekistan,10
uzbekistani,11
vacancy,7
vacant,6
vacantly,8
vacate,6
vacation,8
vacationer,10
vacationing,11
vacationist,11
vaccaria,8
vaccina,7
vaccinate,9
vaccinated,10
vaccinating,11
vaccination,11
vaccinator,10
vaccine,7
vaccinee,8
vaccinia,8
vaccinium,9
vaccinum,8
vacillant,9
vacillate,9
vacillating,11
vacillation,11
vacillator,10
vacuity,7
vacuolate,9
vacuolated,10
vacuolation,11
vacuole,7
vacuolisation,13
vacuolization,13
vacuous,7
vacuously,9
vacuousness,11
vacuum,6
vaduz,5
vagabond,8
vagabondage,11
vagal,5
vagary,6
vagile,6
vagina,6
vaginal,7
vaginismus,10
vaginitis,9
vaginocele,10
vagrancy,8
vagrant,7
vague,5
vaguely,7
vagueness,9
vagus,5
vain,4
vainglorious,12
vainglory,9
vainly,6
vaisakha,8
vaishnava,9
vaishnavism,11
vaisnavism,10
vaisya,6
vajra,5
valance,7
valdecoxib,10
valdez,6
valdosta,8
vale,4
valediction,11
valedictorian,13
valedictory,11
valence,7
valencia,8
valenciennes,12
valency,7
valent,6
valentine,9
valerian,8
valeriana,9
valerianaceae,13
valerianella,12
valet,5
valetta,7
valetudinarian,14
valetudinary,12
valgus,6
valhalla,8
vali,4
valiance,8
valiancy,8
valiant,7
valiantly,9
valid,5
validate,8
validated,9
validating,10
validation,10
validatory,10
validity,8
validly,7
validness,9
valine,6
valise,6
valium,6
valkyrie,8
vallecula,9
valletta,8
valley,6
vallisneria,11
valmy,5
valois,6
valor,5
valorous,8
valorously,10
valorousness,12
valour,6
valparaiso,10
valsartan,9
valse,5
valuable,8
valuableness,12
valuate,7
valuation,9
valuator,8
value,5
valued,6
valueless,9
valuelessness,13
valuer,6
values,6
valve,5
valved,6
valvelet,8
valvotomy,9
valvula,7
valvular,8
valvule,7
valvulitis,10
valvulotomy,11
vambrace,8
vamoose,7
vamp,4
vamper,6
vampire,7
vampirism,9
vanadate,8
vanadinite,10
vanadium,8
vanbrugh,8
vancocin,8
vancomycin,10
vancouver,9
vanda,5
vandal,6
vandalise,9
vandalism,9
vandalize,9
vanderbilt,10
vandyke,7
vane,4
vaned,5
vanellus,8
vanern,6
vanessa,7
vanguard,8
vangueria,9
vanilla,7
vanillin,8
vanir,5
vanish,6
vanished,8
vanisher,8
vanishing,9
vanishingly,11
vanity,6
vanquish,8
vanquishable,12
vanquisher,10
vantage,7
vanuatu,7
vanzetti,8
vapid,5
vapidity,8
vapidly,7
vapidness,9
vapor,5
vaporific,9
vaporing,8
vaporisation,12
vaporise,8
vaporiser,9
vaporish,8
vaporizable,11
vaporization,12
vaporize,8
vaporized,9
vaporizer,9
vaporous,8
vaporousness,12
vapors,6
vapour,6
vapourific,10
vapourisable,12
vapourised,10
vapourish,9
vapourous,9
vapourousness,13
vapours,7
vaquero,7
vaquita,7
vara,4
varan,5
varanidae,9
varanus,7
vardenafil,10
varese,6
vargas,6
variability,11
variable,8
variableness,12
variably,8
variance,8
variant,7
variate,7
variation,9
varicella,9
varicelliform,13
varicocele,10
varicolored,11
varicoloured,12
varicose,8
varicosis,9
varicosity,10
varied,6
variedness,10
variegate,9
variegated,10
variegation,11
varietal,8
variety,7
variform,8
variola,7
variolar,8
variolation,11
variolic,8
variolization,13
variolous,9
variometer,10
variorum,8
various,7
variously,9
varix,5
varlet,6
varment,7
varmint,7
varna,5
varnish,7
varnished,9
varnisher,9
varro,5
varsity,7
varuna,6
varus,5
vary,4
varying,7
vasarely,8
vasari,6
vascular,8
vascularisation,15
vascularise,11
vascularity,11
vascularization,15
vascularize,11
vasculitis,10
vase,4
vasectomise,11
vasectomize,11
vasectomy,9
vaseline,8
vasiform,8
vasoconstrictor,15
vasodilation,12
vasodilative,12
vasodilator,11
vasomax,7
vasomotor,9
vasopressin,11
vasopressor,11
vasosection,11
vasotec,7
vasotomy,8
vasovasostomy,13
vasovesiculitis,15
vassal,6
vassalage,9
vast,4
vastly,6
vastness,8
vatic,5
vatical,7
vatican,7
vaticinate,10
vaticination,12
vaticinator,11
vaudeville,10
vaudevillian,12
vaudois,7
vaughan,7
vault,5
vaulted,7
vaulter,7
vaulting,8
vaunt,5
vaunter,7
vauntingly,10
vaux,4
vayu,4
veadar,6
veal,4
veau,4
veblen,6
vector,6
veda,4
vedalia,7
vedanga,7
vedanta,7
vedic,5
vedism,6
vedist,6
veer,4
veering,7
veery,5
vega,4
vegan,5
vegetable,9
vegetal,7
vegetarian,10
vegetarianism,13
vegetate,8
vegetation,10
vegetational,12
vegetative,10
vegetive,8
veggie,6
vehemence,9
vehement,8
vehemently,10
vehicle,7
vehicular,9
veil,4
veiled,6
veiling,7
vein,4
veinal,6
veined,6
veinlike,8
vela,4
velar,5
velazquez,9
velban,6
velcro,6
veld,4
veldt,5
velleity,8
vellicate,9
vellication,11
vellum,6
velocipede,10
velociraptor,12
velocity,8
velodrome,9
velour,6
velours,7
veloute,7
velum,5
velveeta,8
velvet,6
velveteen,9
velvetleaf,10
velvetweed,10
velvety,7
vena,4
venal,5
venality,8
venally,7
venation,8
vend,4
vendable,8
vendee,6
vendemiaire,11
vender,6
vendetta,8
vendible,8
vending,7
vendition,9
vendor,6
vendue,6
veneer,6
veneering,9
venerability,12
venerable,9
venerableness,13
venerate,8
venerating,10
veneration,10
venerator,9
venereal,8
veneridae,9
venesect,8
venesection,11
venetia,7
venetian,8
veneto,6
venezia,7
venezuela,9
venezuelan,10
vengeance,9
vengeful,8
vengefully,10
vengefulness,12
venial,6
venice,6
venipuncture,12
venire,6
venison,7
venn,4
venogram,8
venography,10
venom,5
venomed,7
venomous,8
venomously,10
venose,6
venous,6
vent,4
ventail,7
vented,6
venter,6
venthole,8
ventilate,9
ventilated,10
ventilation,11
ventilator,10
ventilatory,11
venting,7
ventner,7
ventolin,8
ventose,7
ventral,7
ventrally,9
ventricle,9
ventricose,10
ventricous,10
ventricular,11
ventriculus,11
ventriloquism,13
ventriloquist,13
ventriloquy,11
venture,7
venturer,8
venturesome,11
venturesomeness,15
venturi,7
venturous,9
venue,5
venula,6
venule,6
venus,5
venushair,9
veps,4
vepse,5
vepsian,7
veracious,9
veracity,8
veracruz,8
veranda,7
verandah,8
verapamil,9
veratrum,8
verb,4
verbal,6
verbalisation,13
verbalise,9
verbalised,10
verbaliser,10
verbalism,9
verbalization,13
verbalize,9
verbalized,10
verbalizer,10
verbally,8
verbascum,9
verbatim,8
verbena,7
verbenaceae,11
verbesina,9
verbiage,8
verbify,7
verbolatry,10
verbose,7
verbosely,9
verboseness,11
verbosity,9
verboten,8
verdancy,8
verdandi,8
verdant,7
verdi,5
verdicchio,10
verdict,7
verdigris,9
verdin,6
verdolagas,10
verdun,6
verdure,7
verge,5
verger,6
vergil,6
veridical,9
verifiable,10
verification,12
verificatory,12
verified,8
verifier,8
verify,6
verifying,9
verily,6
verisimilar,11
verisimilitude,14
veritable,9
verity,6
verlaine,8
vermeer,7
vermicelli,10
vermicide,9
vermicular,10
vermiculate,11
vermiculated,12
vermiculation,13
vermiculite,11
vermiform,9
vermifuge,9
vermilion,9
vermillion,10
vermin,6
verminous,9
vermis,6
vermont,7
vermonter,9
vermouth,8
vernacular,10
vernal,6
vernation,9
verne,5
verner,6
vernier,7
vernix,6
vernonia,8
verona,6
veronal,7
veronese,8
veronica,8
verpa,5
verrazano,9
verrazzano,10
verruca,7
verrucose,9
versace,7
versailles,10
versant,7
versatile,9
versatility,11
verse,5
versed,6
versicle,8
versification,13
versifier,9
versify,7
version,7
verso,5
verst,5
vertebra,8
vertebral,9
vertebrata,10
vertebrate,10
vertex,6
verthandi,9
vertical,8
verticality,11
vertically,10
verticalness,12
verticil,8
verticillate,12
verticillated,13
verticilliosis,14
verticillium,12
vertiginous,11
vertigo,7
vertu,5
vervain,7
verve,5
vervet,6
verwoerd,8
very,4
vesalius,8
vesey,5
vesica,6
vesical,7
vesicant,8
vesicaria,9
vesicate,8
vesication,10
vesicatory,10
vesicle,7
vesicopapule,12
vesicular,9
vesiculate,10
vesiculation,12
vesiculitis,11
vesiculovirus,13
vespa,5
vespasian,9
vesper,6
vespers,7
vespertilio,11
vespertilionid,14
vespid,6
vespidae,8
vespucci,8
vespula,7
vessel,6
vest,4
vesta,5
vestal,6
vested,6
vestiary,8
vestibular,10
vestibule,9
vestige,7
vestigial,9
vestiture,9
vestment,8
vestmental,10
vestmented,10
vestris,7
vestry,6
vestryman,9
vestrywoman,11
vesture,7
vesuvian,8
vesuvianite,11
vesuvius,8
vetch,5
vetchling,9
vetchworm,9
veteran,7
veterinarian,12
veterinary,10
vetluga,7
veto,4
vexation,8
vexatious,9
vexatiously,11
vexed,5
vexer,5
vexing,6
viability,9
viable,6
viaduct,7
viagra,6
vial,4
viand,5
viands,6
viatical,8
viatication,11
viaticus,8
vibe,4
vibes,5
vibist,6
viborg,6
vibraharp,9
vibramycin,10
vibrancy,8
vibrant,7
vibraphone,10
vibraphonist,12
vibrate,7
vibration,9
vibrational,11
vibrato,7
vibrator,8
vibratory,9
vibrio,6
vibrion,7
vibrionic,9
vibrissa,8
viburnum,8
vicar,5
vicarage,8
vicarial,8
vicariate,9
vicarious,9
vicariously,11
vicarship,9
vice,4
vicegerent,10
vicenary,8
vicennial,9
viceregal,9
vicereine,9
viceroy,7
viceroyalty,11
viceroyship,11
vichy,5
vichyssoise,11
vicia,5
vicinal,7
vicinity,8
vicious,7
viciously,9
viciousness,11
vicissitude,11
vicksburg,9
victim,6
victimisation,13
victimise,9
victimised,10
victimiser,10
victimization,13
victimize,9
victimized,10
victimizer,10
victor,6
victoria,8
victorian,9
victoriana,10
victorious,10
victoriously,12
victory,7
victrola,8
victual,7
victualer,9
victualler,10
victuals,8
vicugna,7
vicuna,6
vidal,5
vidalia,7
vidar,5
videlicet,9
video,5
videocassette,13
videodisc,9
videodisk,9
videotape,9
vidua,5
vienna,6
vienne,6
viennese,8
vientiane,9
vieques,7
vietnam,7
vietnamese,10
view,4
viewable,8
viewer,6
viewers,7
viewfinder,10
viewgraph,9
viewing,7
viewless,8
viewpoint,9
vigesimal,9
vigil,5
vigilance,9
vigilant,8
vigilante,9
vigilantism,11
vigilantly,10
vigna,5
vignette,8
vigor,5
vigorish,8
vigorous,8
vigorously,10
vigour,6
viii,4
viking,6
vila,4
vile,4
vilely,6
vileness,8
vilification,12
vilifier,8
vilify,6
vilipend,8
villa,5
village,7
villager,8
villahermosa,12
villain,7
villainage,10
villainess,10
villainous,10
villainousness,14
villainy,8
villard,7
villein,7
villeinage,10
villoma,7
villon,6
villus,6
vilna,5
vilnius,7
vilno,5
viminaria,9
vinaceous,9
vinaigrette,11
vinblastine,11
vinca,5
vincetoxicum,12
vincible,8
vincristine,11
vindicate,9
vindicated,10
vindication,11
vindicator,10
vindicatory,11
vindictive,10
vindictively,12
vindictiveness,14
vine,4
vinegar,7
vinegariness,12
vinegarish,10
vinegarishness,14
vinegarroon,11
vinegarweed,11
vinegary,8
vinery,6
vineyard,8
viniculture,11
vinifera,8
vinification,12
vinify,6
vino,4
vinogradoff,11
vinous,6
vinson,6
vintage,7
vintager,8
vintner,7
vinyl,5
vinylbenzene,12
vinylite,8
viocin,6
viol,4
viola,5
violable,8
violaceae,9
violate,7
violated,8
violation,9
violative,9
violator,8
violence,8
violent,7
violently,9
violet,6
violin,6
violinist,9
violist,7
violoncellist,13
violoncello,11
viomycin,8
viosterol,9
vioxx,5
viper,5
vipera,6
viperidae,9
viracept,8
viraemia,8
virago,6
viral,5
viramune,8
virazole,8
virchow,7
viremia,7
vireo,5
vireonidae,10
virga,5
virgil,6
virgilia,8
virgin,6
virginal,8
virginia,8
virginian,9
virginity,9
virgo,5
virgule,7
viricidal,9
viricide,8
viridity,8
virile,6
virilisation,12
virilise,8
virilism,8
virility,8
virilization,12
virilize,8
virino,6
virion,6
viroid,6
virological,11
virologist,10
virology,8
virtu,5
virtual,7
virtually,9
virtue,6
virtuosity,10
virtuoso,8
virtuous,8
virtuously,10
virtuousness,12
virucidal,9
virucide,8
virulence,9
virulency,9
virulent,8
virulently,10
virus,5
virusoid,8
visa,4
visage,6
visaged,7
visayan,7
viscaceae,9
viscacha,8
viscera,7
visceral,8
viscerally,10
viscid,6
viscidity,9
viscidly,8
viscidness,10
viscoelastic,12
viscometer,10
viscometric,11
viscometry,10
visconti,8
viscose,7
viscosimeter,12
viscosimetric,13
viscosimetry,12
viscosity,9
viscount,8
viscountcy,10
viscountess,11
viscounty,9
viscous,7
viscousness,11
viscum,6
viscus,6
vise,4
viselike,8
vishnu,6
vishnuism,9
visibility,10
visible,7
visibleness,11
visibly,7
visigoth,8
vision,6
visionary,9
visit,5
visitant,8
visitation,10
visiting,8
visitor,7
visken,6
visor,5
visored,7
vista,5
vistaril,8
vistula,7
visual,6
visualisation,13
visualise,9
visualised,10
visualiser,10
visualization,13
visualize,9
visualized,10
visualizer,10
visually,8
vitaceae,8
vital,5
vitalisation,12
vitalise,8
vitaliser,9
vitalism,8
vitalist,8
vitality,8
vitalization,12
vitalize,8
vitalizer,9
vitalizing,10
vitally,7
vitalness,9
vitals,6
vitamin,7
vitaminise,10
vitaminize,10
vitellus,8
vithar,6
vitharr,7
vitiate,7
vitiated,8
vitiation,9
viticulture,11
viticulturist,13
vitidaceae,10
vitiliginous,12
vitiligo,8
vitis,5
vitrectomy,10
vitreous,8
vitrification,13
vitrified,9
vitrify,7
vitrine,7
vitriol,7
vitriolic,9
vitriolically,13
vittaria,8
vittariaceae,12
vituperate,10
vituperation,12
vituperative,12
vitus,5
viva,4
vivace,6
vivacious,9
vivaciously,11
vivacity,8
vivaldi,7
vivarium,8
viverra,7
viverricula,11
viverridae,10
viverrinae,10
viverrine,9
vivid,5
vividly,7
vividness,9
vivification,12
vivify,6
viviparous,10
vivisect,8
vivisection,11
vivisectionist,14
vixen,5
vixenish,8
viyella,7
vizcaino,8
vizier,6
viziership,10
vizor,5
vizsla,6
vladivostok,11
vlaminck,8
vldl,4
vocable,7
vocabulary,10
vocal,5
vocalic,7
vocalisation,12
vocalise,8
vocaliser,9
vocalism,8
vocalist,8
vocalization,12
vocalize,8
vocalizer,9
vocalizing,10
vocally,7
vocation,8
vocational,10
vocationally,12
vocative,8
vociferate,10
vociferation,12
vociferator,11
vociferous,10
vociferously,12
vodka,5
vodoun,6
vogue,5
voguish,7
vogul,5
voice,5
voiced,6
voiceless,9
voicelessness,13
voicemail,9
voiceprint,10
voicer,6
voicing,7
void,4
voidable,8
voidance,8
voider,6
voiding,7
voile,5
volaille,8
volans,6
volant,6
volapuk,7
volar,5
volary,6
volatile,8
volatilisable,13
volatilise,10
volatilised,11
volatility,10
volatilizable,13
volatilize,10
volatilized,11
volcanic,8
volcanically,12
volcanism,9
volcano,7
volcanology,11
vole,4
volga,5
volgaic,7
volgograd,9
volition,8
volitional,10
volitionally,12
volkhov,7
volley,6
volleyball,10
volt,4
volta,5
voltage,7
voltaic,7
voltaire,8
voltarean,9
voltaren,8
voltarian,9
voltmeter,9
volubility,10
voluble,7
volubly,7
volume,6
volumed,7
volumeter,9
volumetric,10
volumetrical,12
volumetrically,14
voluminosity,12
voluminous,10
voluminousness,14
volund,6
voluntarily,11
voluntary,9
volunteer,9
voluptuary,10
voluptuous,10
voluptuously,12
voluptuousness,14
volute,6
voluted,7
volution,8
volva,5
volvaria,8
volvariaceae,12
volvariella,11
volvocaceae,11
volvocales,10
volvox,6
volvulus,8
vombatidae,10
vomer,5
vomit,5
vomiter,7
vomiting,8
vomitive,8
vomitory,8
vomitus,7
vonnegut,8
voodoo,6
voodooism,9
voracious,9
voraciously,11
voraciousness,13
voracity,8
vortex,6
vorticella,10
votary,6
vote,4
voteless,8
voter,5
voting,6
votive,6
votyak,6
vouch,5
vouchee,7
voucher,7
vouchsafe,9
vouge,5
voussoir,8
vouvray,7
vowel,5
vowelise,8
vowelize,8
vowellike,9
vower,5
voyage,6
voyager,7
voyeur,6
voyeurism,9
voyeuristic,11
voyeuristical,13
voyeuristically,15
voznesenski,11
vroom,5
vuillard,8
vulcan,6
vulcanisation,13
vulcanise,9
vulcanised,10
vulcaniser,10
vulcanite,9
vulcanization,13
vulcanize,9
vulcanized,10
vulcanizer,10
vulcanology,11
vulgar,6
vulgarian,9
vulgarisation,13
vulgarise,9
vulgariser,10
vulgarism,9
vulgarity,9
vulgarization,13
vulgarize,9
vulgarizer,10
vulgarly,8
vulgate,7
vulnerability,13
vulnerable,10
vulnerably,10
vulpecula,9
vulpecular,10
vulpes,6
vulpine,7
vultur,6
vulture,7
vulturine,9
vulturous,9
vulva,5
vulval,6
vulvar,6
vulvectomy,10
vulvitis,8
vulvovaginitis,14
wabash,6
wackily,7
wacko,5
wacky,5
waco,4
wadding,7
waddle,6
waddler,7
wade,4
wader,5
waders,6
wadi,4
wading,6
wads,4
wafer,5
waffle,6
waffler,7
waft,4
wafture,7
wage,4
wager,5
wagerer,7
wages,5
waggery,7
waggish,7
waggishly,9
waggishness,11
waggle,6
waggon,6
waggoner,8
waggonwright,12
wagner,6
wagnerian,9
wagon,5
wagoner,7
wagonwright,11
wagram,6
wagtail,7
wahabi,6
wahabism,8
wahhabi,7
wahhabism,9
wahoo,5
wahunsonacock,13
wahvey,6
waif,4
waikiki,7
wail,4
wailer,6
wailful,7
wailing,7
wain,4
wainscot,8
wainscoted,10
wainscoting,11
wainscotting,12
wainwright,10
waist,5
waistband,9
waistcloth,10
waistcoat,9
waistline,9
wait,4
waite,5
waiter,6
waiting,7
waitress,8
waive,5
waiver,6
wajda,5
wakashan,8
wake,4
wakeboard,9
wakeful,7
wakefulness,11
wakeless,8
waken,5
wakening,8
waker,5
waking,6
walapai,7
walbiri,7
waldenses,9
waldheim,8
waldmeister,11
wale,4
wales,5
walesa,6
walhalla,8
walk,4
walkabout,9
walkaway,8
walker,6
walking,7
walkingstick,12
walkman,7
walkout,7
walkover,8
walkway,7
wall,4
wallaby,7
wallace,7
wallah,6
wallboard,9
wallenstein,11
waller,6
wallet,6
walleye,7
walleyed,8
wallflower,10
walloon,7
walloons,8
wallop,6
walloper,8
walloping,9
wallow,6
wallpaper,9
wallpaperer,11
wally,5
walnut,6
walpole,7
walrus,6
walter,6
walton,6
waltz,5
waltzer,7
wamble,6
wampanoag,9
wampee,6
wampum,6
wampumpeag,10
wanamaker,9
wand,4
wandala,7
wander,6
wanderer,8
wandering,9
wanderlust,10
wandflower,10
wane,4
wangle,6
wangler,7
wangling,8
waning,6
wank,4
wanker,6
wanly,5
wannabe,7
wannabee,8
wanness,7
want,4
wanted,6
wanter,6
wanting,7
wanton,6
wantonly,8
wantonness,10
wapiti,6
waratah,7
warble,6
warbler,7
warburg,7
ward,4
warden,6
wardenship,10
warder,6
wardership,10
wardress,8
wardrobe,8
wardroom,8
ware,4
warehouse,9
warehouseman,12
warehouser,10
warehousing,11
warfare,7
warfarin,8
warhead,7
warhol,6
warhorse,8
warily,6
wariness,8
warji,5
warlike,7
warlock,7
warlord,7
warlpiri,8
warm,4
warmed,6
warmer,6
warmhearted,11
warmheartedness,15
warming,7
warmly,6
warmness,8
warmonger,9
warmongering,12
warmth,6
warn,4
warner,6
warning,7
warp,4
warpath,7
warped,6
warping,7
warplane,8
warragal,8
warrant,7
warrantee,9
warranter,9
warrantor,9
warranty,8
warren,6
warrener,8
warrigal,8
warring,7
warrior,7
warriorlike,11
warsaw,6
warship,7
warszawa,8
wart,4
warthog,7
wartime,7
wartlike,8
wartweed,8
wartwort,8
warty,5
warwick,7
wary,4
wasabi,6
wash,4
washable,8
washables,9
washbasin,9
washboard,9
washbowl,8
washcloth,9
washday,7
washed,6
washer,6
washerman,9
washerwoman,11
washhouse,9
washing,7
washington,10
washingtonian,13
washout,7
washrag,7
washroom,8
washstand,9
washtub,7
washup,6
washwoman,9
washy,5
wasp,4
waspish,7
wassail,7
wassailer,9
wassermann,10
wastage,7
waste,5
wastebasket,11
wastebin,8
wasted,6
wasteful,8
wastefully,10
wastefulness,12
wasteland,9
waster,6
wastewater,10
wasteweir,9
wasteyard,9
wasting,7
wastrel,7
watch,5
watchband,9
watchdog,8
watcher,7
watchful,8
watchfully,10
watchfulness,12
watching,8
watchmaker,10
watchman,8
watchstrap,10
watchtower,10
watchword,9
water,5
waterbird,9
waterborne,10
waterbuck,9
waterbury,9
watercannon,11
watercolor,10
watercolorist,13
watercolour,11
watercolourist,14
watercourse,11
watercraft,10
watercress,10
waterdog,8
watered,7
waterer,7
waterfall,9
waterfinder,11
waterford,9
waterfowl,9
waterfront,10
watergate,9
wateriness,10
watering,8
waterleaf,9
waterless,9
waterlessness,13
waterline,9
waterlogged,11
waterloo,8
waterman,8
watermark,9
watermeal,9
watermelon,10
waterpower,10
waterproof,10
waterproofed,12
waterproofing,13
waters,6
waterscape,10
watershed,9
waterside,9
waterskin,9
waterspout,10
watertight,10
watertown,9
waterway,8
waterweed,9
waterwheel,10
waterworks,10
waterworn,9
watery,6
wats,4
watson,6
watt,4
wattage,7
watteau,7
wattle,6
wattmeter,9
watts,5
watusi,6
watutsi,7
waugh,5
waul,4
wausau,6
wave,4
waveband,8
waveform,8
wavefront,9
waveguide,9
wavelength,10
wavelet,7
wavelike,8
wavell,6
waver,5
waverer,7
wavering,8
waviness,8
waving,6
wavy,4
wawl,4
waxberry,8
waxed,5
waxen,5
waxflower,9
waxiness,8
waxing,6
waxlike,7
waxmallow,9
waxwing,7
waxwork,7
waxy,4
waxycap,7
waybill,7
wayfarer,8
wayfaring,9
wayland,7
waylay,6
wayne,5
ways,4
wayside,7
wayward,7
weak,4
weaken,6
weakened,8
weakener,8
weakening,9
weakfish,8
weakling,8
weakly,6
weakness,8
weal,4
weald,5
wealth,6
wealthily,9
wealthiness,11
wealthy,7
wean,4
weaned,6
weaning,7
weapon,6
weaponed,8
weaponize,9
weaponless,10
weaponry,8
wear,4
wearable,8
wearer,6
wearied,7
wearily,7
weariness,9
wearing,7
wearisome,9
weary,5
wearying,8
weasel,6
weather,7
weatherboard,12
weatherboarding,15
weathercock,11
weathered,9
weatherglass,12
weatherliness,13
weatherly,9
weatherman,10
weatherproof,12
weatherstrip,12
weathervane,11
weatherworn,11
weave,5
weaver,6
weaverbird,10
weaving,7
webb,4
webbed,6
webbing,7
webby,5
webcam,6
weber,5
webfoot,7
weblike,7
webmaster,9
webpage,7
website,7
webster,7
webworm,7
wedded,6
wedding,7
wedel,5
wedge,5
wedged,6
wedgie,6
wedgwood,8
wedlock,7
wednesday,9
weed,4
weeder,6
weedkiller,10
weedless,8
weeds,5
weedy,5
week,4
weekday,7
weekend,7
weekender,9
weeklong,8
weekly,6
weeknight,9
weeness,7
weenie,6
weensy,6
weeny,5
weep,4
weeper,6
weepiness,9
weeping,7
weepy,5
weevil,6
weewee,6
weft,4
wegener,7
weigela,7
weigh,5
weighbridge,11
weigher,7
weighing,8
weight,6
weighted,8
weightily,9
weightiness,11
weighting,9
weightless,10
weightlessness,14
weightlift,10
weightlifter,12
weightlifting,13
weighty,7
weil,4
weill,5
weimar,6
weimaraner,10
weinberg,8
weir,4
weird,5
weirdie,7
weirdly,7
weirdness,9
weirdo,6
weirdy,6
weisenheimer,12
weismann,8
weissbier,9
weisshorn,9
weizenbier,10
weizenbock,10
weizmann,8
weka,4
welch,5
welcher,7
welcome,7
welcomer,8
welcoming,9
weld,4
welder,6
welding,7
weldment,8
welfare,7
welfarist,9
welkin,6
well,4
wellbeing,9
wellborn,8
wellerism,9
welles,6
wellhead,8
wellington,10
wellness,8
wellpoint,9
wells,5
wellspring,10
welsh,5
welsher,7
welshman,8
welt,4
weltanschauung,14
welter,6
welterweight,12
weltschmerz,11
welty,5
welwitschia,11
welwitschiaceae,15
wembley,7
wench,5
wencher,7
wend,4
werewolf,8
werfel,6
wernicke,8
weser,5
wesley,6
wesleyan,8
wesleyanism,11
wesleyism,9
wessex,6
west,4
westbound,9
wester,6
westerly,8
western,7
westerner,9
westernisation,14
westernise,10
westernization,14
westernize,10
westernmost,11
westinghouse,12
westminster,11
westmost,8
weston,6
westside,8
westward,8
westwards,9
wetback,7
wether,6
wetland,7
wetness,7
wetnurse,8
wetter,6
wetting,7
whack,5
whacked,7
whacker,7
whacking,8
whacko,6
whacky,6
whale,5
whaleboat,9
whalebone,9
whaler,6
whalesucker,11
wham,4
whammy,6
whang,5
whap,4
wharf,5
wharfage,8
wharton,7
whatchamacallit,15
whatchamacallum,15
whatever,8
whatnot,7
whatsis,7
whatsoever,10
wheal,5
wheat,5
wheatear,8
wheaten,7
wheatfield,10
wheatflake,10
wheatgrass,10
wheatley,8
wheatstone,10
wheatworm,9
wheedle,7
wheedler,8
wheedling,9
wheel,5
wheelbarrow,11
wheelbase,9
wheelchair,10
wheeled,7
wheeler,7
wheelhouse,10
wheeling,8
wheelless,9
wheelwork,9
wheelwright,11
wheeze,6
wheezily,8
wheeziness,10
wheezing,8
wheezingly,10
wheezy,6
whelk,5
whelm,5
whelp,5
whence,6
whereabouts,11
wherefore,9
wheresoever,11
wherever,8
wherewithal,11
wherry,6
whet,4
whetstone,9
whey,4
whicker,7
whidah,6
whiff,5
whiffer,7
whiffletree,11
whig,4
while,5
whim,4
whimper,7
whimsey,7
whimsical,9
whimsicality,12
whimsically,11
whimsy,6
whin,4
whinberry,9
whinchat,8
whine,5
whiner,6
whiney,6
whinny,6
whinstone,9
whiny,5
whip,4
whipcord,8
whiplash,8
whiplike,8
whipper,7
whippersnapper,14
whippet,7
whipping,8
whippletree,11
whippoorwill,12
whippy,6
whipsaw,7
whipsnake,9
whipstitch,10
whipstitching,13
whiptail,8
whir,4
whirl,5
whirlaway,9
whirler,7
whirligig,9
whirling,8
whirlpool,9
whirlwind,9
whirlybird,10
whirr,5
whirring,8
whish,5
whisk,5
whisker,7
whiskered,9
whiskerless,11
whiskers,8
whiskery,8
whiskey,7
whisky,6
whisper,7
whispered,9
whisperer,9
whispering,10
whist,5
whistle,7
whistleblower,13
whistler,8
whistlestop,11
whistling,9
whit,4
white,5
whitebait,9
whitecap,8
whitecup,8
whiteface,9
whitefish,9
whitefly,8
whitehall,9
whitehead,9
whitehorse,10
whitelash,9
whiten,6
whitened,8
whitener,8
whiteness,9
whitening,9
whiteout,8
whitetail,9
whitethorn,10
whitethroat,11
whitewash,9
whitewashed,11
whitewater,10
whitewood,9
whitey,6
whiting,7
whitish,7
whitlavia,9
whitlow,7
whitlowwort,11
whitman,7
whitmonday,10
whitney,7
whitsun,7
whitsunday,10
whitsuntide,11
whittier,8
whittle,7
whittler,8
whitweek,8
whiz,4
whizbang,8
whizz,5
whizzbang,9
whodunit,8
whole,5
wholehearted,12
wholeheartedly,14
wholemeal,9
wholeness,9
wholesale,9
wholesaler,10
wholesome,9
wholesomely,11
wholesomeness,13
wholly,6
whomp,5
whoop,5
whoopee,7
whooper,7
whoosh,6
whop,4
whopper,7
whopping,8
whore,5
whoredom,8
whorehouse,10
whoremaster,11
whoremonger,11
whoreson,8
whorl,5
whorled,7
whorlywort,10
whortleberry,12
whydah,6
wicca,5
wiccan,6
wichita,7
wick,4
wicked,6
wickedly,8
wickedness,10
wicker,6
wickerwork,10
wicket,6
wickiup,7
wickliffe,9
wickup,6
wiclif,6
wicopy,6
wide,4
wideband,8
widely,6
widen,5
wideness,8
widening,8
widespread,10
widgeon,7
widget,6
widow,5
widowed,7
widower,7
widowhood,9
widowman,8
width,5
wieland,7
wield,5
wieldy,6
wiener,6
wienerwurst,11
wiesbaden,9
wiesel,6
wiesenboden,11
wiesenthal,10
wife,4
wifelike,8
wifely,6
wiffle,6
wifi,4
wigeon,6
wigged,6
wigging,7
wiggle,6
wiggler,7
wiggliness,10
wiggly,6
wight,5
wigless,7
wigmaker,8
wigner,6
wigwag,6
wigwam,6
wikiup,6
wild,4
wildcat,7
wildcatter,10
wilde,5
wildebeest,10
wilder,6
wilderness,10
wildfire,8
wildflower,10
wildfowl,8
wilding,7
wildlife,8
wildly,6
wildness,8
wile,4
wilful,6
wilfully,8
wilfulness,10
wiliness,8
wilkes,6
wilkins,7
wilkinson,9
will,4
willamette,10
willard,7
willebrand,10
willet,6
willful,7
willfully,9
willfulness,11
williams,8
williamstown,12
willies,7
willing,7
willingly,9
willingness,11
willis,6
willow,6
willowherb,10
willowware,10
willowy,7
willpower,9
wilmington,10
wilmut,6
wilno,5
wilson,6
wilsonian,9
wilt,4
wilted,6
wilting,7
wilton,6
wily,4
wimble,6
wimbledon,9
wimp,4
wimpish,7
wimple,6
wimpy,5
wince,5
wincey,6
winceyette,10
winch,5
winchester,10
winckelmann,11
wind,4
windage,7
windaus,7
windbag,7
windblown,9
windbreak,9
windbreaker,11
windburn,8
windburned,10
windburnt,9
windcheater,11
winded,6
winder,6
windfall,8
windflower,10
windhoek,8
windily,7
windiness,9
winding,7
windjammer,10
windlass,8
windless,8
windlessness,12
windmill,8
window,6
windowpane,10
windows,7
windowsill,10
windpipe,8
windscreen,10
windshield,10
windsock,8
windsor,7
windstorm,9
windsurf,8
windswept,9
windtalker,10
windup,6
windward,8
windy,5
wine,4
wineberry,9
wineglass,9
winemaker,9
winemaking,10
winepress,9
winery,6
winesap,7
wineskin,8
winey,5
winfred,7
wing,4
wingback,8
winged,6
winger,6
wingless,8
winglike,8
wingman,7
wings,5
wingspan,8
wingspread,10
wingstem,8
wink,4
winker,6
winking,7
winkle,6
winless,7
winnebago,9
winner,6
winning,7
winnings,8
winnipeg,8
winnow,6
winnowing,9
wino,4
winslow,7
winsome,7
winsomely,9
winsomeness,11
winter,6
wintera,7
winteraceae,11
winterberry,11
wintergreen,11
winterise,9
winterize,9
wintertime,10
wintery,7
wintry,6
wintun,6
winy,4
wipe,4
wipeout,7
wiper,5
wire,4
wired,5
wirehair,8
wireless,8
wireman,7
wirer,5
wiretap,7
wiretapper,10
wirework,8
wireworm,8
wiriness,8
wiring,6
wiry,4
wisconsin,9
wisconsinite,12
wisdom,6
wise,4
wiseacre,8
wisecrack,9
wisely,6
wiseness,8
wisenheimer,11
wisent,6
wish,4
wishbone,8
wishful,7
wishfully,9
wishfulness,11
wishing,7
wisp,4
wisplike,8
wispy,5
wistaria,8
wister,6
wisteria,8
wistful,7
wistfully,9
wistfulness,11
witch,5
witchcraft,10
witchery,8
witchgrass,10
witching,8
witchlike,9
withal,6
withdraw,8
withdrawal,10
withdrawer,10
withdrawn,9
withdrawnness,13
withe,5
wither,6
withered,8
withering,9
witheringly,11
withers,7
witherspoon,11
withhold,8
withholder,10
withholding,11
within,6
withstand,9
withstander,11
withy,5
witless,7
witloof,7
witness,7
witnesser,9
wits,4
wittgenstein,12
wittgensteinian,15
witticism,9
wittily,7
wittiness,9
witting,7
wittingly,9
wittol,6
witty,5
witwatersrand,13
wive,4
wivern,6
wizard,6
wizardly,8
wizardry,8
wizen,5
wizened,7
wlan,4
woad,4
woadwaxen,9
wobble,6
wobbler,7
wobbling,8
wobbly,6
wodan,5
wodehouse,9
woden,5
woebegone,9
woeful,6
woefully,8
woefulness,10
wold,4
wolf,4
wolfbane,8
wolfe,5
wolff,5
wolffia,7
wolffiella,10
wolffish,8
wolfhound,9
wolfish,7
wolfishly,9
wolflike,8
wolfman,7
wolfram,7
wolframite,10
wolfsbane,9
wollaston,9
wollastonite,12
wollstonecraft,14
wolof,5
wolverine,9
woman,5
womanhood,9
womanise,8
womaniser,9
womanish,8
womanishness,12
womanize,8
womanizer,9
womankind,9
womanlike,9
womanliness,11
womanly,7
womb,4
wombat,6
wonder,6
wonderberry,11
wonderer,8
wonderful,9
wonderfully,11
wonderfulness,13
wondering,9
wonderingly,11
wonderland,10
wonderment,10
wonderworking,13
wondrous,8
wondrously,10
wonk,4
wonky,5
wont,4
wonted,6
wonton,6
wood,4
woodbine,8
woodborer,9
woodbury,8
woodcarver,10
woodcarving,11
woodchuck,9
woodcock,8
woodcraft,9
woodcreeper,11
woodcut,7
woodcutter,10
wooded,6
wooden,6
woodenly,8
woodenness,10
woodenware,10
woodfern,8
woodgrain,9
woodgraining,12
woodhewer,9
woodhull,8
woodiness,9
woodland,8
woodlet,7
woodlouse,9
woodman,7
woodpecker,10
woodpile,8
woodruff,8
woods,5
woodscrew,9
woodshed,8
woodsia,7
woodsiness,10
woodsman,8
woodsy,6
woodward,8
woodwardia,10
woodwaxen,9
woodwind,8
woodwork,8
woodworker,10
woodworking,11
woodworm,8
woody,5
wooer,5
woof,4
woofer,6
wooing,6
wool,4
woolen,6
woolf,5
woolgather,10
woolgatherer,12
woolgathering,13
woollcott,9
woollen,7
woolley,7
woolly,6
woolsorter,10
woolworth,9
wooly,5
woosh,5
woozy,5
worcester,9
worcestershire,14
word,4
wordbook,8
wordfinder,10
wordily,7
wordiness,9
wording,7
wordless,8
wordlessly,10
wordmonger,10
wordnet,7
wordplay,8
words,5
wordsmith,9
wordsworth,10
wordsworthian,13
wordy,5
work,4
workable,8
workaday,8
workaholic,10
workaholism,11
workbag,7
workbasket,10
workbench,9
workboard,9
workbook,8
workbox,7
workday,7
worker,6
workfellow,10
workflow,8
workforce,9
workhorse,9
workhouse,9
working,7
workingman,10
workings,8
workload,8
workman,7
workmanlike,11
workmanship,11
workmate,8
workout,7
workpiece,9
workplace,9
workroom,8
works,5
worksheet,9
workshop,8
workspace,9
workstation,11
worktable,9
workwear,8
workweek,8
world,5
worldliness,11
worldling,9
worldly,7
worldwide,9
worm,4
wormcast,8
wormhole,8
wormlike,8
wormseed,8
wormwood,8
wormy,5
worn,4
worried,7
worriedly,9
worrier,7
worriment,9
worrisome,9
worry,5
worrying,8
worryingly,10
worrywart,9
worse,5
worsen,6
worsened,8
worsening,9
worship,7
worshiper,9
worshipful,10
worshipped,10
worshipper,10
worst,5
worsted,7
wort,4
worth,5
worthful,8
worthily,8
worthiness,10
worthless,9
worthlessly,11
worthlessness,13
worthwhile,10
worthwhileness,14
worthy,6
wotan,5
wouk,4
wound,5
wounded,7
wounding,8
woven,5
wrack,5
wraith,6
wraithlike,10
wrangle,7
wrangler,8
wrangling,9
wrap,4
wraparound,10
wrapped,7
wrapper,7
wrapping,8
wrasse,6
wrath,5
wrathful,8
wrathfully,10
wrawl,5
wreak,5
wreath,6
wreathe,7
wreck,5
wreckage,8
wrecked,7
wrecker,7
wreckfish,9
wrecking,8
wren,4
wrench,6
wrenching,9
wrest,5
wrester,7
wrestle,7
wrestler,8
wrestling,9
wretch,6
wretched,8
wretchedly,10
wretchedness,12
wrick,5
wriggle,7
wriggler,8
wriggling,9
wriggly,7
wright,6
wring,5
wringer,7
wrinkle,7
wrinkled,8
wrinkleless,11
wrinkleproof,12
wrinkly,7
wrist,5
wristband,9
wristlet,8
wristwatch,10
writ,4
write,5
writer,6
writhe,6
writhed,7
writhen,7
writhing,8
writing,7
writings,8
written,7
wroclaw,7
wrong,5
wrongdoer,9
wrongdoing,10
wrongful,8
wrongfully,10
wrongfulness,12
wrongheaded,11
wrongheadedly,13
wrongly,7
wrongness,9
wroth,5
wrothful,8
wrought,7
wryly,5
wrymouth,8
wryneck,7
wuerzburg,9
wuhan,5
wulfenite,9
wulfila,7
wurlitzer,9
wurtzite,8
wurzburg,8
wuss,4
wyat,4
wyatt,5
wycherley,9
wyclif,6
wycliffe,8
wyeth,5
wykeham,7
wykehamist,10
wyler,5
wylie,5
wynette,7
wynfrith,8
wynnea,6
wyoming,7
wyomingite,10
wyrd,4
wysiwyg,7
wyszynski,9
wytensin,8
wyvern,6
xanax,5
xanthate,8
xanthelasma,11
xanthemia,9
xanthine,8
xanthium,8
xanthoma,8
xanthomatosis,13
xanthomonad,11
xanthomonas,11
xanthophyceae,13
xanthophyl,10
xanthophyll,11
xanthopsia,10
xanthorroea,11
xanthosis,9
xanthosoma,10
xanthous,8
xantusiidae,11
xavier,6
xcii,4
xciii,5
xciv,4
xcvi,4
xcvii,5
xcviii,6
xenarthra,9
xenicidae,9
xenicus,7
xenogeneic,10
xenogenesis,11
xenograft,9
xenolith,8
xenon,5
xenophanes,10
xenophobia,10
xenophobic,10
xenophon,8
xenopodidae,11
xenopus,7
xenorhyncus,11
xenosauridae,12
xenosaurus,10
xenotime,8
xenotransplant,14
xeranthemum,11
xeric,5
xerobates,9
xeroderma,9
xerodermia,10
xerographic,11
xerography,10
xeroma,6
xerophile,9
xerophthalmia,13
xerophthalmus,13
xerophyllum,11
xerophyte,9
xerophytic,10
xeroradiography,15
xerostomia,10
xerotes,7
xerox,5
xhosa,5
xian,4
xiii,4
xinjiang,8
xiphias,7
xiphiidae,9
xiphosura,9
xizang,6
xlii,4
xliii,5
xliv,4
xlvi,4
xlvii,5
xlviii,6
xmas,4
xvii,4
xviii,5
xxii,4
xxiii,5
xxiv,4
xxix,4
xxvi,4
xxvii,5
xxviii,6
xxxi,4
xxxii,5
xxxiii,6
xxxiv,5
xxxv,4
xxxvi,5
xxxvii,6
xxxviii,7
xylaria,7
xylariaceae,11
xylem,5
xylene,6
xylocaine,9
xylocopa,8
xylol,5
xylomelum,9
xylophone,9
xylophonist,11
xylopia,7
xylose,6
xylosma,7
xyphophorus,11
xyridaceae,10
xyridales,9
xyris,5
yacca,5
yacht,5
yachting,8
yachtsman,9
yachtswoman,11
yack,4
yafo,4
yagi,4
yahi,4
yahoo,5
yahve,5
yahveh,6
yahwe,5
yahweh,6
yakima,6
yakut,5
yakuza,6
yale,4
yalta,5
yaltopya,8
yalu,4
yama,4
yamaltu,7
yamamoto,8
yamani,6
yammer,6
yamoussukro,11
yana,4
yanan,5
yang,4
yangon,6
yangtze,7
yank,4
yankee,6
yanker,6
yanquapin,9
yaounde,7
yard,4
yardage,7
yardarm,7
yardbird,8
yarder,6
yardgrass,9
yardie,6
yardman,7
yardmaster,10
yardstick,9
yarmelke,8
yarmulka,8
yarmulke,8
yarn,4
yarrow,6
yashmac,7
yashmak,7
yastrzemski,11
yataghan,8
yatobyo,7
yaup,4
yautia,6
yavapai,7
yawl,4
yawn,4
yawner,6
yawning,7
yawp,4
yaws,4
yazoo,5
ybit,4
yeah,4
year,4
yearbook,8
yearling,8
yearlong,8
yearly,6
yearn,5
yearner,7
yearning,8
yearningly,10
years,5
yeast,5
yeastlike,9
yeasty,6
yeats,5
yeatsian,8
yeddo,5
yedo,4
yekaterinoslav,14
yell,4
yelled,6
yeller,6
yelling,7
yellow,6
yellowbird,10
yellowcake,10
yellowed,8
yellowfin,9
yellowhammer,12
yellowish,9
yellowknife,11
yellowlegs,10
yellowness,10
yellowstone,11
yellowtail,10
yellowthroat,12
yellowwood,10
yelp,4
yelping,7
yemen,5
yemeni,6
yenisei,7
yeniseian,9
yenisey,7
yenta,5
yeoman,6
yeomanry,8
yerevan,7
yerkes,6
yersin,6
yerupaja,8
yeshiva,7
yeshivah,8
yesterday,9
yesteryear,10
yeti,4
yevtushenko,11
yezo,4
ygdrasil,8
yggdrasil,9
yhvh,4
yhwh,4
yibit,5
yiddish,7
yield,5
yielder,7
yielding,8
yieldingly,10
yips,4
yisrael,7
ylem,4
ymir,4
yobbo,5
yobibit,7
yobibyte,8
yobo,4
yodel,5
yodeling,8
yodeller,8
yodh,4
yoga,4
yogacara,8
yoghourt,8
yoghurt,7
yogi,4
yogic,5
yogistic,8
yogurt,6
yoke,4
yokel,5
yokelish,8
yokohama,8
yokuts,6
yolk,4
yonder,6
yore,4
york,4
yorkshire,9
yorktown,8
yoruba,6
yosemite,8
yottabit,8
yottabyte,9
young,5
younger,7
youngish,8
youngness,9
youngster,9
youngstown,10
younker,7
youth,5
youthful,8
youthfully,10
youthfulness,12
yowl,4
ypres,5
yquem,5
ytterbite,9
ytterbium,9
yttrium,7
yuan,4
yucatan,7
yucatec,7
yucateco,8
yucca,5
yucky,5
yugoslav,8
yugoslavia,10
yugoslavian,11
yukawa,6
yukon,5
yule,4
yuletide,8
yuma,4
yuman,5
yummy,5
yunnan,6
yuppie,6
yurt,4
zaar,4
zabaglione,10
zabrze,6
zacharias,9
zaftig,6
zaglossus,9
zagreb,6
zaharias,8
zaire,5
zairean,7
zairese,7
zakat,5
zalcitabine,11
zalophus,8
zama,4
zaman,5
zamang,6
zambezi,7
zambia,6
zambian,7
zamboni,7
zamia,5
zamiaceae,9
zangwill,8
zannichellia,12
zantac,6
zantedeschia,12
zanthoxylum,11
zanuck,6
zany,4
zanzibar,8
zapata,6
zapodidae,9
zapotec,7
zapotecan,9
zapper,6
zapus,5
zaragoza,8
zarathustra,11
zarf,4
zaria,5
zarontin,8
zarpanit,8
zarqa,5
zayin,5
zbit,4
zeal,4
zealand,7
zealander,9
zealot,6
zealotry,8
zealous,7
zealously,9
zeaxanthin,10
zebibit,7
zebibyte,8
zebra,5
zebrawood,9
zebu,4
zechariah,9
zeeman,6
zeidae,6
zeitgeist,9
zenaidura,9
zend,4
zenith,6
zenithal,8
zeno,4
zeolite,7
zeomorphi,9
zephaniah,9
zephyr,6
zeppelin,8
zeppo,5
zero,4
zeroth,6
zest,4
zestful,7
zestfully,9
zestfulness,11
zestily,7
zestril,7
zesty,5
zeta,4
zetland,7
zettabit,8
zettabyte,9
zeugma,6
zeus,4
zhou,4
zhuang,6
zhukov,6
zibit,5
zidovudine,10
ziegfeld,8
ziegler,7
zigadene,8
zigadenus,9
ziggurat,8
zigzag,6
zikkurat,8
zikurat,7
zilch,5
zill,4
zillion,7
zimbabwe,8
zimbabwean,10
zimbalist,9
zimmer,6
zinacef,7
zinc,4
zinfandel,9
zing,4
zinger,6
zingiber,8
zingiberaceae,13
zinjanthropus,13
zinkenite,9
zinnemann,9
zinnia,6
zinnwaldite,11
zinsser,7
zinzendorf,10
zion,4
zionism,7
zionist,7
ziphiidae,9
zipper,6
zippo,5
zippy,5
zirbanit,8
zircon,6
zirconia,8
zirconium,9
zither,6
zithern,7
zithromax,9
ziti,4
zizania,7
ziziphus,8
zizz,4
zloty,5
zoanthropy,10
zoarces,7
zoarcidae,9
zocor,5
zodiac,6
zodiacal,8
zoftig,6
zoic,4
zoisia,6
zola,4
zolaesque,9
zoloft,6
zomba,5
zombi,5
zombie,6
zona,4
zonal,5
zonary,6
zone,4
zoning,6
zonotrichia,11
zonula,6
zonule,6
zooerastia,10
zooerasty,9
zooflagellate,13
zooid,5
zoolatry,8
zoological,10
zoologist,9
zoology,7
zoom,4
zoomastigina,12
zoomastigote,12
zoomorphism,11
zoonosis,8
zoonotic,8
zoophagous,10
zoophilia,9
zoophilism,10
zoophobia,9
zoophyte,8
zooplankton,11
zoopsia,7
zoospore,8
zootoxin,8
zori,4
zoril,5
zoroaster,9
zoroastrian,11
zoroastrianism,14
zoster,6
zostera,7
zosteraceae,11
zovirax,7
zoysia,6
zsigmondy,9
zubird,6
zucchini,8
zukerman,8
zulu,4
zuni,4
zurich,6
zurvan,6
zurvanism,9
zweig,5
zwieback,8
zwingli,7
zworykin,8
zydeco,6
zygnema,7
zygnemales,10
zygnemataceae,13
zygnematales,12
zygocactus,10
zygodactyl,10
zygoma,6
zygomatic,9
zygomorphic,11
zygomorphous,12
zygomycetes,11
zygomycota,10
zygomycotina,12
zygophyllaceae,14
zygophyllum,11
zygoptera,9
zygospore,9
zygote,6
zygotene,8
zygotic,7
zyloprim,8
zymase,6
zymogen,7
zymoid,6
zymology,8
zymolysis,9
zymolytic,9
zymosis,7
zymotic,7
zymurgy,7
zyrian,6
